mode,video,repeat,frame,frame_gap,source_fps,budget_ms,decode_ms,queue_ms,preprocess_ms,flow_ms,postprocess_ms,preview_ms,processing_ms,end_to_end_ms,processing_deadline_miss,end_to_end_deadline_miss,raw_in_flux,raw_out_flux,filtered_in_flux,filtered_out_flux,raw_candidate_pixels,filtered_candidate_pixels
offline,ANU-25-summer-14_20260816_140000.mp4,1,49,1,24.0,41.666666666666664,11.837238,0.0,1.613664,309.279196,34.227599,0.0,345.12045900000004,356.95769700000005,True,True,2706.918701171875,9639.087890625,1847.29833984375,7779.0947265625,8099,5468
offline,ANU-25-summer-14_20260816_140000.mp4,1,50,1,24.0,41.666666666666664,17.589479,0.0,1.581776,319.751044,38.047106,0.0,359.37992599999995,376.96940499999994,True,True,1730.1749267578125,7073.32080078125,805.7086181640625,5026.798828125,6500,3576
offline,ANU-25-summer-14_20260816_140000.mp4,1,51,1,24.0,41.666666666666664,11.579889,0.0,1.436723,314.622572,51.448861,0.0,367.508156,379.08804499999997,True,True,6115.43115234375,8078.6376953125,5175.83154296875,7032.94287109375,9134,7175
offline,ANU-25-summer-14_20260816_140000.mp4,1,52,1,24.0,41.666666666666664,10.993341,0.0,1.216226,320.610977,42.331033,0.0,364.158236,375.151577,True,True,8957.990234375,8547.0439453125,7507.7958984375,5937.2314453125,11249,7889
offline,ANU-25-summer-14_20260816_140000.mp4,1,53,1,24.0,41.666666666666664,11.11358,0.0,1.479278,313.512753,39.953712,0.0,354.945743,366.059323,True,True,7014.2626953125,16064.9189453125,4086.150634765625,11827.12109375,12230,7412
offline,ANU-25-summer-14_20260816_140000.mp4,1,54,1,24.0,41.666666666666664,12.141678,0.0,1.783978,310.3832,37.707482,0.0,349.87465999999995,362.01633799999996,True,True,6816.1201171875,12624.427734375,6310.6640625,11959.560546875,10312,9183
offline,ANU-25-summer-14_20260816_140000.mp4,1,55,1,24.0,41.666666666666664,17.333945,0.0,1.309002,319.596805,42.949136,0.0,363.85494300000005,381.188888,True,True,5302.9365234375,11161.072265625,3647.872314453125,10292.9150390625,11473,8877
offline,ANU-25-summer-14_20260816_140000.mp4,1,56,1,24.0,41.666666666666664,10.920583,0.0,1.264836,312.958279,40.199357,0.0,354.422472,365.34305500000005,True,True,5084.6220703125,7880.52685546875,3635.537109375,6925.44091796875,9601,7123
offline,ANU-25-summer-14_20260816_140000.mp4,1,57,1,24.0,41.666666666666664,11.416243,0.0,1.527073,316.288052,43.939346,0.0,361.75447099999997,373.170714,True,True,2669.05810546875,8666.0673828125,1020.7177734375,7701.78759765625,8726,5918
offline,ANU-25-summer-14_20260816_140000.mp4,1,58,1,24.0,41.666666666666664,18.986387,0.0,1.482648,315.211436,39.779325,0.0,356.47340899999995,375.4597959999999,True,True,2529.35302734375,10338.6279296875,1409.0762939453125,9011.8544921875,10037,7547
offline,ANU-25-summer-14_20260816_140000.mp4,1,59,1,24.0,41.666666666666664,11.292448,0.0,1.479462,313.823972,36.245722,0.0,351.54915600000004,362.841604,True,True,4296.49755859375,11659.1904296875,2561.7529296875,9516.634765625,11079,7747
offline,ANU-25-summer-14_20260816_140000.mp4,1,60,1,24.0,41.666666666666664,17.276354,0.0,1.204299,324.905831,40.273579,0.0,366.38370899999995,383.660063,True,True,3684.331787109375,5206.43994140625,3093.394287109375,4965.65185546875,7471,6610
offline,ANU-25-summer-14_20260816_140000.mp4,1,61,1,24.0,41.666666666666664,12.20177,0.0,1.895624,312.800652,40.150654,0.0,354.84693000000004,367.04870000000005,True,True,10194.7236328125,4070.743408203125,9591.7158203125,3252.3125,10144,8456
offline,ANU-25-summer-14_20260816_140000.mp4,1,62,1,24.0,41.666666666666664,11.416354,0.0,1.675108,312.024181,42.482976,0.0,356.18226500000003,367.59861900000004,True,True,10778.40234375,4993.3291015625,9315.171875,3993.7666015625,10136,7799
offline,ANU-25-summer-14_20260816_140000.mp4,1,63,1,24.0,41.666666666666664,11.749665,0.0,1.426074,311.982311,36.167445,0.0,349.57583,361.325495,True,True,9556.4619140625,4450.18798828125,6936.552734375,2790.19140625,10347,6647
offline,ANU-25-summer-14_20260816_140000.mp4,1,64,1,24.0,41.666666666666664,11.799238,0.0,1.453278,309.947189,35.18581,0.0,346.586277,358.385515,True,True,10008.939453125,5593.4072265625,8673.2734375,4059.49609375,8283,5987
offline,ANU-25-summer-14_20260816_140000.mp4,1,65,1,24.0,41.666666666666664,18.176768,0.0,1.475944,319.330161,38.560304,0.0,359.366409,377.54317699999996,True,True,3695.0888671875,5224.93408203125,2425.701171875,2429.47705078125,7261,3973
offline,ANU-25-summer-14_20260816_140000.mp4,1,66,1,24.0,41.666666666666664,11.764553,0.0,1.705867,312.146106,36.677198,0.0,350.52917099999996,362.29372399999994,True,True,6031.056640625,5496.47021484375,4781.58349609375,4320.80029296875,8464,6099
offline,ANU-25-summer-14_20260816_140000.mp4,1,67,1,24.0,41.666666666666664,11.652203,0.0,1.44087,312.745302,38.094828,0.0,352.281,363.933203,True,True,9827.638671875,3938.723388671875,7663.0224609375,2838.3046875,9053,5506
offline,ANU-25-summer-14_20260816_140000.mp4,1,68,1,24.0,41.666666666666664,11.626759,0.0,1.316261,313.737067,34.410191,0.0,349.463519,361.090278,True,True,8246.185546875,1512.20654296875,5986.87939453125,707.0791015625,6992,4128
offline,ANU-25-summer-14_20260816_140000.mp4,1,69,1,24.0,41.666666666666664,11.460539,0.0,1.75807,310.56433,30.931142,0.0,343.253542,354.71408099999996,True,True,5716.82421875,3013.8955078125,3151.378662109375,1316.9989013671875,7239,3537
offline,ANU-25-summer-14_20260816_140000.mp4,1,70,1,24.0,41.666666666666664,18.046344,0.0,1.522184,340.090027,42.418329,0.0,384.03054,402.07688399999995,True,True,6338.2197265625,5386.669921875,4247.75146484375,2636.47509765625,8367,4475
offline,ANU-25-summer-14_20260816_140000.mp4,1,71,1,24.0,41.666666666666664,11.491057,0.0,1.532832,323.858179,41.872058,0.0,367.263069,378.754126,True,True,6882.95654296875,4861.16943359375,5601.50634765625,1843.5732421875,9540,5918
offline,ANU-25-summer-14_20260816_140000.mp4,1,72,1,24.0,41.666666666666664,11.421892,0.0,1.316243,314.512039,40.442428,0.0,356.27071,367.692602,True,True,6381.591796875,5112.11328125,5375.697265625,3729.44970703125,8531,6522
offline,ANU-25-summer-14_20260816_140000.mp4,1,73,1,24.0,41.666666666666664,11.034933,0.0,1.608868,313.415572,35.606934,0.0,350.631374,361.666307,True,True,4784.380859375,6222.47900390625,2390.107421875,4602.64453125,8434,5079
offline,ANU-25-summer-14_20260816_140000.mp4,1,74,1,24.0,41.666666666666664,11.608,0.0,1.846236,310.803439,36.633125,0.0,349.2828,360.8908,True,True,7718.30859375,3702.81982421875,5178.4853515625,2801.016357421875,9351,5957
offline,ANU-25-summer-14_20260816_140000.mp4,1,75,1,24.0,41.666666666666664,17.610961,0.0,1.302039,321.76515,37.748055,0.0,360.815244,378.426205,True,True,10492.7333984375,5768.89208984375,7179.5009765625,3308.311279296875,11057,6357
offline,ANU-25-summer-14_20260816_140000.mp4,1,76,1,24.0,41.666666666666664,11.214468,0.0,1.291317,312.376771,42.864712,0.0,356.5328,367.747268,True,True,7284.666015625,7289.66650390625,5354.234375,5698.2646484375,10365,7342
offline,ANU-25-summer-14_20260816_140000.mp4,1,77,1,24.0,41.666666666666664,10.946583,0.0,1.629739,315.19592,40.01423,0.0,356.83988899999997,367.78647199999995,True,True,5032.0439453125,8158.76904296875,3926.40673828125,4584.755859375,11335,6023
offline,ANU-25-summer-14_20260816_140000.mp4,1,78,1,24.0,41.666666666666664,11.234024,0.0,1.691867,315.375899,40.914811,0.0,357.982577,369.21660099999997,True,True,7181.77978515625,7830.9697265625,5145.13037109375,5376.0068359375,12391,8065
offline,ANU-25-summer-14_20260816_140000.mp4,1,79,1,24.0,41.666666666666664,12.123956,0.0,1.540851,309.69562,39.502273,0.0,350.738744,362.8627,True,True,6175.53125,11875.333984375,3661.12109375,10315.5634765625,13006,9784
offline,ANU-25-summer-14_20260816_140000.mp4,1,80,1,24.0,41.666666666666664,17.040504,0.0,1.288687,331.620118,40.288467,0.0,373.197272,390.237776,True,True,5286.58935546875,8491.50390625,4266.2216796875,7885.0927734375,8807,6905
offline,ANU-25-summer-14_20260816_140000.mp4,1,81,1,24.0,41.666666666666664,11.507928,0.0,1.589998,312.582472,41.309768,0.0,355.482238,366.990166,True,True,5005.20458984375,9799.7373046875,2839.748046875,7418.86181640625,11025,6631
offline,ANU-25-summer-14_20260816_140000.mp4,1,82,1,24.0,41.666666666666664,11.841849,0.0,1.690311,311.981666,42.671937,0.0,356.34391400000004,368.18576300000007,True,True,4616.59521484375,12247.7978515625,3551.77685546875,10394.462890625,11253,8370
offline,ANU-25-summer-14_20260816_140000.mp4,1,83,1,24.0,41.666666666666664,14.93492,0.0,1.268391,311.494079,37.112934,0.0,349.875404,364.810324,True,True,3922.32177734375,9800.47265625,3633.31982421875,8464.5537109375,8779,7214
offline,ANU-25-summer-14_20260816_140000.mp4,1,84,1,24.0,41.666666666666664,11.668759,0.0,1.39676,309.109943,34.279248,0.0,344.78595099999995,356.45471,True,True,2177.4599609375,11085.8369140625,1772.344482421875,9844.0888671875,7846,6331
offline,ANU-25-summer-14_20260816_140000.mp4,1,85,1,24.0,41.666666666666664,17.267391,0.0,1.231485,319.525607,41.030846,0.0,361.787938,379.055329,True,True,3302.114013671875,11238.8271484375,2435.36083984375,8704.9033203125,9605,6538
offline,ANU-25-summer-14_20260816_140000.mp4,1,86,1,24.0,41.666666666666664,14.614758,0.0,1.620387,310.644738,35.665693,0.0,347.930818,362.545576,True,True,2899.98388671875,7104.9404296875,1669.31298828125,6087.5185546875,7178,4745
offline,ANU-25-summer-14_20260816_140000.mp4,1,87,1,24.0,41.666666666666664,14.107986,0.0,5.238007,311.407229,40.788942,0.0,357.434178,371.54216399999996,True,True,5669.6162109375,11264.794921875,3375.57763671875,9022.435546875,11783,7312
offline,ANU-25-summer-14_20260816_140000.mp4,1,88,1,24.0,41.666666666666664,10.60355,0.0,1.35802,312.819008,34.423616,0.0,348.600644,359.204194,True,True,4725.2919921875,7689.5087890625,3626.697998046875,5556.1044921875,8570,5363
offline,ANU-25-summer-14_20260816_140000.mp4,1,89,1,24.0,41.666666666666664,15.609893,0.0,1.510481,316.598033,43.397057,0.0,361.50557100000003,377.11546400000003,True,True,6353.83984375,5605.103515625,5109.29541015625,4210.81982421875,8988,6528
offline,ANU-25-summer-14_20260816_140000.mp4,1,90,1,24.0,41.666666666666664,17.488813,0.0,1.301132,329.423815,40.873608,0.0,371.598555,389.08736799999997,True,True,6851.0595703125,5562.1796875,4042.931640625,3570.3984375,11397,6774
offline,ANU-25-summer-14_20260816_140000.mp4,1,91,1,24.0,41.666666666666664,11.748146,0.0,1.71083,314.660706,39.728327,0.0,356.09986299999997,367.848009,True,True,8878.2177734375,6956.146484375,6498.16015625,5141.76171875,12580,8324
offline,ANU-25-summer-14_20260816_140000.mp4,1,92,1,24.0,41.666666666666664,11.483427,0.0,1.514999,312.159257,42.079186,0.0,355.753442,367.236869,True,True,11184.91796875,4168.39599609375,9144.41015625,3335.765625,10937,8537
offline,ANU-25-summer-14_20260816_140000.mp4,1,93,1,24.0,41.666666666666664,12.329361,0.0,1.406796,313.19317,37.092008,0.0,351.691974,364.021335,True,True,13443.533203125,6683.2724609375,11913.3046875,5130.68310546875,9609,6807
offline,ANU-25-summer-14_20260816_140000.mp4,1,94,1,24.0,41.666666666666664,12.041013,0.0,1.774829,309.935933,37.652353,0.0,349.363115,361.404128,True,True,12471.3583984375,4798.3564453125,10146.0419921875,2788.8984375,10549,7441
offline,ANU-25-summer-14_20260816_140000.mp4,1,95,1,24.0,41.666666666666664,17.526629,0.0,1.544462,319.393331,40.643056,0.0,361.580849,379.107478,True,True,14016.828125,5982.13037109375,13092.2470703125,4424.53466796875,9497,7337
offline,ANU-25-summer-14_20260816_140000.mp4,1,96,1,24.0,41.666666666666664,11.410947,0.0,1.496518,311.351713,35.83782,0.0,348.686051,360.09699800000004,True,True,5596.2392578125,2748.4130859375,3472.9365234375,1747.558349609375,7378,4106
offline,ANU-25-summer-14_20260816_140000.mp4,1,97,1,24.0,41.666666666666664,13.159443,0.0,1.352983,313.653757,42.363663,0.0,357.370403,370.529846,True,True,8631.275390625,6225.2275390625,7559.28857421875,5318.79296875,9854,7690
offline,ANU-25-summer-14_20260816_140000.mp4,1,98,1,24.0,41.666666666666664,11.693276,0.0,1.697201,312.697751,41.450879,0.0,355.845831,367.539107,True,True,13770.103515625,4406.45263671875,11261.3759765625,3653.751953125,11872,8948
offline,ANU-25-summer-14_20260816_140000.mp4,1,99,1,24.0,41.666666666666664,12.316787,0.0,1.770848,310.772424,40.45378,0.0,352.997052,365.313839,True,True,13634.0654296875,7932.9296875,11304.390625,5857.515625,12642,8995
offline,ANU-25-summer-14_20260816_140000.mp4,1,100,1,24.0,41.666666666666664,16.997079,0.0,1.585646,320.594039,41.176067,0.0,363.355752,380.352831,True,True,6419.7021484375,12813.84375,4955.13037109375,11367.15234375,11005,8274
offline,ANU-25-summer-14_20260816_140000.mp4,1,101,1,24.0,41.666666666666664,11.625167,0.0,1.384612,312.696566,41.706301,0.0,355.787479,367.412646,True,True,12619.08203125,11674.236328125,11285.1416015625,10870.962890625,11917,10145
offline,ANU-25-summer-14_20260816_140000.mp4,1,102,1,24.0,41.666666666666664,13.252682,0.0,1.4495,312.269905,39.985508,0.0,353.704913,366.95759499999997,True,True,5549.56396484375,10612.59375,3217.42529296875,9028.576171875,11428,8182
offline,ANU-25-summer-14_20260816_140000.mp4,1,103,1,24.0,41.666666666666664,11.732535,0.0,1.668998,313.73772,41.754652,0.0,357.16137000000003,368.893905,True,True,4501.88671875,11216.599609375,3487.817626953125,10255.716796875,10821,9162
offline,ANU-25-summer-14_20260816_140000.mp4,1,104,1,24.0,41.666666666666664,11.945884,0.0,1.642886,310.017656,37.581076,0.0,349.24161799999996,361.18750199999994,True,True,4777.85498046875,11402.208984375,3958.115966796875,9830.77734375,11642,9282
offline,ANU-25-summer-14_20260816_140000.mp4,1,105,1,24.0,41.666666666666664,21.237526,0.0,1.224651,320.223767,41.178604,0.0,362.627022,383.864548,True,True,6556.1884765625,6941.36572265625,4881.17822265625,5530.42578125,10161,7176
offline,ANU-25-summer-14_20260816_140000.mp4,1,106,1,24.0,41.666666666666664,15.735521,0.0,1.344298,311.472638,39.455219,0.0,352.272155,368.007676,True,True,6169.3759765625,9932.5146484375,4254.248046875,9623.8525390625,11046,9032
offline,ANU-25-summer-14_20260816_140000.mp4,1,107,1,24.0,41.666666666666664,11.766368,0.0,1.668812,311.861374,39.198129,0.0,352.728315,364.494683,True,True,8997.537109375,7000.1484375,7514.5205078125,5069.51611328125,10755,7644
offline,ANU-25-summer-14_20260816_140000.mp4,1,108,1,24.0,41.666666666666664,11.519391,0.0,1.495795,321.26055,48.571955,0.0,371.3283,382.847691,True,True,4859.76806640625,7866.27880859375,3680.001953125,5312.5390625,11596,7748
offline,ANU-25-summer-14_20260816_140000.mp4,1,109,1,24.0,41.666666666666664,13.364255,0.0,1.953327,316.091283,34.769242,0.0,352.813852,366.178107,True,True,6010.75244140625,5501.5126953125,3682.691650390625,4150.109375,8260,5401
offline,ANU-25-summer-14_20260816_140000.mp4,1,110,1,24.0,41.666666666666664,19.495362,0.0,1.530796,320.131176,42.893656,0.0,364.555628,384.05099,True,True,6257.9990234375,6518.9833984375,5513.494140625,4893.68017578125,10610,8018
offline,ANU-25-summer-14_20260816_140000.mp4,1,111,1,24.0,41.666666666666664,13.681418,0.0,1.277688,311.079014,38.532842,0.0,350.889544,364.570962,True,True,8531.4599609375,6256.552734375,7309.392578125,4703.5224609375,9518,6687
offline,ANU-25-summer-14_20260816_140000.mp4,1,112,1,24.0,41.666666666666664,11.194894,0.0,1.487722,312.840566,41.598191,0.0,355.92647900000003,367.121373,True,True,10846.3193359375,2618.1279296875,9373.6298828125,2074.8486328125,8028,6306
offline,ANU-25-summer-14_20260816_140000.mp4,1,113,1,24.0,41.666666666666664,11.443187,0.0,1.539184,312.806289,39.724623,0.0,354.070096,365.513283,True,True,4883.5849609375,7422.0732421875,2886.05126953125,6379.8095703125,9273,6205
offline,ANU-25-summer-14_20260816_140000.mp4,1,114,1,24.0,41.666666666666664,12.154456,0.0,1.812329,310.068639,36.873215,0.0,348.754183,360.908639,True,True,11473.81640625,7419.64453125,8249.8486328125,5365.9091796875,11347,7359
offline,ANU-25-summer-14_20260816_140000.mp4,1,115,1,24.0,41.666666666666664,17.344057,0.0,1.238503,319.178429,40.23219,0.0,360.649122,377.993179,True,True,8506.0556640625,5931.87060546875,5520.7333984375,3801.395263671875,10076,5993
offline,ANU-25-summer-14_20260816_140000.mp4,1,116,1,24.0,41.666666666666664,11.079303,0.0,1.469962,312.107057,36.871566,0.0,350.448585,361.52788799999996,True,True,5123.43994140625,8772.5029296875,3433.896484375,6972.82958984375,7953,4839
offline,ANU-25-summer-14_20260816_140000.mp4,1,117,1,24.0,41.666666666666664,11.466095,0.0,1.622961,311.276197,40.886923,0.0,353.786081,365.252176,True,True,5916.66162109375,7566.34765625,4042.415283203125,6640.68310546875,9853,7035
offline,ANU-25-summer-14_20260816_140000.mp4,1,118,1,24.0,41.666666666666664,11.463021,0.0,1.729941,313.799572,37.991775,0.0,353.521288,364.98430900000005,True,True,9219.4794921875,8984.060546875,7826.9453125,5864.46728515625,11758,7714
offline,ANU-25-summer-14_20260816_140000.mp4,1,119,1,24.0,41.666666666666664,12.200751,0.0,1.594183,309.868827,36.782457,0.0,348.245467,360.44621800000004,True,True,7924.4228515625,6747.052734375,6841.095703125,4870.45654296875,9969,7232
offline,ANU-25-summer-14_20260816_140000.mp4,1,120,1,24.0,41.666666666666664,17.187985,0.0,1.557961,319.953921,42.940452,0.0,364.45233399999995,381.640319,True,True,11115.3291015625,9986.177734375,7875.4052734375,7473.6572265625,13076,8922
offline,ANU-25-summer-14_20260816_140000.mp4,1,121,1,24.0,41.666666666666664,11.60763,0.0,1.590073,311.79558,41.848966,0.0,355.234619,366.84224900000004,True,True,6025.50341796875,11626.72265625,4670.396484375,10210.271484375,12017,9250
offline,ANU-25-summer-14_20260816_140000.mp4,1,122,1,24.0,41.666666666666664,11.755332,0.0,1.838236,311.369956,44.411434,0.0,357.619626,369.374958,True,True,5578.9912109375,6889.57666015625,4257.93896484375,5915.88671875,10758,8432
offline,ANU-25-summer-14_20260816_140000.mp4,1,123,1,24.0,41.666666666666664,11.796998,0.0,1.268965,312.416239,40.85435,0.0,354.539554,366.336552,True,True,9903.60546875,13486.376953125,6545.1044921875,10670.671875,13421,8663
offline,ANU-25-summer-14_20260816_140000.mp4,1,124,1,24.0,41.666666666666664,12.15753,0.0,1.687497,310.365839,36.029078,0.0,348.08241399999997,360.239944,True,True,3527.98193359375,9179.7744140625,2686.670654296875,6669.966796875,11378,8089
offline,ANU-25-summer-14_20260816_140000.mp4,1,125,1,24.0,41.666666666666664,17.539665,0.0,1.491759,318.954563,41.021533,0.0,361.467855,379.00752,True,True,8245.431640625,7737.73291015625,6000.560546875,6381.47607421875,11545,7922
offline,ANU-25-summer-14_20260816_140000.mp4,1,126,1,24.0,41.666666666666664,12.040051,0.0,1.747811,311.671823,37.588151,0.0,351.007785,363.047836,True,True,5454.2255859375,8137.455078125,4401.25,7073.8896484375,10233,8038
offline,ANU-25-summer-14_20260816_140000.mp4,1,127,1,24.0,41.666666666666664,13.47968,0.0,2.749298,328.36287,48.381402,0.0,379.49357,392.97324999999995,True,True,9091.205078125,10291.521484375,7693.18701171875,8718.046875,12743,9608
offline,ANU-25-summer-14_20260816_140000.mp4,1,128,1,24.0,41.666666666666664,14.645277,0.0,1.903661,313.516634,38.013034,0.0,353.433329,368.07860600000004,True,True,4810.9091796875,7934.34228515625,3858.75439453125,6286.8359375,9124,6623
offline,ANU-25-summer-14_20260816_140000.mp4,1,129,1,24.0,41.666666666666664,12.243585,0.0,1.780459,309.534406,32.612103,0.0,343.926968,356.170553,True,True,7715.58837890625,5739.90185546875,6583.69873046875,4436.3603515625,9091,6736
offline,ANU-25-summer-14_20260816_140000.mp4,1,130,1,24.0,41.666666666666664,17.54572,0.0,1.543702,319.255838,40.946941,0.0,361.74648099999996,379.292201,True,True,14222.7685546875,5858.455078125,11668.0849609375,4203.2822265625,12458,8577
offline,ANU-25-summer-14_20260816_140000.mp4,1,131,1,24.0,41.666666666666664,12.939724,0.0,1.293076,313.334303,41.550896,0.0,356.178275,369.117999,True,True,14659.8515625,4718.8310546875,13792.4609375,2459.00146484375,13423,10435
offline,ANU-25-summer-14_20260816_140000.mp4,1,132,1,24.0,41.666666666666664,11.834146,0.0,1.679108,312.986252,40.862146,0.0,355.52750599999996,367.36165199999994,True,True,9073.740234375,9291.900390625,7338.92041015625,5154.4912109375,12087,7889
offline,ANU-25-summer-14_20260816_140000.mp4,1,133,1,24.0,41.666666666666664,11.884034,0.0,1.730441,312.34613,41.459768,0.0,355.536339,367.420373,True,True,9252.18359375,15285.158203125,6666.884765625,14033.2109375,13857,10496
offline,ANU-25-summer-14_20260816_140000.mp4,1,134,1,24.0,41.666666666666664,12.044253,0.0,1.849273,310.310471,36.922752,0.0,349.082496,361.126749,True,True,15837.916015625,15217.44921875,12853.0546875,13325.138671875,14990,10817
offline,ANU-25-summer-14_20260816_140000.mp4,1,135,1,24.0,41.666666666666664,16.775953,0.0,1.336427,320.24553,44.277917,0.0,365.859874,382.635827,True,True,10214.0927734375,6441.5966796875,7611.287109375,5804.564453125,12331,9102
offline,ANU-25-summer-14_20260816_140000.mp4,1,136,1,24.0,41.666666666666664,11.505575,0.0,1.741811,313.829038,40.580372,0.0,356.151221,367.65679600000004,True,True,12571.6357421875,10964.216796875,10758.685546875,8051.66455078125,12758,9264
offline,ANU-25-summer-14_20260816_140000.mp4,1,137,1,24.0,41.666666666666664,11.651296,0.0,1.724182,313.340155,45.601456,0.0,360.66579299999995,372.31708899999995,True,True,7091.64794921875,15312.8642578125,6695.5029296875,12507.3115234375,14343,11342
offline,ANU-25-summer-14_20260816_140000.mp4,1,138,1,24.0,41.666666666666664,11.553297,0.0,1.909291,313.578819,43.710851,0.0,359.198961,370.752258,True,True,8181.57177734375,11462.8720703125,6189.13232421875,9951.6298828125,15401,12052
offline,ANU-25-summer-14_20260816_140000.mp4,1,139,1,24.0,41.666666666666664,14.985883,0.0,6.915357,311.001852,39.15413,0.0,357.07133899999997,372.05722199999997,True,True,9164.7294921875,9425.390625,8597.462890625,8579.955078125,13269,11673
offline,ANU-25-summer-14_20260816_140000.mp4,1,140,1,24.0,41.666666666666664,17.535555,0.0,1.889939,322.50952,42.96636,0.0,367.36581900000004,384.90137400000003,True,True,6110.20703125,10554.349609375,4617.25634765625,9087.0234375,11346,8650
offline,ANU-25-summer-14_20260816_140000.mp4,1,141,1,24.0,41.666666666666664,11.705536,0.0,1.363982,312.896883,43.176858,0.0,357.437723,369.143259,True,True,7256.0078125,11307.943359375,6674.15234375,10617.3349609375,11890,10574
offline,ANU-25-summer-14_20260816_140000.mp4,1,142,1,24.0,41.666666666666664,11.315411,0.0,1.383779,311.669159,43.65087,0.0,356.703808,368.01921899999996,True,True,2836.19677734375,11963.0244140625,2294.9541015625,9963.7763671875,11430,8983
offline,ANU-25-summer-14_20260816_140000.mp4,1,143,1,24.0,41.666666666666664,10.661383,0.0,1.341279,312.23454,37.372486,0.0,350.94830499999995,361.60968799999995,True,True,3253.67529296875,9569.1796875,1976.044677734375,7575.92333984375,8955,6121
offline,ANU-25-summer-14_20260816_140000.mp4,1,144,1,24.0,41.666666666666664,12.015662,0.0,1.49874,309.852034,34.067159,0.0,345.417933,357.433595,True,True,2392.5859375,11280.4599609375,2249.548828125,10143.076171875,8340,7198
offline,ANU-25-summer-14_20260816_140000.mp4,1,145,1,24.0,41.666666666666664,17.362261,0.0,1.261928,319.504282,50.056603,0.0,370.822813,388.185074,True,True,2911.17724609375,8824.0986328125,2259.13818359375,6604.51953125,9881,7217
offline,ANU-25-summer-14_20260816_140000.mp4,1,146,1,24.0,41.666666666666664,11.602537,0.0,1.43363,323.249993,37.397282,0.0,362.08090500000003,373.683442,True,True,4553.1064453125,5723.5263671875,3893.947509765625,4339.9169921875,7023,5178
offline,ANU-25-summer-14_20260816_140000.mp4,1,147,1,24.0,41.666666666666664,12.051717,0.0,1.208281,314.057388,42.73653,0.0,358.002199,370.053916,True,True,5131.451171875,11151.71484375,4482.62451171875,7268.34619140625,13348,8648
offline,ANU-25-summer-14_20260816_140000.mp4,1,148,1,24.0,41.666666666666664,11.473502,0.0,1.43026,313.589616,41.718505,0.0,356.73838099999995,368.21188299999994,True,True,7159.1455078125,14033.88671875,4361.78271484375,12011.498046875,12462,8791
offline,ANU-25-summer-14_20260816_140000.mp4,1,149,1,24.0,41.666666666666664,12.007014,0.0,1.50361,310.016513,38.60086,0.0,350.12098299999997,362.127997,True,True,11016.908203125,8860.9296875,8172.27294921875,8167.97998046875,11539,8540
offline,ANU-25-summer-14_20260816_140000.mp4,1,150,1,24.0,41.666666666666664,20.377444,0.0,1.385445,319.716316,44.004236,0.0,365.105997,385.483441,True,True,10952.95703125,5708.419921875,10523.943359375,4538.24609375,10010,8561
offline,ANU-25-summer-14_20260816_140000.mp4,1,151,1,24.0,41.666666666666664,12.558544,0.0,1.267113,313.093568,40.303394,0.0,354.664075,367.222619,True,True,7473.5234375,14373.453125,3574.63232421875,12129.79296875,13275,8788
offline,ANU-25-summer-14_20260816_140000.mp4,1,152,1,24.0,41.666666666666664,11.43178,0.0,1.446352,312.579852,44.547507,0.0,358.573711,370.005491,True,True,7881.26220703125,9833.0458984375,7323.1787109375,8978.990234375,11512,10060
offline,ANU-25-summer-14_20260816_140000.mp4,1,153,1,24.0,41.666666666666664,11.514205,0.0,1.399186,313.305362,43.360355,0.0,358.06490299999996,369.57910799999996,True,True,10178.95703125,14460.45703125,8875.2783203125,12695.1669921875,13732,11588
offline,ANU-25-summer-14_20260816_140000.mp4,1,154,1,24.0,41.666666666666664,12.131956,0.0,1.564165,310.101365,39.105039,0.0,350.77056899999997,362.90252499999997,True,True,4642.265625,11753.1328125,4066.6064453125,10033.62109375,11128,9242
offline,ANU-25-summer-14_20260816_140000.mp4,1,155,1,24.0,41.666666666666664,17.529665,0.0,1.339817,320.50414,41.536212,0.0,363.38016899999997,380.909834,True,True,7830.4619140625,6154.88330078125,6250.703125,5260.3359375,10707,7942
offline,ANU-25-summer-14_20260816_140000.mp4,1,156,1,24.0,41.666666666666664,11.775554,0.0,1.499518,314.720325,44.883281,0.0,361.10312400000004,372.87867800000004,True,True,11590.4453125,9349.763671875,10122.17578125,6533.3681640625,13905,10138
offline,ANU-25-summer-14_20260816_140000.mp4,1,157,1,24.0,41.666666666666664,11.788406,0.0,1.385464,314.361885,41.966096,0.0,357.713445,369.501851,True,True,9132.259765625,9240.951171875,7745.24169921875,8168.576171875,11345,9027
offline,ANU-25-summer-14_20260816_140000.mp4,1,158,1,24.0,41.666666666666664,11.237505,0.0,1.31902,313.723357,40.183673,0.0,355.22605000000004,366.46355500000004,True,True,12115.6396484375,6077.75,11065.810546875,5196.388671875,10833,9014
offline,ANU-25-summer-14_20260816_140000.mp4,1,159,1,24.0,41.666666666666664,11.506335,0.0,1.405852,310.954965,39.465239,0.0,351.826056,363.332391,True,True,21375.90234375,6559.736328125,17109.75,5247.6357421875,14806,10633
offline,ANU-25-summer-14_20260816_140000.mp4,1,160,1,24.0,41.666666666666664,17.641979,0.0,1.322706,320.839229,42.981527,0.0,365.143462,382.785441,True,True,15352.1318359375,8936.5439453125,12430.783203125,7392.095703125,14440,10424
offline,ANU-25-summer-14_20260816_140000.mp4,1,161,1,24.0,41.666666666666664,11.77609,0.0,1.429611,313.080439,40.776444,0.0,355.28649400000006,367.0625840000001,True,True,16991.61328125,12460.478515625,14796.228515625,9750.1044921875,16385,12075
offline,ANU-25-summer-14_20260816_140000.mp4,1,162,1,24.0,41.666666666666664,11.697573,0.0,1.450334,313.061328,42.074094,0.0,356.585756,368.283329,True,True,8766.810546875,10792.30078125,7675.89013671875,9885.029296875,12375,10415
offline,ANU-25-summer-14_20260816_140000.mp4,1,163,1,24.0,41.666666666666664,11.475743,0.0,1.276651,312.851386,39.883196,0.0,354.011233,365.486976,True,True,10810.353515625,7459.3134765625,9964.1318359375,5119.388671875,10955,8258
offline,ANU-25-summer-14_20260816_140000.mp4,1,164,1,24.0,41.666666666666664,16.069666,0.0,1.465037,317.899341,42.355202,0.0,361.71958,377.789246,True,True,7807.185546875,9610.966796875,6366.5302734375,8268.0263671875,11973,9328
offline,ANU-25-summer-14_20260816_140000.mp4,1,165,1,24.0,41.666666666666664,19.741305,0.0,1.561388,327.543515,41.952614,0.0,371.057517,390.79882200000003,True,True,7637.82421875,11683.095703125,6409.07568359375,9136.9951171875,11949,8854
offline,ANU-25-summer-14_20260816_140000.mp4,1,166,1,24.0,41.666666666666664,11.208543,0.0,1.505889,312.369097,38.621934,0.0,352.49692000000005,363.70546300000007,True,True,4003.640380859375,11103.12109375,2433.57568359375,9397.41015625,10911,7502
offline,ANU-25-summer-14_20260816_140000.mp4,1,167,1,24.0,41.666666666666664,11.961514,0.0,1.278206,313.686895,42.782955,0.0,357.748056,369.70957000000004,True,True,10442.0927734375,15346.716796875,8356.296875,13186.2734375,14586,10971
offline,ANU-25-summer-14_20260816_140000.mp4,1,168,1,24.0,41.666666666666664,11.68287,0.0,1.40626,313.649174,40.812758,0.0,355.868192,367.551062,True,True,10610.466796875,10694.9755859375,9951.4638671875,9360.02734375,11913,10043
offline,ANU-25-summer-14_20260816_140000.mp4,1,169,1,24.0,41.666666666666664,12.177327,0.0,1.571554,309.502486,36.081559,0.0,347.15559899999994,359.33292599999993,True,True,2535.12255859375,17718.12890625,1402.17529296875,15413.5126953125,12746,9733
offline,ANU-25-summer-14_20260816_140000.mp4,1,170,1,24.0,41.666666666666664,17.835143,0.0,1.403056,318.987347,38.829358,0.0,359.219761,377.054904,True,True,1223.67529296875,12655.484375,445.505615234375,10714.447265625,7930,5232
offline,ANU-25-summer-14_20260816_140000.mp4,1,171,1,24.0,41.666666666666664,11.545465,0.0,1.298372,312.688241,42.996804,0.0,356.983417,368.52888199999995,True,True,4762.24609375,14918.5439453125,3443.1083984375,11620.8232421875,12767,9113
offline,ANU-25-summer-14_20260816_140000.mp4,1,172,1,24.0,41.666666666666664,11.44228,0.0,1.385853,313.633544,43.498854,0.0,358.51825099999996,369.96053099999995,True,True,6063.57861328125,9768.19140625,4556.5126953125,8203.12890625,10361,7962
offline,ANU-25-summer-14_20260816_140000.mp4,1,173,1,24.0,41.666666666666664,11.281912,0.0,1.45363,311.95451,37.869555,0.0,351.277695,362.55960699999997,True,True,4366.33154296875,6066.38427734375,3128.1953125,5306.57763671875,8129,5914
offline,ANU-25-summer-14_20260816_140000.mp4,1,174,1,24.0,41.666666666666664,12.082032,0.0,1.58961,309.415839,34.301342,0.0,345.306791,357.388823,True,True,2460.408935546875,8709.154296875,1436.3907470703125,6680.0576171875,8116,5360
offline,ANU-25-summer-14_20260816_140000.mp4,1,175,1,24.0,41.666666666666664,16.461902,0.0,1.337279,321.047692,38.678767,0.0,361.063738,377.52564,True,True,4794.18359375,8218.7568359375,1220.9432373046875,7114.96875,9253,5847
offline,ANU-25-summer-14_20260816_140000.mp4,1,176,1,24.0,41.666666666666664,11.54939,0.0,1.444296,312.510559,35.911117,0.0,349.865972,361.415362,True,True,3995.863525390625,8515.3681640625,3299.5078125,5463.8125,9497,5794
offline,ANU-25-summer-14_20260816_140000.mp4,1,177,1,24.0,41.666666666666664,11.378189,0.0,1.36239,312.68415,41.023311,0.0,355.06985099999997,366.44804,True,True,5241.68017578125,10041.7919921875,4579.880859375,9312.013671875,9866,8616
offline,ANU-25-summer-14_20260816_140000.mp4,1,178,1,24.0,41.666666666666664,11.769517,0.0,1.529647,312.488578,33.077079,0.0,347.09530400000006,358.86482100000006,True,True,4072.407470703125,8664.9619140625,1070.457763671875,6915.955078125,8295,3849
offline,ANU-25-summer-14_20260816_140000.mp4,1,179,1,24.0,41.666666666666664,12.019051,0.0,1.621646,310.074387,35.86547,0.0,347.561503,359.580554,True,True,4933.9794921875,10103.033203125,1517.514404296875,8007.8251953125,11720,6764
offline,ANU-25-summer-14_20260816_140000.mp4,1,180,1,24.0,41.666666666666664,17.929346,0.0,1.352983,319.346361,41.180569,0.0,361.879913,379.809259,True,True,6936.9931640625,7268.236328125,4236.25244140625,6262.263671875,10876,7501
offline,ANU-25-summer-14_20260816_140000.mp4,1,181,1,24.0,41.666666666666664,11.936682,0.0,1.400872,312.050658,36.314852,0.0,349.766382,361.70306400000004,True,True,4245.529296875,5334.58154296875,3422.580078125,4475.77294921875,7308,5630
offline,ANU-25-summer-14_20260816_140000.mp4,1,182,1,24.0,41.666666666666664,11.820405,0.0,1.496314,311.381297,39.2465,0.0,352.12411099999997,363.94451599999996,True,True,6715.38623046875,9142.1005859375,5281.8876953125,6323.4033203125,9706,5925
offline,ANU-25-summer-14_20260816_140000.mp4,1,183,1,24.0,41.666666666666664,12.378454,0.0,5.275359,321.523335,49.521907,0.0,376.32060099999995,388.69905499999993,True,True,10160.5068359375,11209.3125,7829.1181640625,8490.548828125,13224,9189
offline,ANU-25-summer-14_20260816_140000.mp4,1,184,1,24.0,41.666666666666664,12.640283,0.0,1.817884,319.594582,36.610275,0.0,358.022741,370.663024,True,True,11908.140625,6050.51806640625,8589.0009765625,4279.517578125,12853,8145
offline,ANU-25-summer-14_20260816_140000.mp4,1,185,1,24.0,41.666666666666664,22.615342,0.0,1.322742,319.858892,43.403189,0.0,364.58482300000003,387.200165,True,True,11396.21484375,8065.7861328125,10502.37109375,6675.451171875,11364,9290
offline,ANU-25-summer-14_20260816_140000.mp4,1,186,1,24.0,41.666666666666664,17.947642,0.0,1.254225,312.400785,43.329764,0.0,356.984774,374.932416,True,True,7003.5830078125,10002.826171875,5530.40234375,8043.2197265625,12213,9335
offline,ANU-25-summer-14_20260816_140000.mp4,1,187,1,24.0,41.666666666666664,10.942176,0.0,1.612423,312.276378,41.93154,0.0,355.820341,366.762517,True,True,12464.07421875,4488.865234375,10510.91796875,2593.982421875,11840,8029
offline,ANU-25-summer-14_20260816_140000.mp4,1,188,1,24.0,41.666666666666664,11.616463,0.0,5.178786,313.373512,44.332918,0.0,362.885216,374.501679,True,True,12506.5458984375,3506.857666015625,11095.6220703125,2337.787109375,12377,9654
offline,ANU-25-summer-14_20260816_140000.mp4,1,189,1,24.0,41.666666666666664,12.177567,0.0,1.640553,310.406162,37.011066,0.0,349.057781,361.235348,True,True,6106.03955078125,6045.177734375,5244.9833984375,4215.8837890625,9199,6865
offline,ANU-25-summer-14_20260816_140000.mp4,1,190,1,24.0,41.666666666666664,17.863828,0.0,1.350964,319.430176,44.262456,0.0,365.043596,382.907424,True,True,8737.70703125,3328.835205078125,7271.72802734375,2130.9521484375,10511,7684
offline,ANU-25-summer-14_20260816_140000.mp4,1,191,1,24.0,41.666666666666664,11.247079,0.0,1.607979,312.387359,40.904146,0.0,354.89948400000003,366.146563,True,True,6513.1162109375,6426.98974609375,4575.72216796875,3449.182373046875,10895,6347
offline,ANU-25-summer-14_20260816_140000.mp4,1,192,1,24.0,41.666666666666664,11.074693,0.0,1.389945,313.247477,43.686462,0.0,358.323884,369.39857700000005,True,True,6899.2724609375,5225.8427734375,5392.42041015625,3719.6064453125,9449,6205
offline,ANU-25-summer-14_20260816_140000.mp4,1,193,1,24.0,41.666666666666664,11.493001,0.0,1.45313,313.158998,38.339716,0.0,352.951844,364.444845,True,True,8258.9853515625,5562.57177734375,5681.47021484375,2851.779296875,11319,6075
offline,ANU-25-summer-14_20260816_140000.mp4,1,194,1,24.0,41.666666666666664,11.21408,0.0,1.532481,310.512364,29.187962,0.0,341.232807,352.446887,True,True,3301.01123046875,5151.5908203125,1513.000244140625,3545.8974609375,6409,3016
offline,ANU-25-summer-14_20260816_140000.mp4,1,195,1,24.0,41.666666666666664,17.12506,0.0,1.670997,320.473257,40.253766,0.0,362.39802,379.52308,True,True,3576.89404296875,14866.548828125,1122.312744140625,11367.640625,11545,6403
offline,ANU-25-summer-14_20260816_140000.mp4,1,196,1,24.0,41.666666666666664,11.598556,0.0,1.446278,313.054333,40.578947,0.0,355.079558,366.678114,True,True,4345.9765625,12981.732421875,3241.014892578125,11228.95703125,12667,10160
offline,ANU-25-summer-14_20260816_140000.mp4,1,197,1,24.0,41.666666666666664,15.05879,0.0,1.385556,311.996346,41.588934,0.0,354.970836,370.029626,True,True,8440.025390625,10523.09375,5866.1708984375,8854.1708984375,12601,9320
offline,ANU-25-summer-14_20260816_140000.mp4,1,198,1,24.0,41.666666666666664,11.709277,0.0,1.47837,313.276608,42.706012,0.0,357.46099,369.17026699999997,True,True,6423.67626953125,9361.390625,4757.3251953125,8638.626953125,10735,8286
offline,ANU-25-summer-14_20260816_140000.mp4,1,199,1,24.0,41.666666666666664,12.633431,0.0,1.545295,310.598939,39.459869,0.0,351.604103,364.237534,True,True,10056.2587890625,11951.7431640625,7954.6591796875,11231.361328125,12709,10270
offline,ANU-25-summer-14_20260816_140000.mp4,1,200,1,24.0,41.666666666666664,17.7937,0.0,1.309668,320.626329,43.44167,0.0,365.377667,383.171367,True,True,8047.79931640625,10356.2900390625,5977.33349609375,8543.455078125,12515,9098
offline,ANU-25-summer-14_20260816_140000.mp4,1,201,1,24.0,41.666666666666664,11.294023,0.0,1.404594,312.509655,41.044349,0.0,354.958598,366.252621,True,True,5744.17138671875,10667.0322265625,5186.83154296875,8151.86328125,11129,8675
offline,ANU-25-summer-14_20260816_140000.mp4,1,202,1,24.0,41.666666666666664,11.622093,0.0,1.473314,323.130687,50.923537,0.0,375.52753800000005,387.14963100000006,True,True,3856.5283203125,9052.5732421875,3599.44287109375,6791.8232421875,9443,7184
offline,ANU-25-summer-14_20260816_140000.mp4,1,203,1,24.0,41.666666666666664,17.022061,0.0,1.393742,314.589869,42.042058,0.0,358.025669,375.04773,True,True,2766.599609375,9741.4375,2370.53173828125,7972.6884765625,11863,9349
offline,ANU-25-summer-14_20260816_140000.mp4,1,204,1,24.0,41.666666666666664,11.513316,0.0,1.468222,310.248128,33.397741,0.0,345.11409100000003,356.627407,True,True,6251.5048828125,5826.9140625,5849.12646484375,4595.724609375,8323,6568
offline,ANU-25-summer-14_20260816_140000.mp4,1,205,1,24.0,41.666666666666664,17.845032,0.0,1.307928,319.845692,37.995295,0.0,359.148915,376.993947,True,True,7053.0849609375,7001.66357421875,5879.61328125,4398.8759765625,10912,6834
offline,ANU-25-summer-14_20260816_140000.mp4,1,206,1,24.0,41.666666666666664,10.49907,0.0,1.398945,313.557809,37.842426,0.0,352.79918000000004,363.29825000000005,True,True,8711.734375,9980.017578125,7343.19580078125,8027.4248046875,11925,8705
offline,ANU-25-summer-14_20260816_140000.mp4,1,207,1,24.0,41.666666666666664,11.295504,0.0,1.486055,313.300701,40.497522,0.0,355.28427800000003,366.579782,True,True,6012.93701171875,10065.2080078125,4789.40576171875,7459.3896484375,10930,7978
offline,ANU-25-summer-14_20260816_140000.mp4,1,208,1,24.0,41.666666666666664,13.413533,0.0,1.38313,312.708079,39.740402,0.0,353.831611,367.245144,True,True,14421.1904296875,5916.32470703125,12141.2373046875,4127.458984375,13310,9644
offline,ANU-25-summer-14_20260816_140000.mp4,1,209,1,24.0,41.666666666666664,11.965459,0.0,1.504277,311.926293,32.622826,0.0,346.053396,358.01885500000003,True,True,7138.732421875,5874.0546875,5253.8271484375,4355.24853515625,9498,6241
offline,ANU-25-summer-14_20260816_140000.mp4,1,210,1,24.0,41.666666666666664,18.00816,0.0,1.357445,322.952578,41.35803,0.0,365.668053,383.67621299999996,True,True,8081.41943359375,5937.41845703125,6647.01171875,5148.61767578125,9626,7723
offline,ANU-25-summer-14_20260816_140000.mp4,1,211,1,24.0,41.666666666666664,11.589001,0.0,1.57172,313.1185,37.185361,0.0,351.875581,363.464582,True,True,8513.3876953125,5360.49560546875,7279.33056640625,4046.291259765625,9528,7067
offline,ANU-25-summer-14_20260816_140000.mp4,1,212,1,24.0,41.666666666666664,13.541327,0.0,1.575165,312.829542,39.737569,0.0,354.14227600000004,367.68360300000006,True,True,14466.5390625,3154.45849609375,13263.89453125,2756.47265625,9338,7803
offline,ANU-25-summer-14_20260816_140000.mp4,1,213,1,24.0,41.666666666666664,11.725221,0.0,1.434908,316.663456,39.878363,0.0,357.976727,369.70194799999996,True,True,11857.349609375,11645.615234375,10946.990234375,8729.388671875,11877,9083
offline,ANU-25-summer-14_20260816_140000.mp4,1,214,1,24.0,41.666666666666664,15.988741,0.0,1.45113,311.399356,33.539259,0.0,346.389745,362.378486,True,True,7774.32177734375,8477.87109375,7209.09814453125,7375.833984375,8843,7376
offline,ANU-25-summer-14_20260816_140000.mp4,1,215,1,24.0,41.666666666666664,17.245022,0.0,1.75846,323.268168,37.980184,0.0,363.006812,380.25183400000003,True,True,12797.212890625,4428.876953125,12026.1943359375,2149.938232421875,10371,7118
offline,ANU-25-summer-14_20260816_140000.mp4,1,216,1,24.0,41.666666666666664,11.416262,0.0,1.250039,314.314134,36.824198,0.0,352.38837100000006,363.8046330000001,True,True,16865.8203125,5817.69287109375,14680.20703125,5039.75537109375,11498,8673
offline,ANU-25-summer-14_20260816_140000.mp4,1,217,1,24.0,41.666666666666664,11.619426,0.0,1.429556,314.966663,42.128465,0.0,358.524684,370.14410999999996,True,True,10370.04296875,8948.767578125,8866.96875,8494.9921875,12420,10261
offline,ANU-25-summer-14_20260816_140000.mp4,1,218,1,24.0,41.666666666666664,14.585796,0.0,5.175212,314.016175,40.951572,0.0,360.14295899999996,374.728755,True,True,8631.6025390625,8699.728515625,7672.099609375,7688.38427734375,11469,9379
offline,ANU-25-summer-14_20260816_140000.mp4,1,219,1,24.0,41.666666666666664,11.418521,0.0,1.725033,312.247957,42.617662,0.0,356.590652,368.009173,True,True,12935.62109375,7060.85546875,12022.6240234375,6241.57373046875,11649,9890
offline,ANU-25-summer-14_20260816_140000.mp4,1,220,1,24.0,41.666666666666664,29.901176,0.0,1.299688,323.023153,43.934664,0.0,368.257505,398.158681,True,True,9055.0908203125,7199.59765625,8485.67578125,5923.05615234375,9844,8225
offline,ANU-25-summer-14_20260816_140000.mp4,1,221,1,24.0,41.666666666666664,15.339342,0.0,1.617035,325.232162,40.156897,0.0,367.006094,382.345436,True,True,8003.19287109375,6678.01953125,5062.8798828125,6465.10546875,10679,7655
offline,ANU-25-summer-14_20260816_140000.mp4,1,222,1,24.0,41.666666666666664,11.41504,0.0,1.403612,313.936083,43.233191,0.0,358.572886,369.98792599999996,True,True,9351.677734375,7732.79296875,8218.810546875,6561.181640625,10924,8857
offline,ANU-25-summer-14_20260816_140000.mp4,1,223,1,24.0,41.666666666666664,11.180191,0.0,1.493,316.466218,38.407048,0.0,356.366266,367.546457,True,True,7968.224609375,5860.65283203125,7199.0263671875,4199.96435546875,10037,7509
offline,ANU-25-summer-14_20260816_140000.mp4,1,224,1,24.0,41.666666666666664,11.885627,0.0,1.462667,310.472888,36.990715,0.0,348.92627000000005,360.81189700000004,True,True,10015.01171875,7009.1044921875,8593.064453125,5900.1552734375,10611,8356
offline,ANU-25-summer-14_20260816_140000.mp4,1,225,1,24.0,41.666666666666664,17.772181,0.0,1.363168,325.361791,55.597367,0.0,382.322326,400.09450699999996,True,True,9674.9072265625,11707.3544921875,8021.19873046875,9757.66796875,12298,9343
offline,ANU-25-summer-14_20260816_140000.mp4,1,226,1,24.0,41.666666666666664,17.55874,0.0,2.026789,317.752276,42.317388,0.0,362.096453,379.655193,True,True,8362.1572265625,16192.890625,7159.09375,13454.943359375,13193,10041
offline,ANU-25-summer-14_20260816_140000.mp4,1,227,1,24.0,41.666666666666664,11.227246,0.0,1.549721,312.540676,40.24821,0.0,354.338607,365.565853,True,True,5862.3994140625,12315.662109375,4694.93798828125,11815.484375,10527,8882
offline,ANU-25-summer-14_20260816_140000.mp4,1,228,1,24.0,41.666666666666664,11.465169,0.0,1.342705,313.687366,40.109101,0.0,355.13917200000003,366.60434100000003,True,True,6952.98779296875,8922.75,5509.72216796875,8427.8125,11032,9173
offline,ANU-25-summer-14_20260816_140000.mp4,1,229,1,24.0,41.666666666666664,11.907349,0.0,1.540296,310.494924,31.682597,0.0,343.717817,355.62516600000004,True,True,3424.393310546875,9522.1328125,3056.8818359375,8964.1328125,7514,6427
offline,ANU-25-summer-14_20260816_140000.mp4,1,230,1,24.0,41.666666666666664,17.72246,0.0,1.310465,319.76214,39.454165,0.0,360.52677,378.24923,True,True,5301.498046875,7076.1044921875,2883.673828125,6127.92626953125,9070,5692
offline,ANU-25-summer-14_20260816_140000.mp4,1,231,1,24.0,41.666666666666664,11.521854,0.0,1.470852,312.482048,38.026665,0.0,351.979565,363.501419,True,True,8709.005859375,6056.859375,6845.3955078125,5562.1572265625,9465,7455
offline,ANU-25-summer-14_20260816_140000.mp4,1,232,1,24.0,41.666666666666664,11.474021,0.0,1.367649,312.500622,39.406425,0.0,353.274696,364.748717,True,True,4163.8955078125,6978.98828125,2839.438232421875,5842.58056640625,9784,7486
offline,ANU-25-summer-14_20260816_140000.mp4,1,233,1,24.0,41.666666666666664,11.566798,0.0,1.307076,314.025991,34.604264,0.0,349.937331,361.504129,True,True,3136.755126953125,4539.75,2881.00244140625,3777.9765625,6029,4796
offline,ANU-25-summer-14_20260816_140000.mp4,1,234,1,24.0,41.666666666666664,12.044329,0.0,1.459259,310.580072,37.949722,0.0,349.98905299999996,362.03338199999996,True,True,8921.17578125,6541.7919921875,6323.9052734375,5852.30224609375,10952,7930
offline,ANU-25-summer-14_20260816_140000.mp4,1,235,1,24.0,41.666666666666664,23.605256,0.0,1.493277,320.334337,37.397766,0.0,359.22538,382.83063599999997,True,True,7008.05419921875,3524.005859375,6522.423828125,3026.775634765625,7092,6052
offline,ANU-25-summer-14_20260816_140000.mp4,1,236,1,24.0,41.666666666666664,11.625445,0.0,1.387687,312.498752,36.090597,0.0,349.97703600000006,361.60248100000007,True,True,7445.1474609375,3389.75341796875,5626.7451171875,1662.4498291015625,8453,5408
offline,ANU-25-summer-14_20260816_140000.mp4,1,237,1,24.0,41.666666666666664,11.382207,0.0,1.284373,312.692064,37.489987,0.0,351.466424,362.848631,True,True,7347.39453125,5015.45751953125,4053.1279296875,3505.69921875,9054,5051
offline,ANU-25-summer-14_20260816_140000.mp4,1,238,1,24.0,41.666666666666664,11.912941,0.0,1.469333,313.145021,38.326754,0.0,352.941108,364.854049,True,True,9484.91015625,3943.09521484375,8417.8701171875,2445.421630859375,9650,7194
offline,ANU-25-summer-14_20260816_140000.mp4,1,239,1,24.0,41.666666666666664,12.145364,0.0,1.673331,315.289087,41.642193,0.0,358.60461100000003,370.74997500000006,True,True,20173.125,5214.8212890625,16325.1513671875,2839.864501953125,11967,8491
offline,ANU-25-summer-14_20260816_140000.mp4,1,240,1,24.0,41.666666666666664,20.342223,0.0,1.38689,328.863267,39.168947,0.0,369.419104,389.761327,True,True,13378.130859375,3568.167724609375,12380.7529296875,1866.2191162109375,10053,7687
offline,ANU-25-summer-14_20260816_140000.mp4,1,241,1,24.0,41.666666666666664,11.775424,0.0,1.485166,313.37763,40.171212,0.0,355.034008,366.80943199999996,True,True,11630.0595703125,5856.4970703125,10078.873046875,4841.7529296875,11483,8672
offline,ANU-25-summer-14_20260816_140000.mp4,1,242,1,24.0,41.666666666666664,11.745925,0.0,1.467648,313.370001,42.868252,0.0,357.705901,369.451826,True,True,11033.083984375,12514.630859375,9632.9140625,10309.4453125,14785,11733
offline,ANU-25-summer-14_20260816_140000.mp4,1,243,1,24.0,41.666666666666664,11.596557,0.0,1.326002,313.314427,39.063541,0.0,353.70397,365.30052700000005,True,True,10037.2421875,19980.373046875,8703.1845703125,18758.998046875,14463,12258
offline,ANU-25-summer-14_20260816_140000.mp4,1,244,1,24.0,41.666666666666664,15.707893,0.0,1.283169,309.981915,34.298102,0.0,345.563186,361.271079,True,True,11669.296875,14311.61328125,8291.36328125,13514.2373046875,12456,9244
offline,ANU-25-summer-14_20260816_140000.mp4,1,245,1,24.0,41.666666666666664,17.339909,0.0,1.525832,321.252141,43.175063,0.0,365.953036,383.292945,True,True,12464.443359375,5101.8115234375,12088.732421875,4638.9189453125,10663,9674
offline,ANU-25-summer-14_20260816_140000.mp4,1,246,1,24.0,41.666666666666664,11.881164,0.0,1.357742,312.591344,37.765539,0.0,351.71462499999996,363.59578899999997,True,True,5884.1083984375,11453.3740234375,4127.09765625,9757.2529296875,10914,7618
offline,ANU-25-summer-14_20260816_140000.mp4,1,247,1,24.0,41.666666666666664,11.439225,0.0,1.425815,312.568696,43.27958,0.0,357.274091,368.713316,True,True,9504.0478515625,7773.48486328125,5452.95068359375,6154.8232421875,12397,8309
offline,ANU-25-summer-14_20260816_140000.mp4,1,248,1,24.0,41.666666666666664,11.494391,0.0,1.487055,312.342977,39.746958,0.0,353.57699,365.07138100000003,True,True,8847.0615234375,7948.8544921875,4904.185546875,5665.95068359375,10906,6726
offline,ANU-25-summer-14_20260816_140000.mp4,1,249,1,24.0,41.666666666666664,12.176716,0.0,1.581572,309.579364,38.278736,0.0,349.439672,361.616388,True,True,8106.3623046875,6929.923828125,5938.36962890625,5355.3955078125,11716,8169
offline,ANU-25-summer-14_20260816_140000.mp4,1,250,1,24.0,41.666666666666664,17.094524,0.0,1.265854,320.482226,44.525694,0.0,366.273774,383.368298,True,True,8177.349609375,6566.9541015625,6796.00146484375,5184.818359375,10900,8268
offline,ANU-25-summer-14_20260816_140000.mp4,1,251,1,24.0,41.666666666666664,11.724536,0.0,1.396316,313.436927,38.339273,0.0,353.17251600000003,364.89705200000003,True,True,15283.65234375,7216.68603515625,9988.111328125,6454.6357421875,13637,9611
offline,ANU-25-summer-14_20260816_140000.mp4,1,252,1,24.0,41.666666666666664,12.200493,0.0,1.470315,312.980803,39.636238,0.0,354.087356,366.287849,True,True,15349.7587890625,7723.50732421875,13729.05859375,5889.41552734375,12224,9136
offline,ANU-25-summer-14_20260816_140000.mp4,1,253,1,24.0,41.666666666666664,11.729536,0.0,1.471574,307.158655,35.25207,0.0,343.882299,355.611835,True,True,7153.734375,7884.25830078125,5833.10791015625,6302.3330078125,11295,8077
offline,ANU-25-summer-14_20260816_140000.mp4,1,254,1,24.0,41.666666666666664,17.403686,0.0,1.386909,310.284967,35.006445,0.0,346.678321,364.082007,True,True,16303.046875,7627.7724609375,14744.1513671875,6907.0283203125,10091,7512
offline,ANU-25-summer-14_20260816_140000.mp4,1,255,1,24.0,41.666666666666664,17.917476,0.0,1.288224,320.113547,41.684174,0.0,363.085945,381.003421,True,True,5994.05078125,9054.287109375,4414.0029296875,6550.65673828125,11102,7190
offline,ANU-25-summer-14_20260816_140000.mp4,1,256,1,24.0,41.666666666666664,11.903719,0.0,1.48037,312.141037,35.922803,0.0,349.54420999999996,361.447929,True,True,4498.470703125,4238.4453125,3892.905517578125,3405.46875,6916,5187
offline,ANU-25-summer-14_20260816_140000.mp4,1,257,1,24.0,41.666666666666664,11.909034,0.0,1.437648,312.571327,41.089459,0.0,355.098434,367.007468,True,True,5560.9296875,8012.41796875,4447.388671875,6863.13818359375,10125,7731
offline,ANU-25-summer-14_20260816_140000.mp4,1,258,1,24.0,41.666666666666664,12.582433,0.0,1.253392,321.089645,45.425146,0.0,367.768183,380.350616,True,True,6628.7158203125,11718.703125,3773.43212890625,10036.576171875,11769,7354
offline,ANU-25-summer-14_20260816_140000.mp4,1,259,1,24.0,41.666666666666664,12.181975,0.0,1.37889,318.495937,38.525381,0.0,358.400208,370.58218300000004,True,True,11471.9326171875,6940.9091796875,6460.48046875,5666.69775390625,12665,8009
offline,ANU-25-summer-14_20260816_140000.mp4,1,260,1,24.0,41.666666666666664,17.659683,0.0,1.652571,321.134274,39.652849,0.0,362.43969400000003,380.099377,True,True,5506.4951171875,8043.4052734375,4979.5458984375,6780.33984375,8851,7024
offline,ANU-25-summer-14_20260816_140000.mp4,1,261,1,24.0,41.666666666666664,11.87809,0.0,1.715886,312.607605,37.008567,0.0,351.33205799999996,363.21014799999995,True,True,5978.326171875,8523.0029296875,4513.72216796875,5796.19921875,11301,6771
offline,ANU-25-summer-14_20260816_140000.mp4,1,262,1,24.0,41.666666666666664,11.467336,0.0,1.568128,312.833824,40.103731,0.0,354.505683,365.97301899999997,True,True,7159.4599609375,6704.88671875,4917.33251953125,5019.80029296875,9983,6311
offline,ANU-25-summer-14_20260816_140000.mp4,1,263,1,24.0,41.666666666666664,11.876942,0.0,1.615239,312.421348,37.199028,0.0,351.235615,363.112557,True,True,6185.82958984375,3118.680419921875,3038.1484375,2758.401611328125,7403,4458
offline,ANU-25-summer-14_20260816_140000.mp4,1,264,1,24.0,41.666666666666664,12.40725,0.0,1.76283,309.367165,38.260366,0.0,349.390361,361.79761099999996,True,True,7095.548828125,3477.788330078125,5264.62939453125,2007.758056640625,9074,5906
offline,ANU-25-summer-14_20260816_140000.mp4,1,265,1,24.0,41.666666666666664,17.992086,0.0,1.565536,320.593355,48.387738,0.0,370.546629,388.538715,True,True,10481.177734375,13584.3447265625,6613.7587890625,11865.232421875,15438,10288
offline,ANU-25-summer-14_20260816_140000.mp4,1,266,1,24.0,41.666666666666664,11.44317,0.0,1.575313,312.443274,40.197582,0.0,354.216169,365.659339,True,True,6578.97216796875,6519.14453125,4235.0009765625,4704.619140625,10308,6729
offline,ANU-25-summer-14_20260816_140000.mp4,1,267,1,24.0,41.666666666666664,11.634445,0.0,1.693664,312.505441,43.391412,0.0,357.59051700000003,369.224962,True,True,6510.87109375,11796.59765625,6288.75390625,9167.8798828125,11356,9277
offline,ANU-25-summer-14_20260816_140000.mp4,1,268,1,24.0,41.666666666666664,11.870553,0.0,1.767997,313.051175,41.80747,0.0,356.626642,368.497195,True,True,7888.67578125,7184.0078125,5891.9736328125,4812.666015625,11115,7350
offline,ANU-25-summer-14_20260816_140000.mp4,1,269,1,24.0,41.666666666666664,12.726153,0.0,1.783737,309.863901,35.91447,0.0,347.56210799999997,360.288261,True,True,8146.6318359375,5403.99365234375,6737.470703125,3431.568359375,9551,6119
offline,ANU-25-summer-14_20260816_140000.mp4,1,270,1,24.0,41.666666666666664,17.579018,0.0,1.634683,322.967678,40.772482,0.0,365.37484299999994,382.95386099999996,True,True,11309.8232421875,5930.0341796875,10420.9267578125,3288.731689453125,10525,8076
offline,ANU-25-summer-14_20260816_140000.mp4,1,271,1,24.0,41.666666666666664,11.639371,0.0,1.643146,312.035317,41.399493,0.0,355.07795600000003,366.717327,True,True,8243.794921875,6204.79443359375,6883.2587890625,5251.5986328125,9852,7707
offline,ANU-25-summer-14_20260816_140000.mp4,1,272,1,24.0,41.666666666666664,11.949292,0.0,1.730571,312.46633,41.591176,0.0,355.78807700000004,367.73736900000006,True,True,6829.43798828125,4441.671875,4617.296875,3071.02392578125,9491,6318
offline,ANU-25-summer-14_20260816_140000.mp4,1,273,1,24.0,41.666666666666664,11.736092,0.0,1.582517,311.997651,39.470777,0.0,353.050945,364.787037,True,True,3478.14111328125,5227.79833984375,2738.770263671875,4423.650390625,7203,5431
offline,ANU-25-summer-14_20260816_140000.mp4,1,274,1,24.0,41.666666666666664,11.879886,0.0,1.662683,309.989529,36.690775,0.0,348.342987,360.222873,True,True,5368.5234375,10950.24609375,3475.15234375,9572.08203125,9982,7157
offline,ANU-25-summer-14_20260816_140000.mp4,1,275,1,24.0,41.666666666666664,17.686553,0.0,1.498889,320.209825,42.377925,0.0,364.08663900000005,381.77319200000005,True,True,6455.7373046875,8592.4921875,4979.0615234375,6361.8466796875,11621,8070
offline,ANU-25-summer-14_20260816_140000.mp4,1,276,1,24.0,41.666666666666664,11.84198,0.0,1.680368,312.518848,40.976055,0.0,355.17527099999995,367.01725099999993,True,True,8194.951171875,7565.873046875,6996.7392578125,5584.76953125,11164,8635
offline,ANU-25-summer-14_20260816_140000.mp4,1,277,1,24.0,41.666666666666664,11.806906,0.0,1.680108,318.679197,44.782284,0.0,365.141589,376.94849500000004,True,True,6565.8955078125,4614.46533203125,5773.4443359375,3881.1962890625,7287,5540
offline,ANU-25-summer-14_20260816_140000.mp4,1,278,1,24.0,41.666666666666664,11.197358,0.0,1.635535,324.093239,37.757762,0.0,363.486536,374.683894,True,True,9589.5703125,5238.4697265625,7658.0791015625,4600.298828125,8054,6004
offline,ANU-25-summer-14_20260816_140000.mp4,1,279,1,24.0,41.666666666666664,11.9487,0.0,1.740737,309.975956,32.598642,0.0,344.315335,356.264035,True,True,5998.5458984375,5813.97314453125,4599.84521484375,4736.259765625,7783,5177
offline,ANU-25-summer-14_20260816_140000.mp4,1,280,1,24.0,41.666666666666664,17.830052,0.0,1.57398,319.803645,39.392,0.0,360.769625,378.59967700000004,True,True,7900.4482421875,4932.53369140625,6358.45263671875,3787.930908203125,8136,5706
offline,ANU-25-summer-14_20260816_140000.mp4,1,281,1,24.0,41.666666666666664,11.972718,0.0,1.689608,311.175681,36.00534,0.0,348.870629,360.843347,True,True,10678.830078125,3931.585205078125,7367.2275390625,2699.581298828125,10305,6322
offline,ANU-25-summer-14_20260816_140000.mp4,1,282,1,24.0,41.666666666666664,11.368893,0.0,1.559981,313.355746,38.824119,0.0,353.739846,365.108739,True,True,5132.67626953125,7322.72705078125,3893.460693359375,3958.56396484375,9325,4954
offline,ANU-25-summer-14_20260816_140000.mp4,1,283,1,24.0,41.666666666666664,11.56302,0.0,1.587184,313.165008,36.213633,0.0,350.965825,362.528845,True,True,7869.69873046875,4631.72119140625,6191.4140625,1746.0765380859375,7874,3622
offline,ANU-25-summer-14_20260816_140000.mp4,1,284,1,24.0,41.666666666666664,12.123513,0.0,1.674497,309.83068,37.22649,0.0,348.73166699999996,360.85517999999996,True,True,7079.880859375,7033.365234375,5793.4521484375,4819.76611328125,11166,7771
offline,ANU-25-summer-14_20260816_140000.mp4,1,285,1,24.0,41.666666666666664,17.496685,0.0,1.529721,320.211475,40.445561,0.0,362.186757,379.683442,True,True,6922.796875,7898.724609375,6231.232421875,5899.2119140625,9173,6764
offline,ANU-25-summer-14_20260816_140000.mp4,1,286,1,24.0,41.666666666666664,11.208802,0.0,1.567055,312.252501,39.268761,0.0,353.08831699999996,364.29711899999995,True,True,6092.5146484375,6662.7373046875,3054.481201171875,5994.02783203125,10001,6839
offline,ANU-25-summer-14_20260816_140000.mp4,1,287,1,24.0,41.666666666666664,11.630445,0.0,1.598646,312.601645,39.656719,0.0,353.85701,365.487455,True,True,15622.552734375,5846.8564453125,9322.2666015625,5111.662109375,12776,7317
offline,ANU-25-summer-14_20260816_140000.mp4,1,288,1,24.0,41.666666666666664,11.578872,0.0,1.716496,306.596665,35.929266,0.0,344.24242699999996,355.82129899999995,True,True,4619.80126953125,4514.12353515625,3881.371826171875,3470.318115234375,8091,6169
offline,ANU-25-summer-14_20260816_140000.mp4,1,289,1,24.0,41.666666666666664,17.298725,0.0,1.706293,308.58577,30.604686,0.0,340.89674900000006,358.19547400000005,True,True,3642.324951171875,1943.8082275390625,2398.8369140625,1558.724853515625,4941,3123
offline,ANU-25-summer-14_20260816_140000.mp4,1,290,1,24.0,41.666666666666664,17.333113,0.0,1.621201,319.895978,36.774552,0.0,358.291731,375.62484400000005,True,True,3068.97802734375,3572.23486328125,1818.50732421875,2691.881103515625,5433,3333
offline,ANU-25-summer-14_20260816_140000.mp4,1,291,1,24.0,41.666666666666664,11.652889,0.0,1.690479,310.970518,38.857859,0.0,351.518856,363.17174500000004,True,True,6652.0751953125,5273.76953125,5359.6904296875,3834.45654296875,8313,5614
offline,ANU-25-summer-14_20260816_140000.mp4,1,292,1,24.0,41.666666666666664,11.780499,0.0,1.674552,311.309662,40.267526,0.0,353.25174,365.032239,True,True,3403.2685546875,8200.9697265625,2232.999755859375,5970.88916015625,8513,5089
offline,ANU-25-summer-14_20260816_140000.mp4,1,293,1,24.0,41.666666666666664,11.992773,0.0,1.692682,312.073005,36.255614,0.0,350.021301,362.014074,True,True,2393.391357421875,7569.78125,545.9580688476562,5862.18701171875,8024,4716
offline,ANU-25-summer-14_20260816_140000.mp4,1,294,1,24.0,41.666666666666664,11.693833,0.0,1.665072,310.721003,36.189596,0.0,348.575671,360.269504,True,True,3356.996337890625,11651.201171875,2474.474609375,10187.76171875,8328,6449
offline,ANU-25-summer-14_20260816_140000.mp4,1,295,1,24.0,41.666666666666664,17.412446,0.0,1.620331,319.34969,37.752873,0.0,358.72289400000005,376.13534000000004,True,True,4108.134765625,8855.6396484375,2516.668701171875,6004.5048828125,8884,5387
offline,ANU-25-summer-14_20260816_140000.mp4,1,296,1,24.0,41.666666666666664,11.524298,0.0,1.789829,318.771642,46.395708,0.0,366.957179,378.481477,True,True,7830.83984375,11725.2197265625,4095.9921875,8721.7607421875,12536,7175
offline,ANU-25-summer-14_20260816_140000.mp4,1,297,1,24.0,41.666666666666664,11.970052,0.0,1.280947,321.115742,38.292088,0.0,360.688777,372.658829,True,True,6899.4453125,8556.3896484375,3184.44482421875,5660.09375,11473,5898
offline,ANU-25-summer-14_20260816_140000.mp4,1,298,1,24.0,41.666666666666664,11.552317,0.0,1.651275,306.958773,36.331188,0.0,344.941236,356.493553,True,True,7515.828125,6076.3232421875,6375.8525390625,4851.04443359375,10192,7716
offline,ANU-25-summer-14_20260816_140000.mp4,1,299,1,24.0,41.666666666666664,17.938383,0.0,1.57448,309.261763,41.993652,0.0,352.82989499999996,370.76827799999995,True,True,8986.9375,6524.83984375,7345.6533203125,4399.85693359375,12855,9181
offline,ANU-25-summer-14_20260816_140000.mp4,1,300,1,24.0,41.666666666666664,17.991457,0.0,1.611369,319.844314,43.809481,0.0,365.265164,383.25662100000005,True,True,10068.625,8239.873046875,8820.580078125,6367.38671875,12635,9657
offline,ANU-25-summer-14_20260816_140000.mp4,1,301,1,24.0,41.666666666666664,12.082143,0.0,1.690701,311.198776,41.208052,0.0,354.097529,366.179672,True,True,15266.21484375,2500.312744140625,13341.427734375,1827.780517578125,10928,8715
offline,ANU-25-summer-14_20260816_140000.mp4,1,302,1,24.0,41.666666666666664,11.779703,0.0,1.530925,311.759639,40.216045,0.0,353.506609,365.286312,True,True,6394.53857421875,4637.40283203125,5551.29248046875,4425.94970703125,8099,6917
offline,ANU-25-summer-14_20260816_140000.mp4,1,303,1,24.0,41.666666666666664,11.932608,0.0,1.805736,311.835953,38.927784,0.0,352.569473,364.50208100000003,True,True,6980.04638671875,2940.06298828125,6196.640625,2021.2706298828125,7373,5958
offline,ANU-25-summer-14_20260816_140000.mp4,1,304,1,24.0,41.666666666666664,12.281048,0.0,1.912643,308.911583,36.078524,0.0,346.90275,359.183798,True,True,12223.3564453125,4687.34130859375,7774.16796875,2800.51513671875,11521,7029
offline,ANU-25-summer-14_20260816_140000.mp4,1,305,1,24.0,41.666666666666664,17.965846,0.0,1.695386,319.393247,41.253736,0.0,362.34236899999996,380.30821499999996,True,True,9251.03515625,5070.6083984375,7561.25244140625,2598.187744140625,11257,7341
offline,ANU-25-summer-14_20260816_140000.mp4,1,306,1,24.0,41.666666666666664,11.723036,0.0,1.61785,311.161518,38.71362,0.0,351.49298799999997,363.21602399999995,True,True,12074.1533203125,4804.89111328125,10916.9375,3926.321044921875,11134,8910
offline,ANU-25-summer-14_20260816_140000.mp4,1,307,1,24.0,41.666666666666664,11.614557,0.0,1.743793,311.994433,40.454283,0.0,354.192509,365.80706599999996,True,True,5385.0458984375,9354.05859375,5116.46484375,7954.46875,9514,7820
offline,ANU-25-summer-14_20260816_140000.mp4,1,308,1,24.0,41.666666666666664,11.860609,0.0,1.84644,312.873811,38.890007,0.0,353.61025799999993,365.47086699999994,True,True,6809.8515625,10455.1806640625,4490.5302734375,9864.421875,11431,8300
offline,ANU-25-summer-14_20260816_140000.mp4,1,309,1,24.0,41.666666666666664,12.330954,0.0,1.879346,308.957083,36.393131,0.0,347.22956,359.560514,True,True,10203.357421875,6388.451171875,6474.55712890625,4882.123046875,13278,7984
offline,ANU-25-summer-14_20260816_140000.mp4,1,310,1,24.0,41.666666666666664,17.23593,0.0,1.33015,322.792352,45.524108,0.0,369.64661,386.88254,True,True,9719.0185546875,9905.740234375,7042.0595703125,9035.3466796875,12253,9622
offline,ANU-25-summer-14_20260816_140000.mp4,1,311,1,24.0,41.666666666666664,16.542271,0.0,1.734552,312.70098,42.484925,0.0,356.920457,373.46272799999997,True,True,9351.26171875,5720.3798828125,8146.97216796875,5330.478515625,11168,9478
offline,ANU-25-summer-14_20260816_140000.mp4,1,312,1,24.0,41.666666666666664,11.77424,0.0,1.697256,312.394484,44.559398,0.0,358.65113799999995,370.42537799999997,True,True,16357.43359375,5917.814453125,14176.8359375,3825.30224609375,13991,10124
offline,ANU-25-summer-14_20260816_140000.mp4,1,313,1,24.0,41.666666666666664,11.603723,0.0,1.854551,313.320269,41.942469,0.0,357.117289,368.72101200000003,True,True,12481.126953125,6617.29052734375,10261.4384765625,4813.140625,12832,9784
offline,ANU-25-summer-14_20260816_140000.mp4,1,314,1,24.0,41.666666666666664,11.55141,0.0,1.754866,310.061069,36.848329,0.0,348.66426399999995,360.2156739999999,True,True,16371.3017578125,7577.2607421875,15089.171875,6738.2939453125,12568,10986
offline,ANU-25-summer-14_20260816_140000.mp4,1,315,1,24.0,41.666666666666664,17.471982,0.0,1.552091,325.741204,51.450255,0.0,378.74355,396.21553200000005,True,True,7223.646484375,6542.017578125,6755.39453125,3788.364013671875,9737,6945
offline,ANU-25-summer-14_20260816_140000.mp4,1,316,1,24.0,41.666666666666664,13.432755,0.0,2.169398,317.100906,41.790582,0.0,361.060886,374.49364099999997,True,True,9133.7568359375,8488.771484375,7325.26953125,7986.1337890625,12105,9521
offline,ANU-25-summer-14_20260816_140000.mp4,1,317,1,24.0,41.666666666666664,11.543076,0.0,1.715404,313.106124,43.401691,0.0,358.223219,369.76629499999996,True,True,13852.16796875,4080.7138671875,12270.0693359375,3337.2607421875,12281,9765
offline,ANU-25-summer-14_20260816_140000.mp4,1,318,1,24.0,41.666666666666664,12.737561,0.0,1.521055,312.85909,38.908284,0.0,353.28842899999995,366.02599,True,True,13113.5908203125,4581.31298828125,9904.49609375,3516.4453125,12733,8480
offline,ANU-25-summer-14_20260816_140000.mp4,1,319,1,24.0,41.666666666666664,12.129216,0.0,1.818811,311.898547,38.501623,0.0,352.218981,364.34819699999997,True,True,10575.58203125,7754.36279296875,9008.27734375,6024.0615234375,12558,9398
offline,ANU-25-summer-14_20260816_140000.mp4,1,320,1,24.0,41.666666666666664,18.012068,0.0,1.61272,321.095782,42.998251,0.0,365.706753,383.718821,True,True,8059.98291015625,11900.20703125,6243.8681640625,10413.9404296875,13820,10790
offline,ANU-25-summer-14_20260816_140000.mp4,1,321,1,24.0,41.666666666666664,11.709036,0.0,1.749997,312.672945,38.643084,0.0,353.066026,364.77506200000005,True,True,9393.5517578125,8857.4326171875,8768.3828125,7527.1748046875,11164,9362
offline,ANU-25-summer-14_20260816_140000.mp4,1,322,1,24.0,41.666666666666664,11.196951,0.0,1.510943,314.553939,42.858031,0.0,358.922913,370.119864,True,True,16264.4755859375,7635.32568359375,15213.1025390625,7046.48583984375,11559,9818
offline,ANU-25-summer-14_20260816_140000.mp4,1,323,1,24.0,41.666666666666664,11.613335,0.0,1.703405,313.8113,39.13406,0.0,354.64876499999997,366.2621,True,True,12641.8427734375,15902.29296875,9377.171875,14266.47265625,15187,10881
offline,ANU-25-summer-14_20260816_140000.mp4,1,324,1,24.0,41.666666666666664,12.308473,0.0,1.74783,310.035515,39.592887,0.0,351.376232,363.684705,True,True,14723.544921875,5730.2392578125,13107.421875,3759.8759765625,13139,9913
offline,ANU-25-summer-14_20260816_140000.mp4,1,325,1,24.0,41.666666666666664,17.916218,0.0,1.617387,320.120332,38.696954,0.0,360.43467300000003,378.35089100000005,True,True,9835.5302734375,8079.619140625,8768.5419921875,7174.9111328125,9356,7330
offline,ANU-25-summer-14_20260816_140000.mp4,1,326,1,24.0,41.666666666666664,11.609575,0.0,1.592646,312.630334,41.336143,0.0,355.559123,367.168698,True,True,9207.35546875,7990.7822265625,8161.48876953125,6716.234375,12111,9769
offline,ANU-25-summer-14_20260816_140000.mp4,1,327,1,24.0,41.666666666666664,11.612315,0.0,1.681182,312.851591,43.106565,0.0,357.63933799999995,369.251653,True,True,6919.23828125,10447.865234375,6197.13671875,6948.41015625,12895,9229
offline,ANU-25-summer-14_20260816_140000.mp4,1,328,1,24.0,41.666666666666664,11.719944,0.0,1.660757,313.161754,40.455784,0.0,355.27829499999996,366.99823899999996,True,True,9587.30859375,9222.876953125,8652.4345703125,8075.765625,10818,8668
offline,ANU-25-summer-14_20260816_140000.mp4,1,329,1,24.0,41.666666666666664,12.260123,0.0,1.920327,310.870653,37.765169,0.0,350.556149,362.816272,True,True,10086.4765625,9134.6005859375,7365.9326171875,7419.017578125,14994,10843
offline,ANU-25-summer-14_20260816_140000.mp4,1,330,1,24.0,41.666666666666664,19.456457,0.0,1.613424,320.5764,41.470123,0.0,363.659947,383.116404,True,True,12127.791015625,14011.0322265625,11481.3818359375,11898.87890625,13618,11685
offline,ANU-25-summer-14_20260816_140000.mp4,1,331,1,24.0,41.666666666666664,14.656518,0.0,1.458519,312.458651,40.215954,0.0,354.133124,368.789642,True,True,9257.783203125,12511.69140625,8101.767578125,12074.34375,13260,11745
offline,ANU-25-summer-14_20260816_140000.mp4,1,332,1,24.0,41.666666666666664,11.831165,0.0,1.728126,311.774438,41.645176,0.0,355.14773999999994,366.97890499999994,True,True,6609.958984375,12550.455078125,4564.1025390625,11709.2529296875,11297,9124
offline,ANU-25-summer-14_20260816_140000.mp4,1,333,1,24.0,41.666666666666664,11.683444,0.0,1.678182,311.79816,40.01553,0.0,353.491872,365.175316,True,True,10571.61328125,8307.337890625,8375.314453125,7397.13671875,13903,11083
offline,ANU-25-summer-14_20260816_140000.mp4,1,334,1,24.0,41.666666666666664,11.804869,0.0,1.318484,323.458624,33.057211,0.0,357.834319,369.639188,True,True,7369.4169921875,9556.91015625,6236.13916015625,8893.1064453125,10423,8808
offline,ANU-25-summer-14_20260816_140000.mp4,1,335,1,24.0,41.666666666666664,17.502816,0.0,1.265891,320.574605,44.182644,0.0,366.02314,383.525956,True,True,11148.5625,11133.6435546875,10303.318359375,9978.47265625,12657,10934
offline,ANU-25-summer-14_20260816_140000.mp4,1,336,1,24.0,41.666666666666664,15.997704,0.0,1.312075,311.494128,38.008204,0.0,350.81440699999996,366.81211099999996,True,True,6519.72265625,6093.2021484375,5417.2861328125,4449.2138671875,9892,7542
offline,ANU-25-summer-14_20260816_140000.mp4,1,337,1,24.0,41.666666666666664,11.542594,0.0,2.247194,317.027317,41.116738,0.0,360.39124899999996,371.93384299999997,True,True,11442.462890625,10790.40234375,9226.9228515625,8092.36865234375,13045,9298
offline,ANU-25-summer-14_20260816_140000.mp4,1,338,1,24.0,41.666666666666664,11.401152,0.0,1.489056,313.393289,42.883401,0.0,357.765746,369.166898,True,True,13547.0458984375,6555.240234375,11889.490234375,6193.01123046875,12024,10473
offline,ANU-25-summer-14_20260816_140000.mp4,1,339,1,24.0,41.666666666666664,11.708019,0.0,1.659534,311.44935,39.066468,0.0,352.175352,363.88337099999995,True,True,10867.767578125,13897.880859375,9645.30078125,13351.6484375,13824,11997
offline,ANU-25-summer-14_20260816_140000.mp4,1,340,1,24.0,41.666666666666664,17.648406,0.0,1.572017,320.968804,43.230841,0.0,365.771662,383.420068,True,True,11294.951171875,10176.306640625,9665.193359375,9732.275390625,13096,11135
offline,ANU-25-summer-14_20260816_140000.mp4,1,341,1,24.0,41.666666666666664,12.006996,0.0,5.092658,312.426265,43.785075,0.0,361.303998,373.310994,True,True,11291.2919921875,11788.181640625,10495.771484375,11438.53515625,12783,11911
offline,ANU-25-summer-14_20260816_140000.mp4,1,342,1,24.0,41.666666666666664,11.35456,0.0,1.502407,313.406289,41.412123,0.0,356.32081900000003,367.675379,True,True,8061.1025390625,11577.759765625,7502.552734375,10425.794921875,11673,10089
offline,ANU-25-summer-14_20260816_140000.mp4,1,343,1,24.0,41.666666666666664,11.402208,0.0,1.580795,313.051442,39.497129,0.0,354.129366,365.531574,True,True,8073.8623046875,13853.5830078125,6597.130859375,12704.80859375,10772,8486
offline,ANU-25-summer-14_20260816_140000.mp4,1,344,1,24.0,41.666666666666664,12.135402,0.0,1.797421,310.182423,40.087455,0.0,352.06729899999993,364.20270099999993,True,True,12190.3974609375,9832.015625,11627.986328125,8654.466796875,12135,10630
offline,ANU-25-summer-14_20260816_140000.mp4,1,345,1,24.0,41.666666666666664,17.217689,0.0,1.604109,321.043619,45.58433,0.0,368.232058,385.449747,True,True,14986.3466796875,6283.71630859375,13816.91796875,5372.05517578125,14093,12042
offline,ANU-25-summer-14_20260816_140000.mp4,1,346,1,24.0,41.666666666666664,11.366856,0.0,1.510574,313.608139,41.538307,0.0,356.65702,368.023876,True,True,11409.1494140625,12091.576171875,9923.158203125,11054.91015625,12489,10249
offline,ANU-25-summer-14_20260816_140000.mp4,1,347,1,24.0,41.666666666666664,11.347505,0.0,1.677367,317.396536,42.785532,0.0,361.859435,373.20694000000003,True,True,12286.4501953125,8876.51953125,10546.4296875,7945.0205078125,14936,12343
offline,ANU-25-summer-14_20260816_140000.mp4,1,348,1,24.0,41.666666666666664,11.494596,0.0,1.717441,316.279346,50.732746,0.0,368.729533,380.224129,True,True,15182.736328125,8336.80078125,12585.916015625,6754.228515625,15524,12266
offline,ANU-25-summer-14_20260816_140000.mp4,1,349,1,24.0,41.666666666666664,11.739166,0.0,1.415649,312.531523,37.852798,0.0,351.79997,363.539136,True,True,8652.83984375,11209.68359375,7008.56005859375,9965.66796875,13476,10693
offline,ANU-25-summer-14_20260816_140000.mp4,1,350,1,24.0,41.666666666666664,17.412631,0.0,1.287983,320.537144,43.342692,0.0,365.167819,382.58045,True,True,13139.703125,9324.5234375,11661.3798828125,7960.93896484375,13692,10671
offline,ANU-25-summer-14_20260816_140000.mp4,1,351,1,24.0,41.666666666666664,11.469336,0.0,1.406315,312.969536,41.669602,0.0,356.045453,367.514789,True,True,11224.7509765625,8661.9970703125,8888.9619140625,7515.7822265625,13880,10192
offline,ANU-25-summer-14_20260816_140000.mp4,1,352,1,24.0,41.666666666666664,11.636982,0.0,1.421408,319.781265,48.716587,0.0,369.91926,381.556242,True,True,10767.0859375,6226.8193359375,9094.791015625,5386.90625,11945,9665
offline,ANU-25-summer-14_20260816_140000.mp4,1,353,1,24.0,41.666666666666664,12.079106,0.0,1.803959,319.678859,40.287768,0.0,361.770586,373.849692,True,True,3847.38134765625,18874.443359375,2552.95068359375,17351.130859375,13121,10768
offline,ANU-25-summer-14_20260816_140000.mp4,1,354,1,24.0,41.666666666666664,11.485651,0.0,1.332817,311.050117,37.75217,0.0,350.13510399999996,361.620755,True,True,10039.5458984375,6899.541015625,9090.0126953125,6500.0224609375,11387,10073
offline,ANU-25-summer-14_20260816_140000.mp4,1,355,1,24.0,41.666666666666664,16.865935,0.0,1.349168,319.423418,41.410734,0.0,362.18332000000004,379.049255,True,True,7841.21337890625,8492.697265625,6168.43115234375,7867.7255859375,11386,8926
offline,ANU-25-summer-14_20260816_140000.mp4,1,356,1,24.0,41.666666666666664,11.368337,0.0,1.370686,311.983068,38.636141,0.0,351.989895,363.358232,True,True,6368.20703125,8488.5849609375,5518.87890625,6749.9140625,9679,7074
offline,ANU-25-summer-14_20260816_140000.mp4,1,357,1,24.0,41.666666666666664,11.393986,0.0,1.450426,311.550666,43.683447,0.0,356.684539,368.07852499999996,True,True,10580.794921875,7345.81640625,8065.14306640625,5898.666015625,12220,9080
offline,ANU-25-summer-14_20260816_140000.mp4,1,358,1,24.0,41.666666666666664,11.612816,0.0,1.306021,313.392125,47.655434,0.0,362.35358,373.96639600000003,True,True,13919.38671875,11727.615234375,12002.3779296875,10465.8125,15466,12344
offline,ANU-25-summer-14_20260816_140000.mp4,1,359,1,24.0,41.666666666666664,12.25179,0.0,1.53161,310.090629,37.679448,0.0,349.30168699999996,361.55347699999993,True,True,12839.02734375,9866.3544921875,10146.044921875,8735.5654296875,15166,11553
offline,ANU-25-summer-14_20260816_140000.mp4,1,360,1,24.0,41.666666666666664,18.283583,0.0,1.605553,319.631786,50.779486,0.0,372.016825,390.300408,True,True,7933.8330078125,12251.634765625,6519.75537109375,10168.525390625,12045,9926
offline,ANU-25-summer-14_20260816_140000.mp4,1,361,1,24.0,41.666666666666664,18.866502,0.0,2.437358,315.570171,44.750952,0.0,362.758481,381.62498300000004,True,True,3140.240966796875,11315.5849609375,2460.126953125,9815.5244140625,11344,9281
offline,ANU-25-summer-14_20260816_140000.mp4,1,362,1,24.0,41.666666666666664,11.716648,0.0,1.377982,312.535876,42.760699,0.0,356.67455699999994,368.39120499999996,True,True,5578.5947265625,10435.728515625,5088.02099609375,9829.4755859375,11242,9975
offline,ANU-25-summer-14_20260816_140000.mp4,1,363,1,24.0,41.666666666666664,15.082272,0.0,1.309854,312.436896,40.013716,0.0,353.76046599999995,368.84273799999994,True,True,8299.3935546875,6990.52294921875,7503.48046875,6437.0068359375,11709,10237
offline,ANU-25-summer-14_20260816_140000.mp4,1,364,1,24.0,41.666666666666664,11.511835,0.0,1.572055,311.988642,40.325489,0.0,353.886186,365.398021,True,True,8493.7109375,8573.06640625,7871.4912109375,7630.54248046875,11631,10020
offline,ANU-25-summer-14_20260816_140000.mp4,1,365,1,24.0,41.666666666666664,17.779849,0.0,1.330131,322.002831,44.315217,0.0,367.648179,385.42802800000004,True,True,12749.271484375,10242.4970703125,12048.927734375,7945.17041015625,12728,10412
offline,ANU-25-summer-14_20260816_140000.mp4,1,366,1,24.0,41.666666666666664,11.463688,0.0,1.480055,314.842681,38.611363,0.0,354.934099,366.397787,True,True,6027.2451171875,8037.966796875,4637.3154296875,7470.68359375,10830,8642
offline,ANU-25-summer-14_20260816_140000.mp4,1,367,1,24.0,41.666666666666664,11.646149,0.0,1.510333,319.077738,42.37763,0.0,362.965701,374.61185,True,True,6190.396484375,8903.134765625,5068.71142578125,8171.42724609375,10860,9135
offline,ANU-25-summer-14_20260816_140000.mp4,1,368,1,24.0,41.666666666666664,11.669649,0.0,1.435019,313.371551,41.941247,0.0,356.747817,368.417466,True,True,12872.544921875,6582.4560546875,12286.513671875,5859.10009765625,9927,8521
offline,ANU-25-summer-14_20260816_140000.mp4,1,369,1,24.0,41.666666666666664,12.234808,0.0,1.571555,310.434885,33.497983,0.0,345.504423,357.73923099999996,True,True,3253.69384765625,11364.328125,2732.23095703125,9662.6845703125,8928,6897
offline,ANU-25-summer-14_20260816_140000.mp4,1,370,1,24.0,41.666666666666664,17.245782,0.0,1.296872,320.11117,36.834071,0.0,358.242113,375.48789500000004,True,True,1430.4876708984375,7903.86474609375,968.3422241210938,4058.52294921875,8159,3974
offline,ANU-25-summer-14_20260816_140000.mp4,1,371,1,24.0,41.666666666666664,11.566353,0.0,1.442278,320.243872,42.665978,0.0,364.352128,375.918481,True,True,2863.267333984375,8333.189453125,2390.601318359375,6675.412109375,7700,5285
offline,ANU-25-summer-14_20260816_140000.mp4,1,372,1,24.0,41.666666666666664,12.016422,0.0,1.662738,325.230013,53.865059,0.0,380.75780999999995,392.7742319999999,True,True,5016.11474609375,11947.990234375,3640.01171875,10794.6708984375,10377,7959
offline,ANU-25-summer-14_20260816_140000.mp4,1,373,1,24.0,41.666666666666664,14.747054,0.0,5.470097,320.319223,38.485568,0.0,364.27488800000003,379.021942,True,True,5516.865234375,7629.19921875,4628.7919921875,6621.5478515625,9641,7961
offline,ANU-25-summer-14_20260816_140000.mp4,1,374,1,24.0,41.666666666666664,11.818776,0.0,1.336483,310.196389,33.24669,0.0,344.779562,356.598338,True,True,5227.56494140625,4344.26171875,4234.595703125,2812.75537109375,8005,5505
offline,ANU-25-summer-14_20260816_140000.mp4,1,375,1,24.0,41.666666666666664,21.225861,0.0,1.292113,319.829563,41.877285,0.0,362.998961,384.224822,True,True,3196.0205078125,9352.4375,2928.01806640625,7457.78173828125,8031,6201
offline,ANU-25-summer-14_20260816_140000.mp4,1,376,1,24.0,41.666666666666664,10.991657,0.0,1.451519,312.086494,38.428847,0.0,351.96686000000005,362.95851700000003,True,True,5370.53955078125,7478.1982421875,2274.407470703125,7108.853515625,8973,6334
offline,ANU-25-summer-14_20260816_140000.mp4,1,377,1,24.0,41.666666666666664,11.247932,0.0,1.453426,312.877467,40.368693,0.0,354.699586,365.947518,True,True,4608.9443359375,10816.6103515625,3349.846923828125,9665.248046875,9560,7587
offline,ANU-25-summer-14_20260816_140000.mp4,1,378,1,24.0,41.666666666666664,11.513261,0.0,1.504351,313.330701,35.768881,0.0,350.603933,362.117194,True,True,2939.610107421875,8435.78515625,2307.32373046875,5887.310546875,7358,5001
offline,ANU-25-summer-14_20260816_140000.mp4,1,379,1,24.0,41.666666666666664,11.996533,0.0,1.484148,310.379628,35.812825,0.0,347.676601,359.673134,True,True,6984.4658203125,8901.05859375,4317.02197265625,6802.64794921875,11336,7169
offline,ANU-25-summer-14_20260816_140000.mp4,1,380,1,24.0,41.666666666666664,17.733923,0.0,1.305743,319.876248,40.485136,0.0,361.667127,379.40105,True,True,10008.4482421875,6504.6640625,8854.7021484375,5620.458984375,9482,7450
offline,ANU-25-summer-14_20260816_140000.mp4,1,381,1,24.0,41.666666666666664,11.69276,0.0,1.469277,312.265438,42.081394,0.0,355.816109,367.508869,True,True,10928.98828125,7403.8427734375,9858.09765625,5363.19140625,12624,9817
offline,ANU-25-summer-14_20260816_140000.mp4,1,382,1,24.0,41.666666666666664,11.426059,0.0,1.457537,312.684692,41.014926,0.0,355.157155,366.583214,True,True,12553.03515625,8976.46875,11530.482421875,5732.7724609375,12882,9548
offline,ANU-25-summer-14_20260816_140000.mp4,1,383,1,24.0,41.666666666666664,12.825079,0.0,1.385557,313.163982,38.981655,0.0,353.53119399999997,366.356273,True,True,17175.46875,5313.7470703125,16769.4140625,4532.255859375,12674,11097
offline,ANU-25-summer-14_20260816_140000.mp4,1,384,1,24.0,41.666666666666664,12.281733,0.0,1.489333,309.333864,33.271172,0.0,344.094369,356.37610199999995,True,True,8639.7744140625,3460.06591796875,8324.794921875,2865.796630859375,7234,6298
offline,ANU-25-summer-14_20260816_140000.mp4,1,385,1,24.0,41.666666666666664,17.670962,0.0,1.312428,319.962396,34.94778,0.0,356.22260400000005,373.893566,True,True,8572.197265625,2177.635986328125,7501.4091796875,978.2587890625,7520,5028
offline,ANU-25-summer-14_20260816_140000.mp4,1,386,1,24.0,41.666666666666664,11.524706,0.0,1.476629,312.683914,38.669992,0.0,352.830535,364.355241,True,True,11272.3271484375,5884.0029296875,10166.76171875,4934.3505859375,10318,8424
offline,ANU-25-summer-14_20260816_140000.mp4,1,387,1,24.0,41.666666666666664,12.616285,0.0,5.223545,312.398954,41.916932,0.0,359.53943100000004,372.15571600000004,True,True,10141.4677734375,5625.47900390625,7839.015625,4378.50048828125,11639,8255
offline,ANU-25-summer-14_20260816_140000.mp4,1,388,1,24.0,41.666666666666664,11.958164,0.0,1.458093,313.312999,36.641611,0.0,351.412703,363.37086700000003,True,True,8689.59375,6373.2060546875,7194.15234375,4350.40576171875,10325,7233
offline,ANU-25-summer-14_20260816_140000.mp4,1,389,1,24.0,41.666666666666664,12.318807,0.0,1.566721,311.007732,35.989359,0.0,348.5638119999999,360.8826189999999,True,True,8465.8642578125,8901.767578125,6690.6259765625,6225.423828125,10542,7553
offline,ANU-25-summer-14_20260816_140000.mp4,1,390,1,24.0,41.666666666666664,22.036554,0.0,1.256096,333.761907,46.345654,0.0,381.36365700000005,403.40021100000007,True,True,7508.787109375,9370.142578125,5939.39697265625,7154.8173828125,11507,7621
offline,ANU-25-summer-14_20260816_140000.mp4,1,391,1,24.0,41.666666666666664,14.036878,0.0,2.374285,316.215351,46.397487,0.0,364.987123,379.024001,True,True,5452.5673828125,8941.7412109375,4850.55419921875,6204.10302734375,9654,6601
offline,ANU-25-summer-14_20260816_140000.mp4,1,392,1,24.0,41.666666666666664,12.870578,0.0,1.534981,313.81066,51.68979,0.0,367.035431,379.90600900000004,True,True,8394.369140625,10559.830078125,6815.8662109375,8856.76953125,13644,10517
offline,ANU-25-summer-14_20260816_140000.mp4,1,393,1,24.0,41.666666666666664,11.589131,0.0,1.453685,313.767919,40.801021,0.0,356.022625,367.611756,True,True,6965.630859375,10267.2587890625,6167.05029296875,9533.951171875,10653,8682
offline,ANU-25-summer-14_20260816_140000.mp4,1,394,1,24.0,41.666666666666664,11.083638,0.0,1.507092,310.123892,35.180721,0.0,346.811705,357.895343,True,True,6925.46044921875,6148.9033203125,5078.431640625,5310.49072265625,10552,7545
offline,ANU-25-summer-14_20260816_140000.mp4,1,395,1,24.0,41.666666666666664,17.64385,0.0,1.579054,320.743165,41.253422,0.0,363.57564099999996,381.21949099999995,True,True,6551.49560546875,11992.90234375,4501.13916015625,10757.248046875,12481,9266
offline,ANU-25-summer-14_20260816_140000.mp4,1,396,1,24.0,41.666666666666664,10.995361,0.0,1.208096,312.630305,38.756973,0.0,352.59537400000005,363.59073500000005,True,True,4967.0849609375,10292.673828125,3524.6982421875,9020.732421875,9765,7203
offline,ANU-25-summer-14_20260816_140000.mp4,1,397,1,24.0,41.666666666666664,11.068101,0.0,1.698738,312.754896,45.519035,0.0,359.972669,371.04077,True,True,6298.8671875,11414.607421875,5500.73828125,9468.595703125,12128,9606
offline,ANU-25-summer-14_20260816_140000.mp4,1,398,1,24.0,41.666666666666664,11.485743,0.0,5.122825,312.721008,39.138802,0.0,356.98263499999996,368.468378,True,True,2449.898681640625,11622.96875,1753.287109375,9972.357421875,10404,7413
offline,ANU-25-summer-14_20260816_140000.mp4,1,399,1,24.0,41.666666666666664,15.141271,0.0,1.494222,310.355352,33.241098,0.0,345.090672,360.231943,True,True,3466.67236328125,11423.736328125,2409.8291015625,9630.857421875,8329,5722
offline,ANU-25-summer-14_20260816_140000.mp4,1,400,1,24.0,41.666666666666664,20.884144,0.0,1.320538,319.516699,39.659146,0.0,360.49638300000004,381.38052700000003,True,True,5476.822265625,11945.0234375,3032.15185546875,9318.251953125,10523,6632
offline,ANU-25-summer-14_20260816_140000.mp4,1,401,1,24.0,41.666666666666664,11.643927,0.0,1.826495,312.007146,38.693455,0.0,352.52709600000003,364.17102300000005,True,True,6216.7236328125,11440.90625,3867.48974609375,10066.796875,11152,8306
offline,ANU-25-summer-14_20260816_140000.mp4,1,402,1,24.0,41.666666666666664,16.852027,0.0,5.096602,313.445554,42.088227,0.0,360.63038300000005,377.4824100000001,True,True,9082.71875,15551.5546875,6433.6796875,12473.525390625,14121,9543
offline,ANU-25-summer-14_20260816_140000.mp4,1,403,1,24.0,41.666666666666664,15.128753,0.0,1.391075,313.858957,42.71146,0.0,357.96149199999996,373.090245,True,True,9896.5419921875,11822.818359375,8980.3447265625,8154.060546875,14011,10222
offline,ANU-25-summer-14_20260816_140000.mp4,1,404,1,24.0,41.666666666666664,14.355226,0.0,1.695978,310.62109,36.920885,0.0,349.237953,363.593179,True,True,9837.982421875,15202.732421875,8254.736328125,13968.05078125,12835,10512
offline,ANU-25-summer-14_20260816_140000.mp4,1,405,1,24.0,41.666666666666664,17.862756,0.0,1.604443,319.857344,44.241551,0.0,365.70333800000003,383.566094,True,True,6549.505859375,12311.849609375,5612.4580078125,11016.25390625,11567,9588
offline,ANU-25-summer-14_20260816_140000.mp4,1,406,1,24.0,41.666666666666664,15.365454,0.0,1.460167,311.785149,40.265843,0.0,353.511159,368.876613,True,True,13325.568359375,9198.9091796875,11060.2197265625,8714.2734375,12090,9744
offline,ANU-25-summer-14_20260816_140000.mp4,1,407,1,24.0,41.666666666666664,12.249308,0.0,1.385816,312.998171,42.13806,0.0,356.522047,368.77135499999997,True,True,6230.54736328125,15482.564453125,6112.5263671875,13267.634765625,12597,10350
offline,ANU-25-summer-14_20260816_140000.mp4,1,408,1,24.0,41.666666666666664,11.802758,0.0,1.698016,314.515356,52.149841,0.0,368.363213,380.16597099999996,True,True,16057.2763671875,11768.9404296875,14973.08203125,9041.6953125,14753,10980
offline,ANU-25-summer-14_20260816_140000.mp4,1,409,1,24.0,41.666666666666664,11.748926,0.0,1.721274,318.073866,37.541933,0.0,357.33707300000003,369.085999,True,True,13684.380859375,10426.8046875,12603.0927734375,7556.4609375,12072,9001
offline,ANU-25-summer-14_20260816_140000.mp4,1,410,1,24.0,41.666666666666664,17.431447,0.0,1.509573,319.860566,45.068393,0.0,366.438532,383.869979,True,True,9602.9794921875,11594.75,8997.8447265625,10288.134765625,12894,11041
offline,ANU-25-summer-14_20260816_140000.mp4,1,411,1,24.0,41.666666666666664,15.429416,0.0,1.295688,311.643411,41.312774,0.0,354.251873,369.681289,True,True,8806.849609375,13542.26171875,6254.34130859375,11937.7158203125,14055,10763
offline,ANU-25-summer-14_20260816_140000.mp4,1,412,1,24.0,41.666666666666664,11.900756,0.0,1.662812,311.960075,42.294799,0.0,355.917686,367.818442,True,True,9998.96875,8741.853515625,9263.609375,7912.73779296875,12555,10717
offline,ANU-25-summer-14_20260816_140000.mp4,1,413,1,24.0,41.666666666666664,12.355659,0.0,1.433426,313.520332,42.470444,0.0,357.424202,369.779861,True,True,13218.12890625,11538.0322265625,11490.8193359375,9661.892578125,13533,10346
offline,ANU-25-summer-14_20260816_140000.mp4,1,414,1,24.0,41.666666666666664,11.320746,0.0,1.674609,311.216843,37.385657,0.0,350.27710899999994,361.5978549999999,True,True,13997.78125,8751.0595703125,12429.876953125,7952.92578125,13117,10840
offline,ANU-25-summer-14_20260816_140000.mp4,1,415,1,24.0,41.666666666666664,17.315707,0.0,1.401371,321.479806,42.36139,0.0,365.242567,382.558274,True,True,17390.26953125,10041.537109375,16033.234375,8383.017578125,14239,11795
offline,ANU-25-summer-14_20260816_140000.mp4,1,416,1,24.0,41.666666666666664,11.406671,0.0,1.713868,314.407265,42.015302,0.0,358.136435,369.543106,True,True,17721.333984375,7829.17041015625,17253.763671875,6285.8154296875,12969,11889
offline,ANU-25-summer-14_20260816_140000.mp4,1,417,1,24.0,41.666666666666664,11.551687,0.0,1.406741,311.826261,40.147881,0.0,353.380883,364.93257,True,True,7781.4326171875,4910.9384765625,7177.21240234375,3531.6884765625,10353,8450
offline,ANU-25-summer-14_20260816_140000.mp4,1,418,1,24.0,41.666666666666664,11.45254,0.0,1.494759,307.044341,37.964483,0.0,346.50358299999994,357.95612299999993,True,True,10242.95703125,6821.146484375,9491.6787109375,5430.0205078125,10719,8272
offline,ANU-25-summer-14_20260816_140000.mp4,1,419,1,24.0,41.666666666666664,16.937823,0.0,1.338076,309.542346,36.431169,0.0,347.311591,364.249414,True,True,11356.2666015625,6184.3935546875,10413.9013671875,3817.7314453125,11011,7727
offline,ANU-25-summer-14_20260816_140000.mp4,1,420,1,24.0,41.666666666666664,17.912274,0.0,1.703886,320.785852,44.908506,0.0,367.398244,385.310518,True,True,13859.5576171875,1950.200439453125,12608.0556640625,1321.3115234375,11522,9431
offline,ANU-25-summer-14_20260816_140000.mp4,1,421,1,24.0,41.666666666666664,12.79406,0.0,1.345557,312.365217,36.965606,0.0,350.67637999999994,363.47043999999994,True,True,9480.861328125,4668.95263671875,8290.193359375,2518.932373046875,9528,6540
offline,ANU-25-summer-14_20260816_140000.mp4,1,422,1,24.0,41.666666666666664,11.809443,0.0,1.551295,312.97284,38.334516,0.0,352.858651,364.668094,True,True,6573.7197265625,2540.13427734375,3506.442626953125,1772.6158447265625,7952,4949
offline,ANU-25-summer-14_20260816_140000.mp4,1,423,1,24.0,41.666666666666664,12.490583,0.0,5.065121,312.176647,37.515377,0.0,354.757145,367.247728,True,True,9923.716796875,5431.173828125,8398.16796875,3918.0078125,9658,6931
offline,ANU-25-summer-14_20260816_140000.mp4,1,424,1,24.0,41.666666666666664,12.347641,0.0,1.785236,309.324535,31.699766,0.0,342.80953700000003,355.15717800000004,True,True,4417.70654296875,6876.2080078125,3647.8798828125,4834.357421875,6703,4685
offline,ANU-25-summer-14_20260816_140000.mp4,1,425,1,24.0,41.666666666666664,18.479211,0.0,1.296317,318.968005,37.619821,0.0,357.884143,376.363354,True,True,7327.03369140625,4835.66064453125,5683.8193359375,3588.673583984375,8512,5856
offline,ANU-25-summer-14_20260816_140000.mp4,1,426,1,24.0,41.666666666666664,11.739426,0.0,1.646831,311.987908,39.425872,0.0,353.060611,364.800037,True,True,10096.837890625,7690.005859375,7940.1796875,7131.94091796875,11258,8445
offline,ANU-25-summer-14_20260816_140000.mp4,1,427,1,24.0,41.666666666666664,11.873406,0.0,1.675126,318.652435,48.340426,0.0,368.667987,380.54139299999997,True,True,10507.5771484375,8293.91015625,7856.2939453125,6677.45166015625,13085,9760
offline,ANU-25-summer-14_20260816_140000.mp4,1,428,1,24.0,41.666666666666664,12.526749,0.0,1.968364,318.942487,39.018581,0.0,359.929432,372.456181,True,True,13112.263671875,7853.123046875,8993.3076171875,5765.27587890625,12978,8055
offline,ANU-25-summer-14_20260816_140000.mp4,1,429,1,24.0,41.666666666666664,15.662042,0.0,1.76483,310.413966,37.635136,0.0,349.813932,365.475974,True,True,8834.708984375,7471.669921875,7676.2412109375,5528.1259765625,11590,8397
offline,ANU-25-summer-14_20260816_140000.mp4,1,430,1,24.0,41.666666666666664,17.527223,0.0,1.632905,321.547251,43.206714,0.0,366.38687,383.914093,True,True,10970.013671875,8079.94921875,9713.025390625,6827.9951171875,12336,9753
offline,ANU-25-summer-14_20260816_140000.mp4,1,431,1,24.0,41.666666666666664,11.4313,0.0,1.726108,312.958989,37.407286,0.0,352.092383,363.523683,True,True,5044.7490234375,4765.0732421875,3908.89208984375,3768.605224609375,9057,6459
offline,ANU-25-summer-14_20260816_140000.mp4,1,432,1,24.0,41.666666666666664,12.20103,0.0,1.734681,313.014636,41.054314,0.0,355.803631,368.004661,True,True,6845.06494140625,4732.6474609375,6167.2119140625,3096.372802734375,9640,6967
offline,ANU-25-summer-14_20260816_140000.mp4,1,433,1,24.0,41.666666666666664,11.761056,0.0,1.771311,312.603161,36.37167,0.0,350.746142,362.507198,True,True,5542.5029296875,6126.87890625,5153.0615234375,3009.02490234375,8337,5702
offline,ANU-25-summer-14_20260816_140000.mp4,1,434,1,24.0,41.666666666666664,11.89596,0.0,1.665368,310.27943,40.418934,0.0,352.36373199999997,364.259692,True,True,10577.5966796875,11090.548828125,9981.86328125,8681.3623046875,14813,11498
offline,ANU-25-summer-14_20260816_140000.mp4,1,435,1,24.0,41.666666666666664,17.650814,0.0,1.628202,321.014017,43.653578,0.0,366.295797,383.946611,True,True,12465.8125,8343.41015625,10345.201171875,6896.9951171875,12517,9375
offline,ANU-25-summer-14_20260816_140000.mp4,1,436,1,24.0,41.666666666666664,11.957182,0.0,1.69509,313.129765,39.51676,0.0,354.341615,366.298797,True,True,8554.7265625,14971.19921875,7137.62744140625,11686.03125,13173,9189
offline,ANU-25-summer-14_20260816_140000.mp4,1,437,1,24.0,41.666666666666664,11.863536,0.0,1.788015,313.083118,42.332835,0.0,357.203968,369.067504,True,True,5353.3056640625,16720.0703125,4575.5751953125,13790.375,14117,11256
offline,ANU-25-summer-14_20260816_140000.mp4,1,438,1,24.0,41.666666666666664,11.597075,0.0,1.597665,313.871774,41.789175,0.0,357.258614,368.85568900000004,True,True,9267.513671875,10320.603515625,8356.09375,8265.783203125,13477,10469
offline,ANU-25-summer-14_20260816_140000.mp4,1,439,1,24.0,41.666666666666664,12.334492,0.0,1.794755,310.318024,35.134816,0.0,347.247595,359.582087,True,True,4599.88037109375,10379.994140625,3838.265625,9052.3544921875,10135,7989
offline,ANU-25-summer-14_20260816_140000.mp4,1,440,1,24.0,41.666666666666664,20.900051,0.0,1.628553,320.251083,37.68445,0.0,359.564086,380.464137,True,True,3152.83447265625,6793.2177734375,1988.020751953125,5367.1533203125,8226,5387
offline,ANU-25-summer-14_20260816_140000.mp4,1,441,1,24.0,41.666666666666664,11.153619,0.0,1.806014,311.816616,37.751819,0.0,351.374449,362.528068,True,True,6001.8671875,8796.359375,2752.05029296875,6545.38330078125,9350,6182
offline,ANU-25-summer-14_20260816_140000.mp4,1,442,1,24.0,41.666666666666664,11.373004,0.0,1.613684,312.435052,41.988025,0.0,356.03676099999996,367.40976499999994,True,True,4084.4580078125,9952.4677734375,3719.005615234375,7956.537109375,10066,7608
offline,ANU-25-summer-14_20260816_140000.mp4,1,443,1,24.0,41.666666666666664,11.561354,0.0,1.744682,312.065557,40.737133,0.0,354.547372,366.108726,True,True,6622.689453125,10083.71875,5152.4921875,7572.84130859375,11255,7869
offline,ANU-25-summer-14_20260816_140000.mp4,1,444,1,24.0,41.666666666666664,12.416806,0.0,1.883069,309.765197,33.330931,0.0,344.979197,357.396003,True,True,9217.9091796875,6005.7978515625,8202.837890625,4170.44921875,9227,6837
offline,ANU-25-summer-14_20260816_140000.mp4,1,445,1,24.0,41.666666666666664,17.945421,0.0,1.586702,319.879274,39.106043,0.0,360.572019,378.51744,True,True,14574.583984375,6624.44384765625,11249.033203125,6022.734375,12307,9266
offline,ANU-25-summer-14_20260816_140000.mp4,1,446,1,24.0,41.666666666666664,11.571428,0.0,1.478593,318.320089,42.865014,0.0,362.66369599999996,374.235124,True,True,8579.36328125,7959.12548828125,7318.9755859375,4012.71826171875,11800,7102
offline,ANU-25-summer-14_20260816_140000.mp4,1,447,1,24.0,41.666666666666664,12.29753,0.0,1.774848,322.778886,39.931718,0.0,364.485452,376.782982,True,True,8027.666015625,12522.888671875,7610.58251953125,9094.2470703125,11343,8640
offline,ANU-25-summer-14_20260816_140000.mp4,1,448,1,24.0,41.666666666666664,11.817258,0.0,1.696478,313.515688,40.105493,0.0,355.31765900000005,367.13491700000003,True,True,9430.52734375,8437.5263671875,7970.7431640625,5443.59765625,13103,9702
offline,ANU-25-summer-14_20260816_140000.mp4,1,449,1,24.0,41.666666666666664,12.0322,0.0,1.755886,309.924899,35.865158,0.0,347.54594299999997,359.57814299999995,True,True,10962.044921875,2437.55029296875,10263.7333984375,1942.6875,9103,7820
offline,ANU-25-summer-14_20260816_140000.mp4,1,450,1,24.0,41.666666666666664,17.215023,0.0,1.645591,320.642246,43.112936,0.0,365.400773,382.615796,True,True,7749.3505859375,5268.76025390625,6876.419921875,4008.23583984375,9958,8043
offline,ANU-25-summer-14_20260816_140000.mp4,1,451,1,24.0,41.666666666666664,11.642076,0.0,1.781033,312.343481,38.874787,0.0,352.99930099999995,364.6413769999999,True,True,10920.75,4122.9619140625,10114.814453125,2191.74658203125,10876,8125
offline,ANU-25-summer-14_20260816_140000.mp4,1,452,1,24.0,41.666666666666664,11.848647,0.0,1.765052,312.998584,40.513118,0.0,355.27675400000004,367.125401,True,True,8221.1875,6331.275390625,7188.8154296875,4935.884765625,10278,8232
offline,ANU-25-summer-14_20260816_140000.mp4,1,453,1,24.0,41.666666666666664,11.531743,0.0,1.667887,312.416813,39.038081,0.0,353.122781,364.654524,True,True,4975.62744140625,11229.279296875,4620.943359375,8525.19921875,9392,6941
offline,ANU-25-summer-14_20260816_140000.mp4,1,454,1,24.0,41.666666666666664,11.928127,0.0,1.638072,309.495813,35.421015,0.0,346.55490000000003,358.48302700000005,True,True,4397.79443359375,9189.7919921875,2823.45947265625,8116.408203125,8790,6408
offline,ANU-25-summer-14_20260816_140000.mp4,1,455,1,24.0,41.666666666666664,18.732393,0.0,1.544073,320.096402,42.625258,0.0,364.26573300000007,382.99812600000007,True,True,9535.787109375,9249.412109375,8466.26953125,7881.11376953125,11249,8919
offline,ANU-25-summer-14_20260816_140000.mp4,1,456,1,24.0,41.666666666666664,11.498854,0.0,1.82257,312.299593,40.416786,0.0,354.538949,366.037803,True,True,5017.5224609375,14949.017578125,4276.974609375,11461.818359375,11647,7411
offline,ANU-25-summer-14_20260816_140000.mp4,1,457,1,24.0,41.666666666666664,11.819351,0.0,1.805237,312.01317,46.479876,0.0,360.29828299999997,372.11763399999995,True,True,4222.2646484375,10586.744140625,3468.488525390625,8239.46484375,11890,8958
offline,ANU-25-summer-14_20260816_140000.mp4,1,458,1,24.0,41.666666666666664,11.578484,0.0,1.631424,307.322933,38.710159,0.0,347.66451599999994,359.24299999999994,True,True,6728.087890625,17692.25390625,1632.826416015625,15422.0029296875,14416,10107
offline,ANU-25-summer-14_20260816_140000.mp4,1,459,1,24.0,41.666666666666664,17.584593,0.0,1.677368,309.887105,39.280671,0.0,350.845144,368.429737,True,True,7345.0166015625,10070.93359375,5190.16845703125,8619.583984375,11947,8908
offline,ANU-25-summer-14_20260816_140000.mp4,1,460,1,24.0,41.666666666666664,17.635888,0.0,1.658646,320.579248,44.006981,0.0,366.244875,383.880763,True,True,5056.78515625,11871.484375,4585.9814453125,10766.57421875,11234,9581
offline,ANU-25-summer-14_20260816_140000.mp4,1,461,1,24.0,41.666666666666664,11.428652,0.0,1.625184,311.669694,41.536457,0.0,354.83133499999997,366.25998699999997,True,True,3744.523193359375,11823.8994140625,3359.68505859375,10926.73046875,10386,9141
offline,ANU-25-summer-14_20260816_140000.mp4,1,462,1,24.0,41.666666666666664,11.52241,0.0,1.480814,312.841345,42.125116,0.0,356.447275,367.96968499999997,True,True,7989.91357421875,16195.6533203125,7003.68212890625,13892.4873046875,12900,10015
offline,ANU-25-summer-14_20260816_140000.mp4,1,463,1,24.0,41.666666666666664,11.60952,0.0,1.645832,312.294204,42.777089,0.0,356.71712499999995,368.3266449999999,True,True,11251.0830078125,13657.654296875,9908.283203125,11902.8671875,14346,10908
offline,ANU-25-summer-14_20260816_140000.mp4,1,464,1,24.0,41.666666666666664,11.896128,0.0,1.568369,310.472709,37.783227,0.0,349.82430500000004,361.720433,True,True,13779.56640625,12985.2607421875,10748.78515625,12450.357421875,13494,11311
offline,ANU-25-summer-14_20260816_140000.mp4,1,465,1,24.0,41.666666666666664,17.35391,0.0,1.537869,327.250664,54.617811,0.0,383.406344,400.760254,True,True,8905.1962890625,7463.8193359375,7749.181640625,6063.3701171875,11564,9144
offline,ANU-25-summer-14_20260816_140000.mp4,1,466,1,24.0,41.666666666666664,11.860572,0.0,1.77633,315.695903,43.202047,0.0,360.67427999999995,372.53485199999994,True,True,7559.373046875,9302.23046875,6470.568359375,7737.93798828125,12735,10049
offline,ANU-25-summer-14_20260816_140000.mp4,1,467,1,24.0,41.666666666666664,11.673223,0.0,1.656757,312.0743,41.961026,0.0,355.692083,367.36530600000003,True,True,4638.193359375,14154.623046875,3330.208984375,13324.580078125,11551,9616
offline,ANU-25-summer-14_20260816_140000.mp4,1,468,1,24.0,41.666666666666664,11.414726,0.0,1.492055,314.133459,40.470897,0.0,356.096411,367.51113699999996,True,True,7034.89794921875,20297.814453125,5495.7998046875,18240.3046875,13284,10299
offline,ANU-25-summer-14_20260816_140000.mp4,1,469,1,24.0,41.666666666666664,11.947053,0.0,1.710941,310.295119,38.776269,0.0,350.782329,362.729382,True,True,5882.1025390625,21182.689453125,5099.95703125,20802.1953125,11857,10340
offline,ANU-25-summer-14_20260816_140000.mp4,1,470,1,24.0,41.666666666666664,17.912885,0.0,1.960364,320.340233,43.9925,0.0,366.29309700000005,384.20598200000006,True,True,4038.92626953125,18066.412109375,3821.881103515625,17353.62109375,11082,10014
offline,ANU-25-summer-14_20260816_140000.mp4,1,471,1,24.0,41.666666666666664,11.629205,0.0,1.812866,313.844964,39.360855,0.0,355.018685,366.64789,True,True,8072.9833984375,9027.03515625,6574.9345703125,8645.12890625,9242,7458
offline,ANU-25-summer-14_20260816_140000.mp4,1,472,1,24.0,41.666666666666664,11.097415,0.0,1.557388,313.265026,42.05695,0.0,356.879364,367.976779,True,True,5727.9990234375,8456.234375,4198.5595703125,7066.1748046875,10428,7777
offline,ANU-25-summer-14_20260816_140000.mp4,1,473,1,24.0,41.666666666666664,11.50641,0.0,1.623054,314.284902,42.842885,0.0,358.75084100000004,370.25725100000005,True,True,10258.45703125,10987.302734375,9520.2890625,9330.8828125,12445,10039
offline,ANU-25-summer-14_20260816_140000.mp4,1,474,1,24.0,41.666666666666664,11.720223,0.0,1.864643,311.066388,34.50975,0.0,347.440781,359.161004,True,True,12823.8623046875,11114.173828125,11841.1328125,9126.7646484375,11676,8648
offline,ANU-25-summer-14_20260816_140000.mp4,1,475,1,24.0,41.666666666666664,17.805145,0.0,1.575851,321.575144,46.476025,0.0,369.62702,387.432165,True,True,3765.5888671875,18714.58203125,2956.2626953125,16438.654296875,13478,10554
offline,ANU-25-summer-14_20260816_140000.mp4,1,476,1,24.0,41.666666666666664,15.780097,0.0,1.182004,315.515128,42.189856,0.0,358.88698800000003,374.66708500000004,True,True,10786.25390625,9494.2470703125,9556.509765625,7826.4951171875,11581,8683
offline,ANU-25-summer-14_20260816_140000.mp4,1,477,1,24.0,41.666666666666664,11.539318,0.0,1.561406,313.742169,42.635184,0.0,357.93875899999995,369.4780769999999,True,True,2511.310546875,18612.798828125,1688.5516357421875,17605.1484375,9716,8222
offline,ANU-25-summer-14_20260816_140000.mp4,1,478,1,24.0,41.666666666666664,11.752685,0.0,1.65285,315.128541,39.851886,0.0,356.63327699999996,368.38596199999995,True,True,5569.71630859375,10889.150390625,4522.2060546875,9716.8447265625,9475,7483
offline,ANU-25-summer-14_20260816_140000.mp4,1,479,1,24.0,41.666666666666664,12.286308,0.0,1.715145,311.219998,35.952602,0.0,348.887745,361.174053,True,True,6604.02392578125,10305.99609375,5633.25,8539.046875,10211,7473
offline,ANU-25-summer-14_20260816_140000.mp4,1,480,1,24.0,41.666666666666664,18.245121,0.0,1.238022,322.759834,40.386028,0.0,364.383884,382.629005,True,True,5031.478515625,15342.837890625,3529.736328125,13773.298828125,10740,7623
offline,ANU-25-summer-14_20260816_140000.mp4,1,481,1,24.0,41.666666666666664,11.651075,0.0,1.616405,312.070542,41.42557,0.0,355.11251699999997,366.76359199999996,True,True,5743.24755859375,11612.8896484375,5056.7197265625,9800.3134765625,11291,9142
offline,ANU-25-summer-14_20260816_140000.mp4,1,482,1,24.0,41.666666666666664,11.831369,0.0,1.713553,313.146603,42.912162,0.0,357.77231800000004,369.60368700000004,True,True,5234.5205078125,8431.271484375,4740.923828125,5944.46240234375,10014,7744
offline,ANU-25-summer-14_20260816_140000.mp4,1,483,1,24.0,41.666666666666664,11.586095,0.0,1.672367,312.97279,42.119061,0.0,356.76421799999997,368.35031299999997,True,True,6160.439453125,14877.0,5778.3037109375,13806.712890625,9555,8144
offline,ANU-25-summer-14_20260816_140000.mp4,1,484,1,24.0,41.666666666666664,14.251876,0.0,1.574962,324.588662,34.233346,0.0,360.39697,374.648846,True,True,15838.9765625,3991.5556640625,9635.3935546875,2804.10009765625,10958,7024
offline,ANU-25-summer-14_20260816_140000.mp4,1,485,1,24.0,41.666666666666664,17.214134,0.0,1.519092,320.474344,45.584943,0.0,367.578379,384.792513,True,True,9247.583984375,8710.9453125,8130.142578125,8263.962890625,11830,10225
offline,ANU-25-summer-14_20260816_140000.mp4,1,486,1,24.0,41.666666666666664,11.009713,0.0,1.655868,312.854922,41.103944,0.0,355.614734,366.624447,True,True,17166.634765625,6032.1171875,14808.693359375,5065.451171875,12613,9506
offline,ANU-25-summer-14_20260816_140000.mp4,1,487,1,24.0,41.666666666666664,11.634446,0.0,1.782959,312.839181,46.594245,0.0,361.216385,372.850831,True,True,8185.109375,20137.73046875,7462.4033203125,18633.90234375,14480,12800
offline,ANU-25-summer-14_20260816_140000.mp4,1,488,1,24.0,41.666666666666664,14.800887,0.0,1.277484,313.530414,40.669394,0.0,355.47729200000003,370.278179,True,True,9315.5185546875,11516.142578125,7422.99365234375,10196.7265625,10788,8284
offline,ANU-25-summer-14_20260816_140000.mp4,1,489,1,24.0,41.666666666666664,12.166457,0.0,1.80894,310.358213,40.473637,0.0,352.64079,364.80724699999996,True,True,11811.5771484375,12201.34375,8865.35546875,10334.3779296875,13121,9653
offline,ANU-25-summer-14_20260816_140000.mp4,1,490,1,24.0,41.666666666666664,17.780479,0.0,1.944382,321.093911,44.160443,0.0,367.198736,384.979215,True,True,14490.052734375,14628.6123046875,11133.98828125,13053.5205078125,15064,11131
offline,ANU-25-summer-14_20260816_140000.mp4,1,491,1,24.0,41.666666666666664,11.827758,0.0,1.717738,313.707948,42.476649,0.0,357.902335,369.730093,True,True,14357.193359375,11257.6796875,12309.5263671875,8281.583984375,13745,9927
offline,ANU-25-summer-14_20260816_140000.mp4,1,492,1,24.0,41.666666666666664,11.891387,0.0,1.410631,312.487131,43.945001,0.0,357.842763,369.73415,True,True,9573.12109375,5533.21435546875,9125.58203125,4639.15185546875,9718,8517
offline,ANU-25-summer-14_20260816_140000.mp4,1,493,1,24.0,41.666666666666664,11.540873,0.0,1.658238,313.715542,37.486509,0.0,352.860289,364.401162,True,True,7733.193359375,7470.23193359375,7352.57958984375,6521.75,9275,7683
offline,ANU-25-summer-14_20260816_140000.mp4,1,494,1,24.0,41.666666666666664,12.062885,0.0,1.693349,310.432842,36.769907,0.0,348.896098,360.958983,True,True,7356.8388671875,6695.423828125,6493.3076171875,4284.46240234375,10823,7460
offline,ANU-25-summer-14_20260816_140000.mp4,1,495,1,24.0,41.666666666666664,17.328429,0.0,1.942364,321.929827,45.566685,0.0,369.438876,386.76730499999996,True,True,6734.375,13509.4716796875,6461.1005859375,10974.236328125,12344,10142
offline,ANU-25-summer-14_20260816_140000.mp4,1,496,1,24.0,41.666666666666664,11.00525,0.0,1.289261,314.438403,45.320743,0.0,361.048407,372.053657,True,True,3791.8359375,12849.736328125,3179.54150390625,11001.697265625,11866,9639
offline,ANU-25-summer-14_20260816_140000.mp4,1,497,1,24.0,41.666666666666664,11.545614,0.0,1.666683,311.656753,40.056253,0.0,353.379689,364.925303,True,True,2538.38134765625,13202.3212890625,1789.06982421875,11320.6357421875,10308,7859
offline,ANU-25-summer-14_20260816_140000.mp4,1,498,1,24.0,41.666666666666664,11.791,0.0,1.663627,314.430941,40.489638,0.0,356.58420600000005,368.37520600000005,True,True,6709.5244140625,18301.34765625,6140.8583984375,16945.3671875,12928,11367
offline,ANU-25-summer-14_20260816_140000.mp4,1,499,1,24.0,41.666666666666664,12.002681,0.0,1.567443,310.437694,37.874041,0.0,349.879178,361.881859,True,True,3802.3984375,18334.21875,2681.51123046875,17788.919921875,13050,11764
offline,ANU-25-summer-14_20260816_140000.mp4,1,500,1,24.0,41.666666666666664,20.543648,0.0,1.541055,321.445648,44.307774,0.0,367.29447700000003,387.83812500000005,True,True,10476.5966796875,17229.466796875,9348.3125,15769.630859375,14102,11884
offline,ANU-25-summer-14_20260816_140000.mp4,1,501,1,24.0,41.666666666666664,11.421689,0.0,1.622016,312.859423,40.555359,0.0,355.036798,366.458487,True,True,9915.462890625,11226.15625,8697.04296875,10495.255859375,11172,9207
offline,ANU-25-summer-14_20260816_140000.mp4,1,502,1,24.0,41.666666666666664,11.847147,0.0,1.727164,319.646208,47.8776,0.0,369.25097200000005,381.09811900000005,True,True,4625.1552734375,13923.453125,3617.12646484375,13043.94140625,10935,9264
offline,ANU-25-summer-14_20260816_140000.mp4,1,503,1,24.0,41.666666666666664,15.672728,0.0,1.570592,320.882304,38.023372,0.0,360.47626799999995,376.14899599999995,True,True,6235.1328125,10109.921875,4783.65234375,9722.8154296875,10097,8349
offline,ANU-25-summer-14_20260816_140000.mp4,1,504,1,24.0,41.666666666666664,11.792221,0.0,1.373576,311.640124,37.166013,0.0,350.17971300000005,361.97193400000003,True,True,7154.470703125,11898.908203125,5621.4169921875,10261.8251953125,11539,8784
offline,ANU-25-summer-14_20260816_140000.mp4,1,505,1,24.0,41.666666666666664,18.189067,0.0,1.374001,321.439723,40.618858,0.0,363.432582,381.62164900000005,True,True,9771.4501953125,7635.0830078125,8489.072265625,6484.826171875,9580,7914
offline,ANU-25-summer-14_20260816_140000.mp4,1,506,1,24.0,41.666666666666664,11.497262,0.0,1.365649,313.467601,38.557384,0.0,353.39063400000003,364.887896,True,True,14434.419921875,7658.4345703125,11573.017578125,5846.57421875,11019,8280
offline,ANU-25-summer-14_20260816_140000.mp4,1,507,1,24.0,41.666666666666664,12.71234,0.0,1.457815,318.317984,40.423731,0.0,360.19953,372.91186999999996,True,True,11918.603515625,4487.36181640625,11280.71484375,2973.006103515625,10492,8252
offline,ANU-25-summer-14_20260816_140000.mp4,1,508,1,24.0,41.666666666666664,11.412782,0.0,1.243003,315.55626,39.591759,0.0,356.391022,367.803804,True,True,13971.458984375,3252.87451171875,12494.205078125,2426.46630859375,10390,8370
offline,ANU-25-summer-14_20260816_140000.mp4,1,509,1,24.0,41.666666666666664,11.991386,0.0,1.532963,310.443455,39.598519,0.0,351.574937,363.56632299999995,True,True,10569.9638671875,6700.64111328125,9506.51953125,5370.4755859375,11606,9011
offline,ANU-25-summer-14_20260816_140000.mp4,1,510,1,24.0,41.666666666666664,17.65611,0.0,1.649202,320.705899,40.315454,0.0,362.670555,380.326665,True,True,7098.7734375,8360.552734375,5659.09326171875,7262.43603515625,8547,6428
offline,ANU-25-summer-14_20260816_140000.mp4,1,511,1,24.0,41.666666666666664,12.629878,0.0,1.497778,316.834874,39.568631,0.0,357.901283,370.531161,True,True,7906.716796875,5472.966796875,7517.09033203125,4451.1484375,8695,7283
offline,ANU-25-summer-14_20260816_140000.mp4,1,512,1,24.0,41.666666666666664,11.362783,0.0,1.251318,315.88246,41.088649,0.0,358.222427,369.58520999999996,True,True,6686.375,5374.86767578125,5128.2333984375,4621.060546875,7845,5896
offline,ANU-25-summer-14_20260816_140000.mp4,1,513,1,24.0,41.666666666666664,12.284308,0.0,1.415612,315.02073,44.432662,0.0,360.869004,373.153312,True,True,5019.18994140625,11037.17578125,3775.981689453125,9371.611328125,10992,8405
offline,ANU-25-summer-14_20260816_140000.mp4,1,514,1,24.0,41.666666666666664,11.947423,0.0,1.447223,312.773315,42.870033,0.0,357.090571,369.037994,True,True,10796.9765625,4956.798828125,8218.9140625,4298.296875,10279,7327
offline,ANU-25-summer-14_20260816_140000.mp4,1,515,1,24.0,41.666666666666664,17.222171,0.0,1.33089,324.546833,41.064315,0.0,366.942038,384.164209,True,True,7675.7685546875,6878.69921875,6735.939453125,6599.9326171875,7941,6788
offline,ANU-25-summer-14_20260816_140000.mp4,1,516,1,24.0,41.666666666666664,11.612965,0.0,1.249373,313.412177,41.689808,0.0,356.351358,367.964323,True,True,8452.4150390625,7595.36669921875,7379.51513671875,5757.51513671875,10403,7548
offline,ANU-25-summer-14_20260816_140000.mp4,1,517,1,24.0,41.666666666666664,11.481041,0.0,1.375019,313.788727,42.398558,0.0,357.562304,369.043345,True,True,2759.46533203125,7077.06884765625,2325.34228515625,5694.0576171875,6290,4467
offline,ANU-25-summer-14_20260816_140000.mp4,1,518,1,24.0,41.666666666666664,13.62342,0.0,2.480506,324.192059,39.105915,0.0,365.77847999999994,379.40189999999996,True,True,3555.05224609375,7982.578125,3279.62548828125,6944.83349609375,6950,5731
offline,ANU-25-summer-14_20260816_140000.mp4,1,519,1,24.0,41.666666666666664,14.745111,0.0,1.555055,310.223736,34.810154,0.0,346.58894499999997,361.334056,True,True,3308.0107421875,10451.1923828125,2669.292724609375,8642.884765625,7596,5570
offline,ANU-25-summer-14_20260816_140000.mp4,1,520,1,24.0,41.666666666666664,21.757078,0.0,1.470741,316.094329,36.766666,0.0,354.331736,376.08881399999996,True,True,5322.6875,7356.64892578125,3586.6044921875,6638.189453125,7463,5636
offline,ANU-25-summer-14_20260816_140000.mp4,1,521,1,24.0,41.666666666666664,18.516841,0.0,1.374112,332.234848,53.692471,0.0,387.30143100000004,405.81827200000004,True,True,9884.7255859375,5985.61279296875,7473.1650390625,5181.89453125,11046,8108
offline,ANU-25-summer-14_20260816_140000.mp4,1,522,1,24.0,41.666666666666664,17.822331,0.0,1.366668,443.811089,42.818478,0.0,487.99623499999996,505.818566,True,True,5545.92529296875,4568.8388671875,3573.497314453125,2726.4052734375,7871,4621
offline,ANU-25-summer-14_20260816_140000.mp4,1,523,1,24.0,41.666666666666664,14.980274,0.0,1.553443,317.507107,39.45428,0.0,358.51483,373.495104,True,True,7822.8798828125,6420.22314453125,6002.3837890625,4913.6748046875,11371,8465
offline,ANU-25-summer-14_20260816_140000.mp4,1,524,1,24.0,41.666666666666664,20.110172,0.0,1.29241,318.389541,42.721757,0.0,362.40370800000005,382.51388000000003,True,True,7453.34375,7943.5,6643.09765625,6736.3857421875,10308,8485
offline,ANU-25-summer-14_20260816_140000.mp4,1,525,1,24.0,41.666666666666664,18.397045,0.0,1.377593,310.512844,35.332925,0.0,347.22336199999995,365.62040699999994,True,True,4847.0029296875,8788.0595703125,3656.194580078125,8390.4150390625,9060,7269
offline,ANU-25-summer-14_20260816_140000.mp4,1,526,1,24.0,41.666666666666664,17.485909,0.0,1.329484,316.470454,37.375973,0.0,355.175911,372.66182,True,True,5683.01953125,8193.208984375,4656.919921875,7099.3759765625,7957,6330
offline,ANU-25-summer-14_20260816_140000.mp4,1,527,1,24.0,41.666666666666664,14.426819,0.0,1.700256,309.747336,35.183112,0.0,346.63070400000004,361.05752300000006,True,True,9938.4384765625,7137.1611328125,7994.8896484375,6473.00390625,8951,6720
offline,ANU-25-summer-14_20260816_140000.mp4,1,528,1,24.0,41.666666666666664,16.061483,0.0,1.380131,317.270037,34.238661,0.0,352.888829,368.950312,True,True,3591.02783203125,4009.892822265625,2773.49853515625,3384.3193359375,4822,3402
offline,ANU-25-summer-14_20260816_140000.mp4,1,529,1,24.0,41.666666666666664,13.169334,0.0,1.35965,309.550135,33.385431,0.0,344.295216,357.46455,True,True,3309.19091796875,4788.57421875,2510.494140625,4186.927734375,6298,4860
offline,ANU-25-summer-14_20260816_140000.mp4,1,530,1,24.0,41.666666666666664,15.873633,0.0,1.467889,316.992726,35.698976,0.0,354.15959100000003,370.033224,True,True,5606.3916015625,5641.5869140625,4479.390625,5100.18896484375,6382,4593
offline,ANU-25-summer-14_20260816_140000.mp4,1,531,1,24.0,41.666666666666664,21.118215,0.0,1.315169,310.102276,34.454844,0.0,345.872289,366.99050400000004,True,True,10219.2109375,13005.7060546875,8202.130859375,9168.0322265625,11220,6837
offline,ANU-25-summer-14_20260816_140000.mp4,1,532,1,24.0,41.666666666666664,16.975694,0.0,1.289614,315.962517,39.285819,0.0,356.53794999999997,373.51364399999994,True,True,8669.2880859375,6533.30712890625,8086.14306640625,4625.60009765625,8107,6208
offline,ANU-25-summer-14_20260816_140000.mp4,1,533,1,24.0,41.666666666666664,17.517168,0.0,1.347001,311.203577,32.548978,0.0,345.09955599999995,362.616724,True,True,3340.544921875,3296.477783203125,2486.561279296875,2947.7470703125,5523,4176
offline,ANU-25-summer-14_20260816_140000.mp4,1,534,1,24.0,41.666666666666664,17.167857,0.0,1.431815,316.748044,33.977275,0.0,352.157134,369.324991,True,True,3840.003662109375,3619.03662109375,2395.0390625,2370.24755859375,6673,4224
offline,ANU-25-summer-14_20260816_140000.mp4,1,535,1,24.0,41.666666666666664,16.906676,0.0,1.459,310.349291,30.937387,0.0,342.745678,359.652354,True,True,6459.4580078125,3110.0263671875,5407.50048828125,882.8262329101562,6185,3593
offline,ANU-25-summer-14_20260816_140000.mp4,1,536,1,24.0,41.666666666666664,19.874008,0.0,1.303687,315.964887,32.603867,0.0,349.872441,369.746449,True,True,6270.419921875,2626.1728515625,4367.77978515625,1133.8240966796875,6174,3126
offline,ANU-25-summer-14_20260816_140000.mp4,1,537,1,24.0,41.666666666666664,16.46007,0.0,1.419352,309.421304,36.139767,0.0,346.98042300000003,363.44049300000006,True,True,9605.19921875,5530.7060546875,7840.9248046875,4428.6689453125,10334,7376
offline,ANU-25-summer-14_20260816_140000.mp4,1,538,1,24.0,41.666666666666664,16.849362,0.0,1.330187,317.465017,40.77369,0.0,359.568894,376.418256,True,True,10816.0703125,5012.150390625,8742.458984375,4094.19921875,10661,7960
offline,ANU-25-summer-14_20260816_140000.mp4,1,539,1,24.0,41.666666666666664,14.830406,0.0,1.436093,310.022592,33.253711,0.0,344.712396,359.542802,True,True,6522.9794921875,4087.728271484375,5551.52978515625,2623.48388671875,7987,5494
offline,ANU-25-summer-14_20260816_140000.mp4,1,540,1,24.0,41.666666666666664,17.140321,0.0,1.373705,315.783891,39.351448,0.0,356.50904399999996,373.649365,True,True,3771.06201171875,11782.0625,2535.0361328125,9813.11328125,8671,5976
offline,ANU-25-summer-14_20260816_140000.mp4,1,541,1,24.0,41.666666666666664,14.174728,0.0,1.420223,316.954543,44.011686,0.0,362.386452,376.56118000000004,True,True,6144.8095703125,9315.1552734375,5023.44384765625,7789.494140625,9597,7712
offline,ANU-25-summer-14_20260816_140000.mp4,1,542,1,24.0,41.666666666666664,18.140475,0.0,1.484148,323.558867,39.985273,0.0,365.02828800000003,383.168763,True,True,6841.29443359375,7529.31884765625,6261.138671875,6307.814453125,10055,8277
offline,ANU-25-summer-14_20260816_140000.mp4,1,543,1,24.0,41.666666666666664,14.302542,0.0,1.84644,309.341361,36.381078,0.0,347.568879,361.871421,True,True,7693.9677734375,9307.5986328125,6329.9736328125,4037.48779296875,10168,6637
offline,ANU-25-summer-14_20260816_140000.mp4,1,544,1,24.0,41.666666666666664,16.900454,0.0,1.53098,316.518067,35.944713,0.0,353.99375999999995,370.894214,True,True,3578.5224609375,3553.98193359375,2923.3212890625,2920.682861328125,5627,4396
offline,ANU-25-summer-14_20260816_140000.mp4,1,545,1,24.0,41.666666666666664,17.620852,0.0,1.386131,308.908958,31.815155,0.0,342.11024399999997,359.731096,True,True,6422.384765625,3782.9033203125,5299.5615234375,3168.232421875,6335,4656
offline,ANU-25-summer-14_20260816_140000.mp4,1,546,1,24.0,41.666666666666664,16.960286,0.0,1.523147,315.879982,37.392122,0.0,354.795251,371.755537,True,True,2682.411376953125,8290.7001953125,2196.2861328125,6720.279296875,7122,5193
offline,ANU-25-summer-14_20260816_140000.mp4,1,547,1,24.0,41.666666666666664,14.743703,0.0,1.662923,309.942205,31.029127,0.0,342.634255,357.377958,True,True,5313.951171875,4947.046875,2468.6826171875,4321.6904296875,7585,4532
offline,ANU-25-summer-14_20260816_140000.mp4,1,548,1,24.0,41.666666666666664,17.226116,0.0,1.239151,315.635578,38.280943,0.0,355.155672,372.381788,True,True,5213.802734375,5037.72900390625,3921.55810546875,4623.7265625,7622,6045
offline,ANU-25-summer-14_20260816_140000.mp4,1,549,1,24.0,41.666666666666664,13.778919,0.0,1.386557,309.862966,32.672977,0.0,343.92249999999996,357.70141899999993,True,True,3689.82666015625,6551.248046875,3377.026611328125,3542.060546875,7498,4997
offline,ANU-25-summer-14_20260816_140000.mp4,1,550,1,24.0,41.666666666666664,16.999674,0.0,1.54711,316.379717,39.338782,0.0,357.265609,374.26528299999995,True,True,7404.88037109375,9415.03125,6279.57275390625,7981.2822265625,9760,7570
offline,ANU-25-summer-14_20260816_140000.mp4,1,551,1,24.0,41.666666666666664,14.412873,0.0,1.705275,310.803954,33.765889,0.0,346.27511799999996,360.68799099999995,True,True,3935.73681640625,16797.87109375,2443.68603515625,13592.9609375,10582,7161
offline,ANU-25-summer-14_20260816_140000.mp4,1,552,1,24.0,41.666666666666664,17.079248,0.0,1.981716,317.99903,37.70621,0.0,357.686956,374.766204,True,True,3726.80419921875,12627.529296875,2802.946044921875,11898.2294921875,9965,8214
offline,ANU-25-summer-14_20260816_140000.mp4,1,553,1,24.0,41.666666666666664,13.775326,0.0,1.603443,309.232919,35.121298,0.0,345.95766000000003,359.73298600000004,True,True,4860.578125,7307.36767578125,2807.1416015625,7081.8037109375,9606,7343
offline,ANU-25-summer-14_20260816_140000.mp4,1,554,1,24.0,41.666666666666664,16.886898,0.0,1.58422,317.511481,39.910071,0.0,359.00577200000004,375.89267,True,True,6075.16748046875,4988.4462890625,5373.654296875,4469.14013671875,7956,6639
offline,ANU-25-summer-14_20260816_140000.mp4,1,555,1,24.0,41.666666666666664,14.446652,0.0,1.721793,309.050865,34.293327,0.0,345.06598499999996,359.5126369999999,True,True,6715.3193359375,5540.63134765625,5045.498046875,3949.58203125,8744,5813
offline,ANU-25-summer-14_20260816_140000.mp4,1,556,1,24.0,41.666666666666664,17.317948,0.0,1.660683,317.770663,38.434034,0.0,357.86538,375.183328,True,True,9425.5888671875,8264.2216796875,8595.33984375,6911.373046875,9327,7601
offline,ANU-25-summer-14_20260816_140000.mp4,1,557,1,24.0,41.666666666666664,13.289518,0.0,1.308706,311.221986,34.445788,0.0,346.97648,360.26599799999997,True,True,14641.5,3207.4453125,11288.015625,2932.052734375,10660,7385
offline,ANU-25-summer-14_20260816_140000.mp4,1,558,1,24.0,41.666666666666664,16.824251,0.0,1.709479,317.73246,35.925585,0.0,355.367524,372.191775,True,True,12604.9912109375,3753.375,11644.01953125,2979.444580078125,8624,6935
offline,ANU-25-summer-14_20260816_140000.mp4,1,559,1,24.0,41.666666666666664,13.345017,0.0,1.898235,310.645845,33.611243,0.0,346.155323,359.50034,True,True,8916.7421875,7201.451171875,8328.28515625,6320.49609375,9132,7444
offline,ANU-25-summer-14_20260816_140000.mp4,1,560,1,24.0,41.666666666666664,17.213264,0.0,1.692238,325.906227,41.198129,0.0,368.79659399999997,386.00985799999995,True,True,11749.0380859375,9002.23828125,10301.7998046875,8041.2890625,9104,6988
offline,ANU-25-summer-14_20260816_140000.mp4,1,561,1,24.0,41.666666666666664,13.890158,0.0,1.605425,319.500197,34.313401,0.0,355.41902300000004,369.309181,True,True,8232.576171875,8614.546875,7230.150390625,7147.80322265625,7820,5653
offline,ANU-25-summer-14_20260816_140000.mp4,1,562,1,24.0,41.666666666666664,17.017434,0.0,1.624165,318.418637,37.560231,0.0,357.603033,374.62046699999996,True,True,11640.001953125,12077.4052734375,9973.80078125,9612.103515625,11021,7513
offline,ANU-25-summer-14_20260816_140000.mp4,1,563,1,24.0,41.666666666666664,14.288486,0.0,1.825662,310.832029,35.363888,0.0,348.021579,362.31006499999995,True,True,9029.880859375,6648.57958984375,8156.39306640625,4571.3603515625,9557,6937
offline,ANU-25-summer-14_20260816_140000.mp4,1,564,1,24.0,41.666666666666664,18.766615,0.0,1.680497,316.56392,37.3644,0.0,355.608817,374.375432,True,True,5656.0576171875,6738.29296875,4844.9189453125,5759.33154296875,7159,5492
offline,ANU-25-summer-14_20260816_140000.mp4,1,565,1,24.0,41.666666666666664,13.838807,0.0,1.803458,311.406077,34.887487,0.0,348.097022,361.93582899999996,True,True,12336.7138671875,4346.4384765625,7891.4814453125,3064.1435546875,10821,6953
offline,ANU-25-summer-14_20260816_140000.mp4,1,566,1,24.0,41.666666666666664,16.951361,0.0,1.728182,317.312003,37.90206,0.0,356.942245,373.89360600000003,True,True,9384.013671875,6479.3828125,7233.783203125,6259.021484375,9180,7255
offline,ANU-25-summer-14_20260816_140000.mp4,1,567,1,24.0,41.666666666666664,14.374134,0.0,1.93166,309.134514,32.766643,0.0,343.83281700000003,358.20695100000006,True,True,11319.8828125,4053.234130859375,8370.4814453125,3693.231201171875,10068,7340
offline,ANU-25-summer-14_20260816_140000.mp4,1,568,1,24.0,41.666666666666664,17.154969,0.0,1.640165,318.220214,39.342616,0.0,359.20299500000004,376.35796400000004,True,True,10394.7763671875,3843.6318359375,8224.349609375,1940.8629150390625,10320,6601
offline,ANU-25-summer-14_20260816_140000.mp4,1,569,1,24.0,41.666666666666664,13.793975,0.0,1.618239,310.473015,38.632458,0.0,350.723712,364.51768699999997,True,True,10621.916015625,4646.59912109375,8797.9775390625,3529.16748046875,10610,8181
offline,ANU-25-summer-14_20260816_140000.mp4,1,570,1,24.0,41.666666666666664,17.110896,0.0,1.506129,316.873768,39.978071,0.0,358.35796799999997,375.468864,True,True,12345.6689453125,8340.748046875,9922.71484375,6395.6494140625,11487,7641
offline,ANU-25-summer-14_20260816_140000.mp4,1,571,1,24.0,41.666666666666664,14.359319,0.0,1.69172,309.410029,33.630539,0.0,344.732288,359.09160699999995,True,True,10899.576171875,3233.46435546875,8840.0703125,2335.11572265625,8927,6192
offline,ANU-25-summer-14_20260816_140000.mp4,1,572,1,24.0,41.666666666666664,17.156303,0.0,1.605814,317.350207,34.126644,0.0,353.082665,370.238968,True,True,3770.05322265625,8612.1845703125,2794.77490234375,4830.65869140625,8736,4319
offline,ANU-25-summer-14_20260816_140000.mp4,1,573,1,24.0,41.666666666666664,13.5382,0.0,1.701071,309.767636,37.248068,0.0,348.716775,362.254975,True,True,10836.927734375,5137.193359375,8683.640625,3780.15673828125,11660,8262
offline,ANU-25-summer-14_20260816_140000.mp4,1,574,1,24.0,41.666666666666664,18.252751,0.0,1.528722,316.602809,39.075526,0.0,357.207057,375.459808,True,True,11172.11328125,6988.11083984375,9248.9453125,5542.51953125,10299,8004
offline,ANU-25-summer-14_20260816_140000.mp4,1,575,1,24.0,41.666666666666664,14.354505,0.0,1.707404,311.292432,36.299562,0.0,349.299398,363.653903,True,True,6025.2587890625,12167.5888671875,4921.99658203125,10592.310546875,11466,8958
offline,ANU-25-summer-14_20260816_140000.mp4,1,576,1,24.0,41.666666666666664,17.179061,0.0,1.583814,317.479409,35.198705,0.0,354.261928,371.440989,True,True,3867.97119140625,8131.00146484375,2568.4482421875,7282.80419921875,8203,6374
offline,ANU-25-summer-14_20260816_140000.mp4,1,577,1,24.0,41.666666666666664,13.93712,0.0,1.611942,309.969744,32.079281,0.0,343.66096699999997,357.59808699999996,True,True,5055.9365234375,8614.853515625,3019.17822265625,7826.83251953125,8128,5375
offline,ANU-25-summer-14_20260816_140000.mp4,1,578,1,24.0,41.666666666666664,16.879343,0.0,1.527555,317.13058,38.481812,0.0,357.139947,374.01929,True,True,7990.2763671875,9392.517578125,6561.94775390625,8205.23828125,10121,7593
offline,ANU-25-summer-14_20260816_140000.mp4,1,579,1,24.0,41.666666666666664,14.606409,0.0,1.630942,316.749085,39.376671,0.0,357.756698,372.36310699999996,True,True,4265.79638671875,8534.896484375,3266.904052734375,6165.6298828125,9257,6534
offline,ANU-25-summer-14_20260816_140000.mp4,1,580,1,24.0,41.666666666666664,17.462317,0.0,1.617313,326.238169,36.111249,0.0,363.96673100000004,381.429048,True,True,2705.87548828125,6886.3935546875,2097.0712890625,5644.38916015625,7375,5544
offline,ANU-25-summer-14_20260816_140000.mp4,1,581,1,24.0,41.666666666666664,13.700012,0.0,1.646609,310.043226,35.469535,0.0,347.15937,360.85938200000004,True,True,8360.8193359375,5654.0908203125,7908.91943359375,3398.14013671875,10339,7612
offline,ANU-25-summer-14_20260816_140000.mp4,1,582,1,24.0,41.666666666666664,16.932861,0.0,1.544406,317.295671,37.469176,0.0,356.309253,373.242114,True,True,5851.37841796875,9161.9814453125,3705.026123046875,7836.1953125,10525,7159
offline,ANU-25-summer-14_20260816_140000.mp4,1,583,1,24.0,41.666666666666664,13.807196,0.0,1.728404,310.534275,33.55717,0.0,345.819849,359.62704499999995,True,True,6114.654296875,7565.25390625,5885.640625,6652.294921875,7867,6593
offline,ANU-25-summer-14_20260816_140000.mp4,1,584,1,24.0,41.666666666666664,17.106229,0.0,1.591721,317.666204,40.163402,0.0,359.421327,376.527556,True,True,7893.55078125,6293.8251953125,5564.09619140625,4341.763671875,10286,6448
offline,ANU-25-summer-14_20260816_140000.mp4,1,585,1,24.0,41.666666666666664,13.743049,0.0,1.598647,310.376814,32.845142,0.0,344.82060300000006,358.56365200000005,True,True,5315.0400390625,4943.7998046875,4078.54248046875,3659.83837890625,7844,5295
offline,ANU-25-summer-14_20260816_140000.mp4,1,586,1,24.0,41.666666666666664,16.864918,0.0,1.547944,317.499613,37.571397,0.0,356.618954,373.48387199999996,True,True,4445.13232421875,10179.064453125,3858.853759765625,7246.50146484375,9417,6344
offline,ANU-25-summer-14_20260816_140000.mp4,1,587,1,24.0,41.666666666666664,14.497577,0.0,1.652701,310.314797,35.606885,0.0,347.57438299999995,362.07195999999993,True,True,8676.3701171875,13887.8447265625,6723.818359375,12759.263671875,11534,9057
offline,ANU-25-summer-14_20260816_140000.mp4,1,588,1,24.0,41.666666666666664,17.074174,0.0,1.565535,317.835184,41.346627,0.0,360.74734600000005,377.8215200000001,True,True,8633.087890625,11352.2060546875,8206.4921875,10484.490234375,11095,10024
offline,ANU-25-summer-14_20260816_140000.mp4,1,589,1,24.0,41.666666666666664,13.865677,0.0,1.64022,311.017196,34.715934,0.0,347.37335,361.239027,True,True,15040.685546875,10851.15234375,14339.873046875,4399.06298828125,10438,7644
offline,ANU-25-summer-14_20260816_140000.mp4,1,590,1,24.0,41.666666666666664,16.875528,0.0,1.558795,317.354671,40.46688,0.0,359.380346,376.25587399999995,True,True,9072.3271484375,6553.3046875,6201.84033203125,4863.154296875,11404,7988
offline,ANU-25-summer-14_20260816_140000.mp4,1,591,1,24.0,41.666666666666664,14.128137,0.0,1.801903,310.385185,34.392048,0.0,346.57913599999995,360.70727299999993,True,True,10240.3701171875,5759.79931640625,10200.515625,4375.93017578125,9540,8178
offline,ANU-25-summer-14_20260816_140000.mp4,1,592,1,24.0,41.666666666666664,17.043045,0.0,1.618868,318.37877,40.443565,0.0,360.441203,377.484248,True,True,11268.1650390625,6237.21923828125,9851.0361328125,4979.197265625,9633,7422
offline,ANU-25-summer-14_20260816_140000.mp4,1,593,1,24.0,41.666666666666664,13.524293,0.0,1.652924,312.053461,37.19505,0.0,350.901435,364.425728,True,True,17628.630859375,7561.796875,13079.5048828125,5036.4716796875,12423,7317
offline,ANU-25-summer-14_20260816_140000.mp4,1,594,1,24.0,41.666666666666664,16.696197,0.0,1.712423,318.595508,40.106069,0.0,360.414,377.11019699999997,True,True,6357.2470703125,11651.3974609375,4707.97265625,10898.646484375,10268,8014
offline,ANU-25-summer-14_20260816_140000.mp4,1,595,1,24.0,41.666666666666664,14.217099,0.0,1.830663,309.330532,35.293889,0.0,346.455084,360.672183,True,True,2785.779541015625,9833.33984375,2694.8310546875,5831.0205078125,8392,6011
offline,ANU-25-summer-14_20260816_140000.mp4,1,596,1,24.0,41.666666666666664,16.94788,0.0,1.685089,317.669465,37.564435,0.0,356.918989,373.866869,True,True,3838.809814453125,16507.4453125,3011.722900390625,13455.84375,11477,8439
offline,ANU-25-summer-14_20260816_140000.mp4,1,597,1,24.0,41.666666666666664,13.735827,0.0,1.692627,310.251725,33.629077,0.0,345.57342900000003,359.309256,True,True,5770.8564453125,7837.2978515625,1719.647705078125,7186.8857421875,7801,5323
offline,ANU-25-summer-14_20260816_140000.mp4,1,598,1,24.0,41.666666666666664,17.091304,0.0,1.61772,322.946898,44.727567,0.0,369.292185,386.383489,True,True,5300.4755859375,7922.72119140625,3967.7626953125,6141.9658203125,8953,6188
offline,ANU-25-summer-14_20260816_140000.mp4,1,599,1,24.0,41.666666666666664,15.968262,0.0,1.746533,318.411381,33.136213,0.0,353.294127,369.262389,True,True,2606.513916015625,7697.35302734375,2075.25732421875,6020.8974609375,7048,4918
offline,ANU-25-summer-14_20260816_140000.mp4,3,2329,1,24.0,41.666666666666664,15.682303,0.0,1.590147,308.468844,33.273248,0.0,343.332239,359.014542,True,True,8934.494140625,4325.78662109375,5472.6376953125,2935.574462890625,9527,5979
offline,ANU-25-summer-14_20260816_140000.mp4,3,2330,1,24.0,41.666666666666664,16.904584,0.0,1.559369,317.205771,37.348235,0.0,356.113375,373.017959,True,True,12038.94921875,5725.5185546875,9790.111328125,4873.298828125,10557,7245
offline,ANU-25-summer-14_20260816_140000.mp4,3,2331,1,24.0,41.666666666666664,15.723765,0.0,1.658275,317.598692,39.78924,0.0,359.04620700000004,374.76997200000005,True,True,15515.2451171875,4035.5244140625,13792.3515625,2539.18505859375,11817,9295
offline,ANU-25-summer-14_20260816_140000.mp4,3,2332,1,24.0,41.666666666666664,17.100729,0.0,1.548092,317.523934,37.472455,0.0,356.544481,373.64521,True,True,7440.5615234375,7596.7890625,6604.7666015625,6110.7373046875,9885,7583
offline,ANU-25-summer-14_20260816_140000.mp4,3,2333,1,24.0,41.666666666666664,15.71845,0.0,1.59235,314.423195,40.223401,0.0,356.23894600000006,371.9573960000001,True,True,5346.35595703125,4976.42431640625,3805.7841796875,4096.36083984375,7871,5530
offline,ANU-25-summer-14_20260816_140000.mp4,3,2334,1,24.0,41.666666666666664,17.160358,0.0,1.252466,329.193398,34.65012,0.0,365.09598400000004,382.256342,True,True,9410.7265625,2889.1123046875,5540.16748046875,1720.727294921875,8885,4374
offline,ANU-25-summer-14_20260816_140000.mp4,3,2335,1,24.0,41.666666666666664,15.405917,0.0,1.451611,307.272396,34.71086,0.0,343.43486700000005,358.84078400000004,True,True,9487.48046875,2901.560302734375,8033.09033203125,1676.6259765625,9850,6976
offline,ANU-25-summer-14_20260816_140000.mp4,3,2336,1,24.0,41.666666666666664,17.204635,0.0,1.260502,316.922665,41.86853,0.0,360.051697,377.256332,True,True,12532.884765625,7795.20556640625,11067.6904296875,5925.2197265625,12623,9943
offline,ANU-25-summer-14_20260816_140000.mp4,3,2337,1,24.0,41.666666666666664,15.595823,0.0,1.412334,308.715711,33.906185,0.0,344.03423,359.630053,True,True,7799.51171875,7103.580078125,6408.4775390625,6316.0595703125,8895,7110
offline,ANU-25-summer-14_20260816_140000.mp4,3,2338,1,24.0,41.666666666666664,16.990712,0.0,1.231226,318.954435,42.769314,0.0,362.954975,379.94568699999996,True,True,6079.9951171875,6051.38916015625,5379.42529296875,4527.767578125,8109,6080
offline,ANU-25-summer-14_20260816_140000.mp4,3,2339,1,24.0,41.666666666666664,15.749988,0.0,1.327669,310.362561,33.951629,0.0,345.64185900000007,361.39184700000004,True,True,3318.179931640625,5724.80029296875,2802.2451171875,4996.03759765625,7205,5684
offline,ANU-25-summer-14_20260816_140000.mp4,3,2340,1,24.0,41.666666666666664,17.401059,0.0,1.301651,319.958756,37.6771,0.0,358.937507,376.33856599999996,True,True,3808.39599609375,4378.5244140625,2417.3134765625,2642.9345703125,7121,4216
offline,ANU-25-summer-14_20260816_140000.mp4,3,2341,1,24.0,41.666666666666664,15.826783,0.0,1.39026,310.183397,32.438629,0.0,344.012286,359.839069,True,True,4755.18310546875,3194.098388671875,3999.800048828125,1831.19189453125,6082,4171
offline,ANU-25-summer-14_20260816_140000.mp4,3,2342,1,24.0,41.666666666666664,17.384966,0.0,1.220485,317.385789,36.736594,0.0,355.34286799999995,372.727834,True,True,2640.7392578125,7779.00390625,1774.977294921875,4917.4287109375,7400,3732
offline,ANU-25-summer-14_20260816_140000.mp4,3,2343,1,24.0,41.666666666666664,15.616341,0.0,1.346261,313.509411,36.291747,0.0,351.147419,366.76376,True,True,5609.4775390625,10554.8857421875,4411.599609375,7469.310546875,9825,5856
offline,ANU-25-summer-14_20260816_140000.mp4,3,2344,1,24.0,41.666666666666664,17.426447,0.0,1.287428,319.344764,39.024047,0.0,359.65623899999997,377.08268599999997,True,True,5099.3681640625,5691.50927734375,3823.3466796875,3857.239501953125,8720,5427
offline,ANU-25-summer-14_20260816_140000.mp4,3,2345,1,24.0,41.666666666666664,15.390955,0.0,1.34639,308.453753,43.362047,0.0,353.16219,368.55314500000003,True,True,7129.228515625,6015.798828125,6094.271484375,5083.962890625,8054,6146
offline,ANU-25-summer-14_20260816_140000.mp4,3,2346,1,24.0,41.666666666666664,25.126332,0.0,1.493685,329.437396,37.730637,0.0,368.661718,393.78805,True,True,6050.90478515625,4857.87890625,4810.2138671875,2990.0458984375,8030,5061
offline,ANU-25-summer-14_20260816_140000.mp4,3,2347,1,24.0,41.666666666666664,15.838116,0.0,1.338409,308.754175,35.438091,0.0,345.530675,361.368791,True,True,9776.666015625,6010.7841796875,8090.7568359375,4541.1669921875,8961,6272
offline,ANU-25-summer-14_20260816_140000.mp4,3,2348,1,24.0,41.666666666666664,17.346245,0.0,1.287966,316.144138,38.507331,0.0,355.939435,373.28568,True,True,6041.6767578125,5205.0830078125,4845.88720703125,4155.953125,8083,5891
offline,ANU-25-summer-14_20260816_140000.mp4,3,2349,1,24.0,41.666666666666664,15.649099,0.0,1.301613,307.944408,29.778866,0.0,339.024887,354.67398599999996,True,True,4188.57666015625,6768.9169921875,3406.81591796875,5019.94482421875,7246,4758
offline,ANU-25-summer-14_20260816_140000.mp4,3,2350,1,24.0,41.666666666666664,16.880547,0.0,1.241725,316.58117,36.04001,0.0,353.86290499999996,370.74345199999993,True,True,4157.67578125,8472.82421875,3543.58056640625,6110.3720703125,7822,5350
offline,ANU-25-summer-14_20260816_140000.mp4,3,2351,1,24.0,41.666666666666664,16.751697,0.0,1.443667,308.604566,32.220095,0.0,342.268328,359.020025,True,True,6309.00048828125,4769.56689453125,4827.5126953125,3485.635498046875,7933,5294
offline,ANU-25-summer-14_20260816_140000.mp4,3,2352,1,24.0,41.666666666666664,18.06307,0.0,1.243633,323.846801,42.891072,0.0,367.981506,386.044576,True,True,8807.271484375,3310.25390625,7266.0234375,2352.3642578125,7264,4916
offline,ANU-25-summer-14_20260816_140000.mp4,3,2353,1,24.0,41.666666666666664,18.651377,0.0,1.661238,313.10764,33.168305,0.0,347.937183,366.58856000000003,True,True,8901.6943359375,4223.2548828125,7915.7392578125,3085.83447265625,8218,5964
offline,ANU-25-summer-14_20260816_140000.mp4,3,2354,1,24.0,41.666666666666664,16.789418,0.0,1.313465,316.973258,36.160731,0.0,354.447454,371.236872,True,True,5869.1064453125,10128.744140625,3656.2978515625,7875.0771484375,9256,5360
offline,ANU-25-summer-14_20260816_140000.mp4,3,2355,1,24.0,41.666666666666664,15.168235,0.0,1.382742,308.2667,36.599707,0.0,346.24914900000005,361.417384,True,True,8770.51171875,7865.4248046875,6489.4111328125,6515.5517578125,11233,8043
offline,ANU-25-summer-14_20260816_140000.mp4,3,2356,1,24.0,41.666666666666664,17.345004,0.0,1.267261,316.463023,39.565873,0.0,357.29615700000005,374.64116100000007,True,True,7983.42041015625,8909.44921875,5425.93115234375,7839.66357421875,10995,7741
offline,ANU-25-summer-14_20260816_140000.mp4,3,2357,1,24.0,41.666666666666664,15.757931,0.0,1.301947,307.593375,35.423129,0.0,344.318451,360.07638199999997,True,True,6519.7373046875,7218.802734375,4898.91064453125,6457.46435546875,8744,6843
offline,ANU-25-summer-14_20260816_140000.mp4,3,2358,1,24.0,41.666666666666664,16.977194,0.0,1.316576,316.886574,38.36924,0.0,356.57239,373.549584,True,True,6953.9326171875,12207.0,6149.16259765625,9794.6865234375,11792,8976
offline,ANU-25-summer-14_20260816_140000.mp4,3,2359,1,24.0,41.666666666666664,15.696469,0.0,1.347576,308.518883,33.056474,0.0,342.922933,358.619402,True,True,8849.65625,5263.0126953125,7040.306640625,3470.76953125,10174,6477
offline,ANU-25-summer-14_20260816_140000.mp4,3,2360,1,24.0,41.666666666666664,17.602557,0.0,1.255503,317.303921,37.866302,0.0,356.425726,374.028283,True,True,11292.5439453125,14866.3271484375,10880.7587890625,12001.4140625,11403,8767
offline,ANU-25-summer-14_20260816_140000.mp4,3,2361,1,24.0,41.666666666666664,15.707858,0.0,1.292391,309.314095,35.582442,0.0,346.18892800000003,361.896786,True,True,8222.6357421875,16720.30859375,5603.69287109375,15049.4921875,13218,9403
offline,ANU-25-summer-14_20260816_140000.mp4,3,2362,1,24.0,41.666666666666664,16.912658,0.0,1.287687,321.570182,42.037268,0.0,364.895137,381.807795,True,True,13470.333984375,6075.90625,9910.03125,4365.8740234375,11706,7701
offline,ANU-25-summer-14_20260816_140000.mp4,3,2363,1,24.0,41.666666666666664,15.366752,0.0,1.514333,308.703955,34.943617,0.0,345.16190500000005,360.52865700000007,True,True,14724.3369140625,11875.3154296875,13881.44140625,8860.2294921875,13993,10845
offline,ANU-25-summer-14_20260816_140000.mp4,3,2364,1,24.0,41.666666666666664,17.234524,0.0,1.305929,317.546529,42.627761,0.0,361.48021900000003,378.71474300000006,True,True,9893.4921875,14263.40234375,8899.515625,12764.3466796875,12753,10310
offline,ANU-25-summer-14_20260816_140000.mp4,3,2365,1,24.0,41.666666666666664,15.654748,0.0,1.299595,309.116006,38.22239,0.0,348.63799100000006,364.29273900000004,True,True,7086.0341796875,11286.517578125,5948.966796875,9126.732421875,12465,9480
offline,ANU-25-summer-14_20260816_140000.mp4,3,2366,1,24.0,41.666666666666664,16.784937,0.0,1.311242,317.603862,40.041775,0.0,358.95687899999996,375.741816,True,True,7156.3232421875,6652.71728515625,6680.798828125,5450.17626953125,8907,7387
offline,ANU-25-summer-14_20260816_140000.mp4,3,2367,1,24.0,41.666666666666664,16.152815,0.0,1.384316,307.149364,32.869569,0.0,341.403249,357.556064,True,True,5339.9853515625,4919.97265625,4138.8916015625,3919.803955078125,7472,5631
offline,ANU-25-summer-14_20260816_140000.mp4,3,2368,1,24.0,41.666666666666664,17.151099,0.0,1.339854,315.983142,39.210007,0.0,356.533003,373.684102,True,True,6243.07763671875,3378.6630859375,5400.5302734375,2787.619873046875,7584,6231
offline,ANU-25-summer-14_20260816_140000.mp4,3,2369,1,24.0,41.666666666666664,15.127939,0.0,1.511258,308.403922,36.370765,0.0,346.285945,361.41388400000005,True,True,6561.59765625,8585.939453125,5555.19921875,6048.525390625,10176,7296
offline,ANU-25-summer-14_20260816_140000.mp4,3,2370,1,24.0,41.666666666666664,17.57652,0.0,1.310113,317.009444,41.688421,0.0,360.007978,377.584498,True,True,11920.794921875,6947.591796875,8921.705078125,4664.14111328125,13080,8892
offline,ANU-25-summer-14_20260816_140000.mp4,3,2371,1,24.0,41.666666666666664,15.489527,0.0,1.512962,319.572374,45.135507,0.0,366.22084300000006,381.71037000000007,True,True,8088.58447265625,8354.685546875,5705.822265625,7060.97900390625,11134,8297
offline,ANU-25-summer-14_20260816_140000.mp4,3,2372,1,24.0,41.666666666666664,18.288289,0.0,1.461611,319.474006,41.713161,0.0,362.648778,380.937067,True,True,8900.4736328125,8132.720703125,6173.818359375,6846.87060546875,11956,7775
offline,ANU-25-summer-14_20260816_140000.mp4,3,2373,1,24.0,41.666666666666664,15.590971,0.0,1.371224,308.203443,37.760729,0.0,347.33539599999995,362.92636699999997,True,True,9476.759765625,10450.337890625,7506.0126953125,9226.681640625,13090,9885
offline,ANU-25-summer-14_20260816_140000.mp4,3,2374,1,24.0,41.666666666666664,16.735049,0.0,1.296743,317.375458,39.354469,0.0,358.02666999999997,374.76171899999997,True,True,8756.39453125,9865.6767578125,7994.025390625,9357.712890625,10287,8927
offline,ANU-25-summer-14_20260816_140000.mp4,3,2375,1,24.0,41.666666666666664,15.458176,0.0,1.484925,308.207018,33.279804,0.0,342.971747,358.429923,True,True,10572.7958984375,6221.3623046875,7869.16748046875,4851.787109375,10567,6983
offline,ANU-25-summer-14_20260816_140000.mp4,3,2376,1,24.0,41.666666666666664,17.374393,0.0,1.308261,316.276695,44.217704,0.0,361.80266000000006,379.17705300000006,True,True,11875.8515625,6664.86279296875,9132.6318359375,5462.82373046875,13259,9547
offline,ANU-25-summer-14_20260816_140000.mp4,3,2377,1,24.0,41.666666666666664,15.70971,0.0,1.357538,308.825584,41.716439,0.0,351.89956099999995,367.6092709999999,True,True,12518.4189453125,11636.849609375,11085.966796875,9019.818359375,14394,11501
offline,ANU-25-summer-14_20260816_140000.mp4,3,2378,1,24.0,41.666666666666664,16.740752,0.0,1.318557,317.975451,43.603878,0.0,362.897886,379.638638,True,True,12085.876953125,11161.927734375,11136.9765625,8683.5869140625,14873,11415
offline,ANU-25-summer-14_20260816_140000.mp4,3,2379,1,24.0,41.666666666666664,15.644785,0.0,1.419038,311.456459,46.360992,0.0,359.236489,374.881274,True,True,12778.24609375,8077.8095703125,10671.7158203125,7537.34765625,12395,10287
offline,ANU-25-summer-14_20260816_140000.mp4,3,2380,1,24.0,41.666666666666664,17.076341,0.0,1.582332,323.189163,48.24756,0.0,373.01905500000004,390.09539600000005,True,True,10030.7978515625,7019.62158203125,9012.087890625,6602.1201171875,10982,9775
offline,ANU-25-summer-14_20260816_140000.mp4,3,2381,1,24.0,41.666666666666664,15.735192,0.0,1.923495,314.112944,37.851284,0.0,353.88772300000005,369.62291500000003,True,True,13435.984375,9357.2490234375,11861.537109375,7739.154296875,13188,10353
offline,ANU-25-summer-14_20260816_140000.mp4,3,2382,1,24.0,41.666666666666664,16.421497,0.0,1.367317,318.159282,44.018706,0.0,363.54530500000004,379.96680200000003,True,True,18271.16796875,8474.142578125,17162.3671875,7416.60107421875,12751,10820
offline,ANU-25-summer-14_20260816_140000.mp4,3,2383,1,24.0,41.666666666666664,15.347603,0.0,1.497814,308.52718,39.186249,0.0,349.21124299999997,364.55884599999996,True,True,8443.181640625,9779.4814453125,7687.333984375,9175.6328125,10902,9383
offline,ANU-25-summer-14_20260816_140000.mp4,3,2384,1,24.0,41.666666666666664,16.620255,0.0,1.37202,316.562099,41.733198,0.0,359.667317,376.287572,True,True,9953.767578125,6260.197265625,8629.236328125,5065.96435546875,10477,7587
offline,ANU-25-summer-14_20260816_140000.mp4,3,2385,1,24.0,41.666666666666664,14.803907,0.0,1.728923,308.159297,32.380446,0.0,342.268666,357.072573,True,True,5897.5986328125,4189.4208984375,5123.81787109375,3196.746826171875,7489,5405
offline,ANU-25-summer-14_20260816_140000.mp4,3,2386,1,24.0,41.666666666666664,16.766252,0.0,1.380335,316.875187,49.678469,0.0,367.933991,384.700243,True,True,12279.009765625,5872.72412109375,9778.0947265625,4983.1982421875,12141,9113
offline,ANU-25-summer-14_20260816_140000.mp4,3,2387,1,24.0,41.666666666666664,20.743091,0.0,1.401057,314.493921,38.3955,0.0,354.290478,375.033569,True,True,12192.9453125,5976.9091796875,11092.759765625,4242.7900390625,10333,8017
offline,ANU-25-summer-14_20260816_140000.mp4,3,2388,1,24.0,41.666666666666664,18.64358,0.0,1.621201,316.90591,43.564193,0.0,362.091304,380.73488399999997,True,True,12900.724609375,8212.234375,11780.8740234375,7301.5986328125,13102,11296
offline,ANU-25-summer-14_20260816_140000.mp4,3,2389,1,24.0,41.666666666666664,14.849999,0.0,1.83044,311.127667,51.689074,0.0,364.647181,379.49718,True,True,10675.64453125,8027.2138671875,8410.7734375,7038.74462890625,13187,9733
offline,ANU-25-summer-14_20260816_140000.mp4,3,2390,1,24.0,41.666666666666664,17.548873,0.0,1.727497,323.917118,41.147168,0.0,366.79178300000007,384.3406560000001,True,True,7978.10009765625,11875.037109375,6528.73828125,9410.1708984375,13465,9963
offline,ANU-25-summer-14_20260816_140000.mp4,3,2391,1,24.0,41.666666666666664,15.623026,0.0,1.46876,307.73521,35.562924,0.0,344.766894,360.38991999999996,True,True,8998.9453125,6612.6123046875,7065.10791015625,5194.90380859375,11284,8490
offline,ANU-25-summer-14_20260816_140000.mp4,3,2392,1,24.0,41.666666666666664,20.96607,0.0,1.361427,317.114463,37.453696,0.0,355.929586,376.895656,True,True,10659.513671875,4056.490478515625,9753.2314453125,2102.13037109375,9545,6816
offline,ANU-25-summer-14_20260816_140000.mp4,3,2393,1,24.0,41.666666666666664,14.496337,0.0,1.550832,308.898436,36.915481,0.0,347.364749,361.861086,True,True,7156.11083984375,6131.3515625,6554.78662109375,5003.41943359375,9242,7444
offline,ANU-25-summer-14_20260816_140000.mp4,3,2394,1,24.0,41.666666666666664,16.511811,0.0,1.344205,317.862601,36.539356,0.0,355.74616199999997,372.257973,True,True,6808.9951171875,7159.59228515625,3819.0654296875,5653.1279296875,10902,6822
offline,ANU-25-summer-14_20260816_140000.mp4,3,2395,1,24.0,41.666666666666664,15.315549,0.0,1.432927,307.915263,34.232163,0.0,343.580353,358.895902,True,True,11848.4189453125,9841.189453125,9639.39453125,7478.4072265625,13720,9362
offline,ANU-25-summer-14_20260816_140000.mp4,3,2396,1,24.0,41.666666666666664,17.464818,0.0,1.313891,316.723876,39.841574,0.0,357.879341,375.344159,True,True,3451.69482421875,11982.1591796875,2799.5283203125,10897.927734375,9652,7791
offline,ANU-25-summer-14_20260816_140000.mp4,3,2397,1,24.0,41.666666666666664,15.99417,0.0,1.333224,308.387536,36.529893,0.0,346.250653,362.244823,True,True,12730.072265625,6258.71923828125,10187.6904296875,5630.99169921875,12335,8981
offline,ANU-25-summer-14_20260816_140000.mp4,3,2398,1,24.0,41.666666666666664,17.079156,0.0,2.602671,317.156278,43.242198,0.0,363.00114699999995,380.08030299999996,True,True,10662.3310546875,4450.91259765625,9074.923828125,3816.7626953125,11417,8794
offline,ANU-25-summer-14_20260816_140000.mp4,3,2399,1,24.0,41.666666666666664,15.702969,0.0,1.388075,309.080305,38.40498,0.0,348.87336000000005,364.57632900000004,True,True,22312.84765625,10141.8779296875,16664.3515625,6873.6474609375,17714,11280
offline,ANU-25-summer-14_20260816_140000.mp4,3,2400,1,24.0,41.666666666666664,17.196062,0.0,1.351335,317.148945,41.93664,0.0,360.43692000000004,377.632982,True,True,19208.67578125,6231.78271484375,18279.640625,4669.61376953125,16209,13580
offline,ANU-25-summer-14_20260816_140000.mp4,3,2401,1,24.0,41.666666666666664,17.434115,0.0,1.401112,308.361221,38.359555,0.0,348.121888,365.55600300000003,True,True,13897.40625,5177.609375,12519.783203125,4813.60546875,12550,10828
offline,ANU-25-summer-14_20260816_140000.mp4,3,2402,1,24.0,41.666666666666664,20.595742,0.0,1.278596,316.853855,38.012356,0.0,356.144807,376.740549,True,True,16147.94140625,3311.68212890625,14853.13671875,2263.635986328125,10636,8885
offline,ANU-25-summer-14_20260816_140000.mp4,3,2403,1,24.0,41.666666666666664,18.697377,0.0,1.678423,308.318889,34.843804,0.0,344.841116,363.538493,True,True,15061.5341796875,7566.591796875,13196.763671875,6134.74462890625,11863,9213
offline,ANU-25-summer-14_20260816_140000.mp4,3,2404,1,24.0,41.666666666666664,16.894862,0.0,1.345427,316.508953,44.438868,0.0,362.293248,379.18811,True,True,7192.02734375,10925.01953125,6418.955078125,9260.76171875,13396,10451
offline,ANU-25-summer-14_20260816_140000.mp4,3,2405,1,24.0,41.666666666666664,19.291351,0.0,1.24067,308.236224,34.894673,0.0,344.371567,363.66291800000005,True,True,3164.38427734375,7159.4814453125,2962.60107421875,6345.98388671875,8370,7082
offline,ANU-25-summer-14_20260816_140000.mp4,3,2406,1,24.0,41.666666666666664,17.514058,0.0,1.236874,316.95017,41.803031,0.0,359.990075,377.50413299999997,True,True,8561.03515625,5921.029296875,6966.6337890625,5527.0712890625,10826,9094
offline,ANU-25-summer-14_20260816_140000.mp4,3,2407,1,24.0,41.666666666666664,18.154976,0.0,1.307242,308.185687,36.810927,0.0,346.30385599999994,364.4588319999999,True,True,11292.767578125,2531.294921875,10517.560546875,1933.6895751953125,10028,8610
offline,ANU-25-summer-14_20260816_140000.mp4,3,2408,1,24.0,41.666666666666664,17.43217,0.0,1.321762,323.124444,42.67139,0.0,367.11759599999993,384.5497659999999,True,True,10094.400390625,5271.25390625,8659.0126953125,1906.3583984375,10363,6361
offline,ANU-25-summer-14_20260816_140000.mp4,3,2409,1,24.0,41.666666666666664,20.905293,0.0,1.377057,317.105964,37.294347,0.0,355.77736799999997,376.68266099999994,True,True,8146.166015625,8715.533203125,6535.35302734375,6240.224609375,11699,8378
offline,ANU-25-summer-14_20260816_140000.mp4,3,2410,1,24.0,41.666666666666664,16.922232,0.0,1.254244,317.078816,40.817636,0.0,359.15069600000004,376.07292800000005,True,True,9669.5205078125,6802.34130859375,8656.3046875,6074.94189453125,10820,9050
offline,ANU-25-summer-14_20260816_140000.mp4,3,2411,1,24.0,41.666666666666664,15.367918,0.0,1.378575,307.61401,36.624929,0.0,345.617514,360.985432,True,True,9016.8349609375,7290.76953125,7902.515625,4710.24560546875,11695,8510
offline,ANU-25-summer-14_20260816_140000.mp4,3,2412,1,24.0,41.666666666666664,17.417004,0.0,1.278466,316.729895,40.851746,0.0,358.86010699999997,376.277111,True,True,9865.404296875,11740.490234375,8132.119140625,8465.0,13122,8764
offline,ANU-25-summer-14_20260816_140000.mp4,3,2413,1,24.0,41.666666666666664,16.272944,0.0,1.287113,308.885549,34.806378,0.0,344.97904,361.251984,True,True,4300.38232421875,13075.849609375,3338.01123046875,10596.568359375,12286,9014
offline,ANU-25-summer-14_20260816_140000.mp4,3,2414,1,24.0,41.666666666666664,16.892658,0.0,1.35152,317.113502,43.098829,0.0,361.563851,378.456509,True,True,8544.1298828125,9784.0146484375,6605.7890625,8071.65625,14238,10605
offline,ANU-25-summer-14_20260816_140000.mp4,3,2415,1,24.0,41.666666666666664,15.645619,0.0,1.330002,308.659904,39.330784,0.0,349.32068999999996,364.96630899999997,True,True,8291.6953125,13898.4248046875,6338.365234375,11998.7890625,14074,10842
offline,ANU-25-summer-14_20260816_140000.mp4,3,2416,1,24.0,41.666666666666664,17.369745,0.0,1.330835,316.594508,48.432096,0.0,366.357439,383.727184,True,True,5150.57080078125,12319.353515625,3844.257568359375,10897.666015625,13276,10709
offline,ANU-25-summer-14_20260816_140000.mp4,3,2417,1,24.0,41.666666666666664,16.198037,0.0,1.260984,308.286039,35.565424,0.0,345.11244700000003,361.31048400000003,True,True,5922.1572265625,6775.5908203125,3029.4521484375,5810.9296875,9319,6759
offline,ANU-25-summer-14_20260816_140000.mp4,3,2418,1,24.0,41.666666666666664,17.025157,0.0,1.280151,317.131872,45.382949,0.0,363.794972,380.82012899999995,True,True,11708.0234375,7728.88134765625,10761.869140625,5839.455078125,12629,10434
offline,ANU-25-summer-14_20260816_140000.mp4,3,2419,1,24.0,41.666666666666664,15.670266,0.0,1.371761,308.456907,34.941876,0.0,344.770544,360.44081,True,True,10576.88671875,7760.79833984375,9689.283203125,5425.67626953125,12589,9627
offline,ANU-25-summer-14_20260816_140000.mp4,3,2420,1,24.0,41.666666666666664,17.179747,0.0,1.306631,317.913955,43.027849,0.0,362.248435,379.428182,True,True,14150.517578125,5939.3427734375,13287.21875,4124.66943359375,13161,10639
offline,ANU-25-summer-14_20260816_140000.mp4,3,2421,1,24.0,41.666666666666664,15.306382,0.0,1.419353,308.685867,35.684311,0.0,345.78953099999995,361.09591299999994,True,True,11544.9169921875,7328.49658203125,10608.294921875,4552.5087890625,12649,9355
offline,ANU-25-summer-14_20260816_140000.mp4,3,2422,1,24.0,41.666666666666664,17.402615,0.0,1.274929,317.560959,43.927709,0.0,362.763597,380.16621200000003,True,True,13078.2119140625,9997.6689453125,12152.0078125,8896.30859375,12697,10776
offline,ANU-25-summer-14_20260816_140000.mp4,3,2423,1,24.0,41.666666666666664,15.414733,0.0,1.408464,308.69083,37.695601,0.0,347.794895,363.209628,True,True,9112.53515625,14032.5908203125,7037.796875,11041.919921875,13555,9113
offline,ANU-25-summer-14_20260816_140000.mp4,3,2424,1,24.0,41.666666666666664,17.402874,0.0,1.292484,317.579867,45.438466,0.0,364.310817,381.713691,True,True,16091.5029296875,14246.9013671875,14931.90625,13548.865234375,16043,14222
offline,ANU-25-summer-14_20260816_140000.mp4,3,2425,1,24.0,41.666666666666664,15.892708,0.0,1.302354,310.073165,38.880179,0.0,350.255698,366.148406,True,True,15196.263671875,13525.5556640625,14043.56640625,11906.21875,14499,11929
offline,ANU-25-summer-14_20260816_140000.mp4,3,2426,1,24.0,41.666666666666664,16.680976,0.0,1.308095,317.76955,45.457244,0.0,364.53488899999996,381.21586499999995,True,True,10417.427734375,12620.751953125,8801.8974609375,10528.880859375,15237,11662
offline,ANU-25-summer-14_20260816_140000.mp4,3,2427,1,24.0,41.666666666666664,15.342382,0.0,1.393927,318.58167,45.850017,0.0,365.825614,381.16799599999996,True,True,11621.54296875,4360.96875,10960.7568359375,3815.10693359375,8932,7824
offline,ANU-25-summer-14_20260816_140000.mp4,3,2428,1,24.0,41.666666666666664,18.375603,0.0,1.381797,320.657865,40.863376,0.0,362.90303800000004,381.27864100000005,True,True,5685.18115234375,6680.23974609375,5325.55078125,4184.57666015625,9487,6977
offline,ANU-25-summer-14_20260816_140000.mp4,3,2429,1,24.0,41.666666666666664,15.710895,0.0,1.395187,309.688744,33.994036,0.0,345.077967,360.788862,True,True,6935.73828125,9501.3134765625,5715.859375,7193.19140625,10365,7542
offline,ANU-25-summer-14_20260816_140000.mp4,3,2430,1,24.0,41.666666666666664,17.086508,0.0,1.316891,317.447888,40.082997,0.0,358.84777599999995,375.93428399999993,True,True,7680.1572265625,8489.01171875,6125.7890625,6696.15087890625,11438,8571
offline,ANU-25-summer-14_20260816_140000.mp4,3,2431,1,24.0,41.666666666666664,15.611119,0.0,1.389223,309.197473,36.755446,0.0,347.342142,362.953261,True,True,14568.125,6625.68994140625,12132.2099609375,5650.42578125,12027,9149
offline,ANU-25-summer-14_20260816_140000.mp4,3,2432,1,24.0,41.666666666666664,17.279468,0.0,1.276058,316.730897,39.882833,0.0,357.889788,375.169256,True,True,8931.0634765625,5797.48828125,8200.9931640625,5085.9599609375,7999,6446
offline,ANU-25-summer-14_20260816_140000.mp4,3,2433,1,24.0,41.666666666666664,15.772857,0.0,1.330557,309.900205,36.317711,0.0,347.54847300000006,363.32133000000005,True,True,12794.4453125,4513.76171875,11052.794921875,3602.3046875,9396,7020
offline,ANU-25-summer-14_20260816_140000.mp4,3,2434,1,24.0,41.666666666666664,16.640236,0.0,1.225207,317.735366,41.074207,0.0,360.03478,376.675016,True,True,14487.9677734375,9253.0966796875,11606.4189453125,7342.85302734375,11613,8595
offline,ANU-25-summer-14_20260816_140000.mp4,3,2435,1,24.0,41.666666666666664,15.577361,0.0,1.511814,308.80683,39.363747,0.0,349.682391,365.259752,True,True,11011.3037109375,9154.0205078125,8346.5732421875,7986.4990234375,13102,9332
offline,ANU-25-summer-14_20260816_140000.mp4,3,2436,1,24.0,41.666666666666664,17.412374,0.0,1.338706,316.644028,40.924598,0.0,358.907332,376.319706,True,True,15349.541015625,4773.62841796875,13630.2099609375,3199.47705078125,12044,8914
offline,ANU-25-summer-14_20260816_140000.mp4,3,2437,1,24.0,41.666666666666664,15.59012,0.0,1.365076,308.909921,34.972246,0.0,345.24724299999997,360.837363,True,True,8575.431640625,7304.384765625,7305.94091796875,4936.30126953125,10986,7645
offline,ANU-25-summer-14_20260816_140000.mp4,3,2438,1,24.0,41.666666666666664,16.862196,0.0,1.32265,317.25689,41.025504,0.0,359.605044,376.46724,True,True,13251.3193359375,4967.890625,11025.076171875,3738.914794921875,12310,8806
offline,ANU-25-summer-14_20260816_140000.mp4,3,2439,1,24.0,41.666666666666664,15.466584,0.0,1.623943,309.506821,39.331358,0.0,350.462122,365.92870600000003,True,True,14688.798828125,9095.7099609375,11379.1171875,8150.3525390625,12918,9442
offline,ANU-25-summer-14_20260816_140000.mp4,3,2440,1,24.0,41.666666666666664,16.623773,0.0,1.360446,316.95582,38.183132,0.0,356.49939800000004,373.12317100000007,True,True,8963.6875,10992.3154296875,5550.6259765625,10200.7421875,12867,9290
offline,ANU-25-summer-14_20260816_140000.mp4,3,2441,1,24.0,41.666666666666664,15.311771,0.0,1.379945,309.888243,38.167984,0.0,349.436172,364.747943,True,True,9807.615234375,11914.099609375,9175.57421875,8698.5048828125,12481,9222
offline,ANU-25-summer-14_20260816_140000.mp4,3,2442,1,24.0,41.666666666666664,16.886474,0.0,1.289039,317.931234,42.935443,0.0,362.15571600000004,379.04219000000006,True,True,9563.572265625,11291.7861328125,7401.93896484375,9247.505859375,12122,8999
offline,ANU-25-summer-14_20260816_140000.mp4,3,2443,1,24.0,41.666666666666664,15.551471,0.0,1.39163,308.462909,37.045739,0.0,346.90027800000007,362.45174900000006,True,True,7222.314453125,13705.66796875,5819.615234375,10610.76171875,12907,8983
offline,ANU-25-summer-14_20260816_140000.mp4,3,2444,1,24.0,41.666666666666664,18.49812,0.0,1.349446,316.365106,43.649008,0.0,361.36356,379.86168,True,True,9883.154296875,10770.5615234375,7846.6025390625,9737.4609375,13421,10738
offline,ANU-25-summer-14_20260816_140000.mp4,3,2445,1,24.0,41.666666666666664,15.254179,0.0,1.369113,310.481069,40.969523,0.0,352.819705,368.073884,True,True,10847.6865234375,11743.1220703125,8780.2900390625,10700.505859375,15990,13084
offline,ANU-25-summer-14_20260816_140000.mp4,3,2446,1,24.0,41.666666666666664,16.978102,0.0,1.339575,331.833671,42.25134,0.0,375.424586,392.40268799999996,True,True,5778.67724609375,11495.03125,4665.810546875,9883.7900390625,11576,9323
offline,ANU-25-summer-14_20260816_140000.mp4,3,2447,1,24.0,41.666666666666664,15.399344,0.0,1.445944,308.898385,37.256292,0.0,347.60062100000005,362.99996500000003,True,True,7256.353515625,8007.4462890625,5992.0380859375,7643.24609375,11170,9614
offline,ANU-25-summer-14_20260816_140000.mp4,3,2448,1,24.0,41.666666666666664,17.38956,0.0,1.608368,317.424111,38.129781,0.0,357.16225999999995,374.55181999999996,True,True,7104.650390625,10562.2548828125,6413.6005859375,8843.345703125,9789,7837
offline,ANU-25-summer-14_20260816_140000.mp4,3,2449,1,24.0,41.666666666666664,15.50038,0.0,1.380909,308.946051,33.149677,0.0,343.476637,358.977017,True,True,7676.505859375,11216.0673828125,6289.4423828125,9326.017578125,11479,9047
offline,ANU-25-summer-14_20260816_140000.mp4,3,2450,1,24.0,41.666666666666664,17.032953,0.0,1.570258,318.652023,39.318803,0.0,359.541084,376.57403700000003,True,True,11201.26171875,10626.5625,10246.0478515625,9190.4208984375,11819,10078
offline,ANU-25-summer-14_20260816_140000.mp4,3,2451,1,24.0,41.666666666666664,14.304283,0.0,1.388168,309.402768,34.030499,0.0,344.821435,359.125718,True,True,7148.3623046875,9689.951171875,6510.1376953125,8578.2880859375,9029,7151
offline,ANU-25-summer-14_20260816_140000.mp4,3,2452,1,24.0,41.666666666666664,17.420059,0.0,1.248169,317.312743,40.312568,0.0,358.87348000000003,376.293539,True,True,12559.580078125,15129.068359375,11474.015625,13382.5205078125,13146,10708
offline,ANU-25-summer-14_20260816_140000.mp4,3,2453,1,24.0,41.666666666666664,15.278623,0.0,1.403593,309.906725,38.526073,0.0,349.836391,365.115014,True,True,15062.2646484375,12298.9423828125,11782.0625,11392.470703125,14926,11363
offline,ANU-25-summer-14_20260816_140000.mp4,3,2454,1,24.0,41.666666666666664,16.316406,0.0,1.487037,318.500081,40.845284,0.0,360.832402,377.14880800000003,True,True,11493.646484375,9611.119140625,10387.43359375,7485.54248046875,12752,10100
offline,ANU-25-summer-14_20260816_140000.mp4,3,2455,1,24.0,41.666666666666664,14.915295,0.0,1.398557,309.559007,40.81521,0.0,351.77277399999997,366.688069,True,True,22200.060546875,6671.6396484375,20805.4453125,5726.51171875,15656,13064
offline,ANU-25-summer-14_20260816_140000.mp4,3,2456,1,24.0,41.666666666666664,17.181599,0.0,1.225355,317.537944,43.477788,0.0,362.24108699999994,379.42268599999994,True,True,13561.677734375,10260.162109375,12338.939453125,9125.7607421875,12514,10547
offline,ANU-25-summer-14_20260816_140000.mp4,3,2457,1,24.0,41.666666666666664,15.570804,0.0,1.403816,310.394682,38.457573,0.0,350.256071,365.82687500000003,True,True,12628.033203125,9414.703125,11630.119140625,7845.22314453125,13471,10813
offline,ANU-25-summer-14_20260816_140000.mp4,3,2458,1,24.0,41.666666666666664,16.925158,0.0,1.532536,316.745362,45.246655,0.0,363.52455299999997,380.449711,True,True,14192.9462890625,7579.21044921875,13038.7802734375,6397.0732421875,13962,11666
offline,ANU-25-summer-14_20260816_140000.mp4,3,2459,1,24.0,41.666666666666664,15.784839,0.0,1.318836,309.12818,39.111158,0.0,349.55817399999995,365.3430129999999,True,True,11717.275390625,12314.3251953125,11113.1318359375,11354.5341796875,12873,11261
offline,ANU-25-summer-14_20260816_140000.mp4,3,2460,1,24.0,41.666666666666664,17.35219,0.0,1.250114,317.473057,39.772019,0.0,358.49519,375.84738,True,True,7745.91552734375,8999.634765625,7122.0654296875,8283.6826171875,9438,8012
offline,ANU-25-summer-14_20260816_140000.mp4,3,2461,1,24.0,41.666666666666664,15.612008,0.0,1.364131,309.635192,36.455525,0.0,347.454848,363.06685600000003,True,True,5760.87353515625,11555.23046875,4995.67578125,10141.318359375,9436,7525
offline,ANU-25-summer-14_20260816_140000.mp4,3,2462,1,24.0,41.666666666666664,17.182951,0.0,1.542554,317.124876,43.098404,0.0,361.765834,378.948785,True,True,4607.1630859375,12580.9189453125,3088.617919921875,12171.3935546875,10211,8953
offline,ANU-25-summer-14_20260816_140000.mp4,3,2463,1,24.0,41.666666666666664,15.367066,0.0,1.293447,309.806634,34.751064,0.0,345.851145,361.218211,True,True,3180.20703125,10717.1884765625,2367.6748046875,9831.4970703125,8904,7205
offline,ANU-25-summer-14_20260816_140000.mp4,3,2464,1,24.0,41.666666666666664,17.139118,0.0,1.204448,323.872088,42.607818,0.0,367.68435400000004,384.82347200000004,True,True,3512.221435546875,9993.9189453125,1919.2381591796875,9300.8798828125,7565,5423
offline,ANU-25-summer-14_20260816_140000.mp4,3,2465,1,24.0,41.666666666666664,15.132921,0.0,1.58098,316.996044,37.476308,0.0,356.053332,371.186253,True,True,4968.26171875,14376.2265625,4243.2001953125,12818.689453125,10289,8284
offline,ANU-25-summer-14_20260816_140000.mp4,3,2466,1,24.0,41.666666666666664,17.174266,0.0,1.619498,319.584994,42.441246,0.0,363.645738,380.820004,True,True,3654.083251953125,11230.2177734375,3203.560546875,9565.013671875,9017,6991
offline,ANU-25-summer-14_20260816_140000.mp4,3,2467,1,24.0,41.666666666666664,17.636964,0.0,1.606869,309.835135,34.254515,0.0,345.69651899999997,363.33348299999994,True,True,3669.35205078125,12618.6640625,2624.78662109375,11951.46875,9459,7533
offline,ANU-25-summer-14_20260816_140000.mp4,3,2468,1,24.0,41.666666666666664,17.132544,0.0,1.226762,317.85133,39.219879,0.0,358.297971,375.430515,True,True,7284.49951171875,11652.9072265625,3090.64892578125,10312.685546875,10877,6856
offline,ANU-25-summer-14_20260816_140000.mp4,3,2469,1,24.0,41.666666666666664,15.616063,0.0,1.4445,309.490731,34.128536,0.0,345.063767,360.67983,True,True,5277.7734375,4644.505859375,3564.21435546875,3587.72314453125,8565,5607
offline,ANU-25-summer-14_20260816_140000.mp4,3,2470,1,24.0,41.666666666666664,17.421486,0.0,1.523333,316.744436,36.368562,0.0,354.636331,372.057817,True,True,7554.841796875,7367.671875,5726.6708984375,6062.623046875,9505,6498
offline,ANU-25-summer-14_20260816_140000.mp4,3,2471,1,24.0,41.666666666666664,15.450214,0.0,1.350446,308.755129,33.994796,0.0,344.100371,359.550585,True,True,10186.037109375,2970.95947265625,9021.9951171875,2402.87939453125,8569,6871
offline,ANU-25-summer-14_20260816_140000.mp4,3,2472,1,24.0,41.666666666666664,16.709328,0.0,1.268669,317.652277,35.4795,0.0,354.400446,371.109774,True,True,6648.17724609375,4452.4482421875,5271.0390625,3666.30419921875,7640,5476
offline,ANU-25-summer-14_20260816_140000.mp4,3,2473,1,24.0,41.666666666666664,15.491879,0.0,1.376686,309.050997,32.849199,0.0,343.276882,358.768761,True,True,3405.78955078125,11040.2119140625,1506.047119140625,10319.2197265625,6234,3896
offline,ANU-25-summer-14_20260816_140000.mp4,3,2474,1,24.0,41.666666666666664,16.778549,0.0,1.944235,318.035624,36.458247,0.0,356.43810599999995,373.21665499999995,True,True,9170.853515625,7537.49462890625,6701.67529296875,5806.43798828125,8435,5083
offline,ANU-25-summer-14_20260816_140000.mp4,3,2475,1,24.0,41.666666666666664,15.523564,0.0,1.396464,308.161452,32.976327,0.0,342.53424299999995,358.05780699999997,True,True,9328.71484375,2962.01025390625,8266.353515625,2013.5147705078125,7444,5360
offline,ANU-25-summer-14_20260816_140000.mp4,3,2476,1,24.0,41.666666666666664,16.894436,0.0,1.279466,317.247876,37.511752,0.0,356.03909400000003,372.93353,True,True,6702.2021484375,14728.275390625,4486.951171875,13635.9541015625,9856,6738
offline,ANU-25-summer-14_20260816_140000.mp4,3,2477,1,24.0,41.666666666666664,15.448195,0.0,1.451574,308.471523,36.516301,0.0,346.439398,361.887593,True,True,15176.826171875,6197.5029296875,12789.8017578125,4093.16943359375,12641,8743
offline,ANU-25-summer-14_20260816_140000.mp4,3,2478,1,24.0,41.666666666666664,17.236728,0.0,1.293669,316.837399,36.675393,0.0,354.806461,372.043189,True,True,10176.283203125,3572.88330078125,8743.173828125,3031.45166015625,8452,6651
offline,ANU-25-summer-14_20260816_140000.mp4,3,2479,1,24.0,41.666666666666664,16.343795,0.0,1.317132,310.391628,33.126807,0.0,344.835567,361.179362,True,True,10092.705078125,1481.48681640625,7570.447265625,149.16842651367188,8328,5220
offline,ANU-25-summer-14_20260816_140000.mp4,3,2480,1,24.0,41.666666666666664,17.550391,0.0,1.318242,320.869534,56.866528,0.0,379.054304,396.604695,True,True,12521.1923828125,10596.0234375,10981.5537109375,7912.83154296875,12650,9055
offline,ANU-25-summer-14_20260816_140000.mp4,3,2481,1,24.0,41.666666666666664,18.285067,0.0,1.931883,312.121218,40.46503,0.0,354.51813100000004,372.80319800000007,True,True,12130.001953125,6084.517578125,11100.8134765625,4432.8818359375,12511,10134
offline,ANU-25-summer-14_20260816_140000.mp4,3,2482,1,24.0,41.666666666666664,17.434559,0.0,1.616998,316.70079,37.573936,0.0,355.891724,373.326283,True,True,5005.95458984375,2983.7998046875,4104.9853515625,2603.04296875,7188,5612
offline,ANU-25-summer-14_20260816_140000.mp4,3,2483,1,24.0,41.666666666666664,15.576564,0.0,1.684738,314.286061,40.438808,0.0,356.409607,371.986171,True,True,6251.97265625,3601.0654296875,5319.3046875,2777.26904296875,7968,5764
offline,ANU-25-summer-14_20260816_140000.mp4,3,2484,1,24.0,41.666666666666664,16.931177,0.0,1.657127,325.949156,38.70583,0.0,366.312113,383.24329,True,True,8521.53515625,5996.15234375,6265.1640625,5062.77978515625,9699,6795
offline,ANU-25-summer-14_20260816_140000.mp4,3,2485,1,24.0,41.666666666666664,15.371381,0.0,1.809163,311.277525,38.559498,0.0,351.64618600000006,367.01756700000004,True,True,6310.02490234375,12818.173828125,4993.16162109375,10910.56640625,11008,8574
offline,ANU-25-summer-14_20260816_140000.mp4,3,2486,1,24.0,41.666666666666664,17.515207,0.0,1.633572,317.502021,41.634942,0.0,360.77053500000005,378.285742,True,True,8494.31640625,9241.73828125,7885.7392578125,7780.18408203125,10130,8348
offline,ANU-25-summer-14_20260816_140000.mp4,3,2487,1,24.0,41.666666666666664,16.535589,0.0,1.768293,309.969097,33.978537,0.0,345.715927,362.25151600000004,True,True,7404.43408203125,4849.25390625,5194.74169921875,3734.119140625,8959,5697
offline,ANU-25-summer-14_20260816_140000.mp4,3,2488,1,24.0,41.666666666666664,16.563126,0.0,1.651905,321.230289,36.676318,0.0,359.558512,376.121638,True,True,7106.87109375,10542.9189453125,5448.791015625,9289.31640625,9300,6446
offline,ANU-25-summer-14_20260816_140000.mp4,3,2489,1,24.0,41.666666666666664,15.529398,0.0,1.815311,309.980356,34.128758,0.0,345.924425,361.453823,True,True,6387.45654296875,12408.08984375,4922.478515625,11567.2265625,9992,7604
offline,ANU-25-summer-14_20260816_140000.mp4,3,2490,1,24.0,41.666666666666664,17.402893,0.0,1.66322,321.815967,35.799626,0.0,359.278813,376.681706,True,True,3730.274658203125,6413.298828125,2793.15966796875,5373.68994140625,6473,4796
offline,ANU-25-summer-14_20260816_140000.mp4,3,2491,1,24.0,41.666666666666664,15.642489,0.0,1.7427,311.928424,37.268958,0.0,350.940082,366.58257100000003,True,True,9439.974609375,2439.68017578125,8037.0693359375,1431.0264892578125,8155,6234
offline,ANU-25-summer-14_20260816_140000.mp4,3,2492,1,24.0,41.666666666666664,20.641315,0.0,1.875884,329.987365,46.607416,0.0,378.470665,399.11198,True,True,8341.5869140625,9761.2255859375,3214.72021484375,7696.8369140625,13329,7343
offline,ANU-25-summer-14_20260816_140000.mp4,3,2493,1,24.0,41.666666666666664,16.234185,0.0,1.599332,315.82545,38.544536,0.0,355.969318,372.203503,True,True,9443.51171875,9971.69140625,8442.7734375,9190.0068359375,11816,10251
offline,ANU-25-summer-14_20260816_140000.mp4,3,2494,1,24.0,41.666666666666664,17.060694,0.0,1.447723,316.843252,37.573584,0.0,355.864559,372.925253,True,True,11106.1708984375,6157.5400390625,10008.96875,5377.1474609375,9449,7636
offline,ANU-25-summer-14_20260816_140000.mp4,3,2495,1,24.0,41.666666666666664,14.964609,0.0,1.296946,309.624769,32.64461,0.0,343.566325,358.530934,True,True,6760.669921875,4556.8515625,5512.57763671875,3896.952392578125,7266,5384
offline,ANU-25-summer-14_20260816_140000.mp4,3,2496,1,24.0,41.666666666666664,16.542904,0.0,1.35665,316.798327,36.979704,0.0,355.134681,371.677585,True,True,4829.05078125,6722.4814453125,4268.0712890625,5162.3681640625,9145,6639
offline,ANU-25-summer-14_20260816_140000.mp4,3,2497,1,24.0,41.666666666666664,14.966961,0.0,1.526036,309.001629,34.998025,0.0,345.52568999999994,360.49265099999997,True,True,7341.681640625,4855.8115234375,5796.09765625,4209.9228515625,8796,6755
offline,ANU-25-summer-14_20260816_140000.mp4,3,2498,1,24.0,41.666666666666664,17.252746,0.0,1.322817,317.37645,38.638312,0.0,357.33757899999995,374.59032499999995,True,True,5778.001953125,7341.25341796875,3914.866943359375,5590.736328125,9956,7094
offline,ANU-25-summer-14_20260816_140000.mp4,3,2499,1,24.0,41.666666666666664,15.229235,0.0,1.419297,308.101288,35.833773,0.0,345.354358,360.583593,True,True,8612.212890625,6093.94189453125,7550.10205078125,4539.65771484375,10588,8124
offline,ANU-25-summer-14_20260816_140000.mp4,3,2500,1,24.0,41.666666666666664,16.904196,0.0,1.353853,318.773099,37.873433,0.0,358.000385,374.904581,True,True,6858.0458984375,8665.43359375,5832.1669921875,7510.052734375,9450,7512
offline,ANU-25-summer-14_20260816_140000.mp4,3,2501,1,24.0,41.666666666666664,14.93759,0.0,1.481018,311.255211,35.471389,0.0,348.20761799999997,363.14520799999997,True,True,10138.7275390625,17786.109375,7823.56103515625,15470.541015625,12365,9083
offline,ANU-25-summer-14_20260816_140000.mp4,3,2502,1,24.0,41.666666666666664,18.922671,0.0,1.277299,330.697801,48.618002,0.0,380.59310200000004,399.515773,True,True,7356.9990234375,8714.21484375,6397.9013671875,6415.98388671875,10693,7841
offline,ANU-25-summer-14_20260816_140000.mp4,3,2503,1,24.0,41.666666666666664,20.466151,0.0,1.156985,310.085356,38.137948,0.0,349.380289,369.84644000000003,True,True,8412.033203125,14420.828125,6962.76611328125,13131.615234375,11097,8537
offline,ANU-25-summer-14_20260816_140000.mp4,3,2504,1,24.0,41.666666666666664,16.768345,0.0,1.367186,318.530195,41.439981,0.0,361.337362,378.105707,True,True,9375.97265625,7855.921875,7476.19921875,7510.1572265625,10072,8521
offline,ANU-25-summer-14_20260816_140000.mp4,3,2505,1,24.0,41.666666666666664,15.35527,0.0,1.353131,310.770514,37.346088,0.0,349.469733,364.82500300000004,True,True,6711.53271484375,10987.8359375,5023.9814453125,9388.37109375,10094,7735
offline,ANU-25-summer-14_20260816_140000.mp4,3,2506,1,24.0,41.666666666666664,16.698754,0.0,1.32428,316.871808,40.132664,0.0,358.32875199999995,375.02750599999996,True,True,13379.0888671875,11395.0498046875,11524.103515625,9824.845703125,12823,9874
offline,ANU-25-summer-14_20260816_140000.mp4,3,2507,1,24.0,41.666666666666664,15.394345,0.0,1.418964,308.878927,36.564486,0.0,346.862377,362.25672199999997,True,True,11353.2705078125,7010.8583984375,9560.705078125,6410.07861328125,11283,8765
offline,ANU-25-summer-14_20260816_140000.mp4,3,2508,1,24.0,41.666666666666664,16.723883,0.0,1.326484,317.344395,40.5089,0.0,359.179779,375.903662,True,True,13206.7041015625,3805.4150390625,9427.1328125,2891.97509765625,11458,7548
offline,ANU-25-summer-14_20260816_140000.mp4,3,2509,1,24.0,41.666666666666664,15.629379,0.0,1.359391,310.351483,36.128992,0.0,347.839866,363.469245,True,True,17292.931640625,2945.477294921875,15576.904296875,1920.76318359375,10531,7744
offline,ANU-25-summer-14_20260816_140000.mp4,3,2510,1,24.0,41.666666666666664,16.680125,0.0,1.291836,318.067867,45.154897,0.0,364.5146,381.19472499999995,True,True,22041.484375,6297.25634765625,19656.931640625,4995.95654296875,14992,11973
offline,ANU-25-summer-14_20260816_140000.mp4,3,2511,1,24.0,41.666666666666664,14.954979,0.0,1.438538,309.933655,40.106091,0.0,351.478284,366.43326299999995,True,True,20651.35546875,5600.01708984375,19248.25,4525.134765625,15606,12924
offline,ANU-25-summer-14_20260816_140000.mp4,3,2512,1,24.0,41.666666666666664,16.996157,0.0,1.299113,317.158269,45.003584,0.0,363.460966,380.45712299999997,True,True,16995.7109375,4427.6748046875,15668.697265625,2867.3876953125,12417,10326
offline,ANU-25-summer-14_20260816_140000.mp4,3,2513,1,24.0,41.666666666666664,15.393104,0.0,1.32665,309.038778,37.45953,0.0,347.8249579999999,363.2180619999999,True,True,13320.853515625,7336.47900390625,11444.6865234375,6613.3974609375,13827,11231
offline,ANU-25-summer-14_20260816_140000.mp4,3,2514,1,24.0,41.666666666666664,16.185056,0.0,1.244374,318.960727,42.971351,0.0,363.17645200000004,379.361508,True,True,17086.64453125,9112.0,15398.486328125,6633.7265625,13704,11115
offline,ANU-25-summer-14_20260816_140000.mp4,3,2515,1,24.0,41.666666666666664,15.121663,0.0,1.512203,309.867452,39.139102,0.0,350.518757,365.64042,True,True,13454.724609375,6292.43505859375,12170.974609375,5605.24560546875,12776,10951
offline,ANU-25-summer-14_20260816_140000.mp4,3,2516,1,24.0,41.666666666666664,16.884733,0.0,1.332724,317.276174,42.665096,0.0,361.273994,378.158727,True,True,11674.4296875,7007.177734375,10506.8310546875,6001.4375,11977,9721
offline,ANU-25-summer-14_20260816_140000.mp4,3,2517,1,24.0,41.666666666666664,15.702488,0.0,1.816237,309.336496,36.060104,0.0,347.21283700000004,362.91532500000005,True,True,5436.98486328125,10896.501953125,4047.75341796875,9114.5595703125,11455,8425
offline,ANU-25-summer-14_20260816_140000.mp4,3,2518,1,24.0,41.666666666666664,16.563996,0.0,1.476389,316.893716,38.528406,0.0,356.898511,373.46250699999996,True,True,4584.2744140625,9247.228515625,3760.188232421875,8050.0888671875,9271,7186
offline,ANU-25-summer-14_20260816_140000.mp4,3,2519,1,24.0,41.666666666666664,15.40577,0.0,1.53624,310.609739,36.448747,0.0,348.59472600000004,364.00049600000006,True,True,9160.8388671875,9637.0419921875,8051.27734375,7768.58056640625,9939,7613
offline,ANU-25-summer-14_20260816_140000.mp4,3,2520,1,24.0,41.666666666666664,17.39619,0.0,1.562091,321.822377,56.027447,0.0,379.411915,396.808105,True,True,7796.990234375,12268.626953125,7273.44921875,10436.166015625,12325,10439
offline,ANU-25-summer-14_20260816_140000.mp4,3,2521,1,24.0,41.666666666666664,16.388888,0.0,1.991105,316.756904,39.117196,0.0,357.865205,374.254093,True,True,12374.97265625,11806.5029296875,9592.8154296875,10343.033203125,13900,10613
offline,ANU-25-summer-14_20260816_140000.mp4,3,2522,1,24.0,41.666666666666664,16.644903,0.0,1.358946,318.882007,41.074282,0.0,361.315235,377.960138,True,True,9347.4609375,5491.224609375,8780.1015625,4677.01220703125,9269,7665
offline,ANU-25-summer-14_20260816_140000.mp4,3,2523,1,24.0,41.666666666666664,14.7615,0.0,1.717978,309.326904,34.658251,0.0,345.70313300000004,360.46463300000005,True,True,5820.845703125,12874.15625,4198.7333984375,10163.806640625,9794,6850
offline,ANU-25-summer-14_20260816_140000.mp4,3,2524,1,24.0,41.666666666666664,17.319375,0.0,1.580461,316.513647,42.528246,0.0,360.62235400000003,377.941729,True,True,11230.82421875,14966.435546875,9500.0537109375,13344.05859375,12780,9639
offline,ANU-25-summer-14_20260816_140000.mp4,3,2525,1,24.0,41.666666666666664,15.415547,0.0,1.720089,309.317867,36.640041,0.0,347.67799699999995,363.09354399999995,True,True,7211.728515625,10746.51953125,6187.3916015625,9855.23828125,11027,9234
offline,ANU-25-summer-14_20260816_140000.mp4,3,2526,1,24.0,41.666666666666664,16.956603,0.0,1.345927,317.146362,41.129059,0.0,359.621348,376.577951,True,True,7327.29296875,9504.4443359375,5945.44580078125,9174.05078125,10288,8592
offline,ANU-25-summer-14_20260816_140000.mp4,3,2527,1,24.0,41.666666666666664,19.933491,0.0,1.592147,309.227665,36.465321,0.0,347.28513300000003,367.21862400000003,True,True,8268.943359375,9081.48046875,6664.0859375,7433.4033203125,11191,8132
offline,ANU-25-summer-14_20260816_140000.mp4,3,2528,1,24.0,41.666666666666664,17.330264,0.0,1.643869,316.766311,42.733872,0.0,361.144052,378.474316,True,True,5972.55517578125,8151.486328125,5199.7763671875,7069.3642578125,8771,6974
offline,ANU-25-summer-14_20260816_140000.mp4,3,2529,1,24.0,41.666666666666664,15.586786,0.0,1.632257,309.277572,37.300218,0.0,348.21004700000003,363.79683300000005,True,True,6030.59326171875,9714.390625,4640.98046875,8404.234375,9522,7006
offline,ANU-25-summer-14_20260816_140000.mp4,3,2530,1,24.0,41.666666666666664,18.223309,0.0,1.26841,316.624998,36.507561,0.0,354.40096900000003,372.624278,True,True,12791.5673828125,1251.9814453125,11769.6015625,610.9903564453125,8123,6412
offline,ANU-25-summer-14_20260816_140000.mp4,3,2531,1,24.0,41.666666666666664,14.977183,0.0,1.642498,308.701468,32.423001,0.0,342.76696699999997,357.74415,True,True,11656.3642578125,1806.8828125,10408.9384765625,1519.868408203125,7113,5473
offline,ANU-25-summer-14_20260816_140000.mp4,3,2532,1,24.0,41.666666666666664,17.057453,0.0,1.563018,316.496,38.481981,0.0,356.540999,373.598452,True,True,10248.72265625,5047.8837890625,8095.11669921875,3682.70703125,11288,8128
offline,ANU-25-summer-14_20260816_140000.mp4,3,2533,1,24.0,41.666666666666664,15.761081,0.0,1.349483,308.880392,30.066494,0.0,340.29636899999997,356.05744999999996,True,True,10454.013671875,4824.06591796875,8731.9921875,3520.528076171875,8709,5991
offline,ANU-25-summer-14_20260816_140000.mp4,3,2534,1,24.0,41.666666666666664,17.340246,0.0,1.324947,316.364632,39.327118,0.0,357.01669699999997,374.35694299999994,True,True,10887.3623046875,3559.73681640625,7234.685546875,2434.913818359375,10756,6752
offline,ANU-25-summer-14_20260816_140000.mp4,3,2535,1,24.0,41.666666666666664,19.292258,0.0,1.340742,309.281388,33.381045,0.0,344.00317499999994,363.29543299999995,True,True,13420.234375,6146.6142578125,11282.5517578125,2852.132080078125,12029,7487
offline,ANU-25-summer-14_20260816_140000.mp4,3,2536,1,24.0,41.666666666666664,21.515101,0.0,1.505407,317.04342,39.69991,0.0,358.248737,379.763838,True,True,13168.029296875,4586.4990234375,11769.30078125,3278.61474609375,9991,7743
offline,ANU-25-summer-14_20260816_140000.mp4,3,2537,1,24.0,41.666666666666664,15.555638,0.0,1.607332,309.236758,34.234608,0.0,345.078698,360.63433599999996,True,True,8178.6748046875,6015.87255859375,7202.21044921875,4188.0634765625,9933,7175
offline,ANU-25-summer-14_20260816_140000.mp4,3,2538,1,24.0,41.666666666666664,17.705723,0.0,1.288743,317.014864,42.780983,0.0,361.08459,378.79031299999997,True,True,7456.91064453125,7012.1572265625,6478.94873046875,4237.6650390625,11896,8370
offline,ANU-25-summer-14_20260816_140000.mp4,3,2539,1,24.0,41.666666666666664,14.94135,0.0,1.421242,314.593654,40.44166,0.0,356.45655600000003,371.39790600000003,True,True,8771.3837890625,7214.77099609375,7492.2822265625,6536.37939453125,9252,7421
offline,ANU-25-summer-14_20260816_140000.mp4,3,2540,1,24.0,41.666666666666664,18.290937,0.0,1.736311,325.727885,45.141009,0.0,372.605205,390.896142,True,True,14743.595703125,6313.00732421875,12183.1669921875,5747.35546875,12255,9325
offline,ANU-25-summer-14_20260816_140000.mp4,3,2541,1,24.0,41.666666666666664,15.762007,0.0,1.320779,312.426015,35.759108,0.0,349.505902,365.267909,True,True,14666.71484375,9603.099609375,12618.140625,6262.2978515625,11429,7703
offline,ANU-25-summer-14_20260816_140000.mp4,3,2542,1,24.0,41.666666666666664,17.414097,0.0,1.295613,317.099901,44.542887,0.0,362.938401,380.352498,True,True,14563.17578125,11352.119140625,13508.1552734375,10389.36328125,13540,11543
offline,ANU-25-summer-14_20260816_140000.mp4,3,2543,1,24.0,41.666666666666664,14.911017,0.0,1.737738,309.335887,38.922346,0.0,349.995971,364.906988,True,True,7695.3369140625,9488.439453125,6443.572265625,8183.388671875,10889,8090
offline,ANU-25-summer-14_20260816_140000.mp4,3,2544,1,24.0,41.666666666666664,20.217396,0.0,1.255243,317.960038,43.263977,0.0,362.479258,382.696654,True,True,6619.53955078125,12060.34375,5442.73291015625,8967.5087890625,11870,8091
offline,ANU-25-summer-14_20260816_140000.mp4,3,2545,1,24.0,41.666666666666664,15.688692,0.0,1.700793,309.158538,40.349143,0.0,351.208474,366.897166,True,True,2548.7333984375,14930.8310546875,1898.2681884765625,13510.38671875,11561,9203
offline,ANU-25-summer-14_20260816_140000.mp4,3,2546,1,24.0,41.666666666666664,17.453059,0.0,1.364482,318.090611,46.439419,0.0,365.894512,383.347571,True,True,7253.2890625,12836.943359375,6021.9697265625,10727.48828125,14187,10880
offline,ANU-25-summer-14_20260816_140000.mp4,3,2547,1,24.0,41.666666666666664,14.791056,0.0,1.612443,313.126025,39.845224,0.0,354.58369200000004,369.37474800000007,True,True,2156.146240234375,18384.412109375,1588.11474609375,17175.29296875,13130,11023
offline,ANU-25-summer-14_20260816_140000.mp4,3,2548,1,24.0,41.666666666666664,17.244229,0.0,1.542647,316.836219,41.786662,0.0,360.165528,377.409757,True,True,6310.177734375,13152.150390625,5513.7099609375,12312.080078125,11165,9683
offline,ANU-25-summer-14_20260816_140000.mp4,3,2549,1,24.0,41.666666666666664,18.501787,0.0,1.369798,309.88777,35.048302,0.0,346.30586999999997,364.80765699999995,True,True,4666.58056640625,16464.0703125,4462.435546875,14594.044921875,11976,9983
offline,ANU-25-summer-14_20260816_140000.mp4,3,2550,1,24.0,41.666666666666664,17.43606,0.0,1.307687,316.494353,39.487246,0.0,357.28928599999995,374.72534599999994,True,True,4647.84423828125,5423.611328125,3153.267822265625,4902.0244140625,8955,7003
offline,ANU-25-summer-14_20260816_140000.mp4,3,2551,1,24.0,41.666666666666664,14.493559,0.0,1.647053,308.954485,33.875298,0.0,344.476836,358.970395,True,True,6811.4814453125,4901.82763671875,5290.7294921875,3830.93994140625,7497,5635
offline,ANU-25-summer-14_20260816_140000.mp4,3,2552,1,24.0,41.666666666666664,17.028842,0.0,1.623498,317.16853,44.04256,0.0,362.83458799999994,379.86342999999994,True,True,5605.8017578125,12860.388671875,3130.180419921875,12141.212890625,14032,10215
offline,ANU-25-summer-14_20260816_140000.mp4,3,2553,1,24.0,41.666666666666664,15.634582,0.0,1.483519,309.659569,38.317076,0.0,349.46016399999996,365.094746,True,True,7237.388671875,12390.5859375,5585.51708984375,10511.1123046875,11876,9430
offline,ANU-25-summer-14_20260816_140000.mp4,3,2554,1,24.0,41.666666666666664,16.837364,0.0,1.592925,318.262869,43.627102,0.0,363.482896,380.32025999999996,True,True,9834.25,17421.9921875,6885.21044921875,16851.43359375,14342,11599
offline,ANU-25-summer-14_20260816_140000.mp4,3,2555,1,24.0,41.666666666666664,17.973256,0.0,1.364205,311.188476,37.415606,0.0,349.96828700000003,367.941543,True,True,11815.412109375,8614.4697265625,10680.09765625,7022.56982421875,13170,10556
offline,ANU-25-summer-14_20260816_140000.mp4,3,2556,1,24.0,41.666666666666664,16.41972,0.0,1.39476,317.396953,40.004462,0.0,358.796175,375.215895,True,True,7632.287109375,12082.9072265625,5677.546875,10023.390625,10972,7515
offline,ANU-25-summer-14_20260816_140000.mp4,3,2557,1,24.0,41.666666666666664,14.702853,0.0,1.523462,309.680995,35.143357,0.0,346.34781399999997,361.050667,True,True,8624.8857421875,10329.6572265625,8044.0439453125,9171.9912109375,10175,8654
offline,ANU-25-summer-14_20260816_140000.mp4,3,2558,1,24.0,41.666666666666664,17.505133,0.0,1.584943,329.420748,47.17841,0.0,378.184101,395.689234,True,True,7833.02490234375,9365.2109375,7034.93359375,8829.7119140625,10426,9157
offline,ANU-25-summer-14_20260816_140000.mp4,3,2559,1,24.0,41.666666666666664,15.043571,0.0,1.405297,310.593002,35.141412,0.0,347.13971100000003,362.183282,True,True,7933.0205078125,12753.9052734375,7395.6513671875,8396.6513671875,12711,9098
offline,ANU-25-summer-14_20260816_140000.mp4,3,2560,1,24.0,41.666666666666664,21.17542,0.0,1.243558,318.390015,40.823638,0.0,360.45721100000003,381.632631,True,True,9960.3330078125,14365.171875,8874.115234375,10358.751953125,12302,9128
offline,ANU-25-summer-14_20260816_140000.mp4,3,2561,1,24.0,41.666666666666664,14.878813,0.0,1.833514,309.41148,33.879984,0.0,345.12497799999994,360.0037909999999,True,True,10270.955078125,6180.3671875,8692.44921875,5219.1396484375,9603,7115
offline,ANU-25-summer-14_20260816_140000.mp4,3,2562,1,24.0,41.666666666666664,17.161415,0.0,1.319409,317.206753,38.908032,0.0,357.434194,374.59560899999997,True,True,11861.7880859375,2666.407470703125,11358.0087890625,2147.803466796875,7936,6631
offline,ANU-25-summer-14_20260816_140000.mp4,3,2563,1,24.0,41.666666666666664,15.534398,0.0,1.401464,310.898665,33.839188,0.0,346.13931699999995,361.67371499999996,True,True,12180.591796875,7193.16796875,11252.54296875,3248.06591796875,10306,7362
offline,ANU-25-summer-14_20260816_140000.mp4,3,2564,1,24.0,41.666666666666664,17.407894,0.0,1.278095,316.76287,41.812477,0.0,359.85344200000003,377.26133600000003,True,True,13553.55078125,8527.423828125,11942.14453125,7020.890625,10843,8422
offline,ANU-25-summer-14_20260816_140000.mp4,3,2565,1,24.0,41.666666666666664,15.644786,0.0,1.366094,308.903098,32.3353,0.0,342.604492,358.249278,True,True,2797.0126953125,10252.7939453125,2139.684814453125,5476.8076171875,8879,4787
offline,ANU-25-summer-14_20260816_140000.mp4,3,2566,1,24.0,41.666666666666664,20.540298,0.0,1.335372,316.267469,40.262978,0.0,357.865819,378.406117,True,True,5401.60595703125,11773.787109375,4868.42431640625,10203.61328125,10826,8716
offline,ANU-25-summer-14_20260816_140000.mp4,3,2567,1,24.0,41.666666666666664,16.247685,0.0,1.353687,309.444036,32.126339,0.0,342.92406199999994,359.1717469999999,True,True,5522.4765625,4808.7470703125,4500.77490234375,3792.4873046875,8630,6289
offline,ANU-25-summer-14_20260816_140000.mp4,3,2568,1,24.0,41.666666666666664,16.994472,0.0,1.281095,322.0631,35.516611,0.0,358.860806,375.855278,True,True,6003.4267578125,2586.263671875,4091.75830078125,2346.084228515625,6632,4558
offline,ANU-25-summer-14_20260816_140000.mp4,3,2569,1,24.0,41.666666666666664,15.448714,0.0,1.550851,310.92398,33.170881,0.0,345.645712,361.094426,True,True,8466.4033203125,7188.2255859375,6192.5517578125,6718.51953125,8871,6688
offline,ANU-25-summer-14_20260816_140000.mp4,3,2570,1,24.0,41.666666666666664,18.253068,0.0,1.349224,317.196661,36.675078,0.0,355.220963,373.47403099999997,True,True,7890.55908203125,4274.32861328125,6630.462890625,3897.04541015625,8133,6589
offline,ANU-25-summer-14_20260816_140000.mp4,3,2571,1,24.0,41.666666666666664,17.070657,0.0,1.416835,331.010599,37.456827,0.0,369.884261,386.95491799999996,True,True,5334.61328125,5291.73291015625,3859.247802734375,3600.039306640625,6998,4023
offline,ANU-25-summer-14_20260816_140000.mp4,3,2572,1,24.0,41.666666666666664,19.950676,0.0,1.250095,316.790758,39.30149,0.0,357.34234299999997,377.29301899999996,True,True,11078.0234375,4292.57373046875,7868.81787109375,3162.75439453125,10426,7045
offline,ANU-25-summer-14_20260816_140000.mp4,3,2573,1,24.0,41.666666666666664,16.809364,0.0,1.527462,309.400463,32.47152,0.0,343.399445,360.20880900000003,True,True,9307.6748046875,8515.8564453125,6168.197265625,7251.7470703125,10864,6603
offline,ANU-25-summer-14_20260816_140000.mp4,3,2574,1,24.0,41.666666666666664,17.450671,0.0,1.267984,316.489522,41.034968,0.0,358.792474,376.243145,True,True,7643.83447265625,8498.3486328125,7133.853515625,5844.0537109375,10685,8102
offline,ANU-25-summer-14_20260816_140000.mp4,3,2575,1,24.0,41.666666666666664,14.630909,0.0,1.285855,311.033979,40.019221,0.0,352.33905500000003,366.969964,True,True,9941.521484375,13785.697265625,6328.017578125,12665.111328125,14261,10667
offline,ANU-25-summer-14_20260816_140000.mp4,3,2576,1,24.0,41.666666666666664,17.040954,0.0,1.294113,319.041564,40.524734,0.0,360.860411,377.901365,True,True,18796.810546875,13759.71484375,15768.640625,11820.75,13576,9636
offline,ANU-25-summer-14_20260816_140000.mp4,3,2577,1,24.0,41.666666666666664,16.483701,0.0,2.037011,320.163735,36.699689,0.0,358.90043499999996,375.38413599999996,True,True,6706.88037109375,17758.486328125,5117.7001953125,16805.072265625,11974,9502
offline,ANU-25-summer-14_20260816_140000.mp4,3,2578,1,24.0,41.666666666666664,17.335154,0.0,1.328058,317.389419,36.923446,0.0,355.640923,372.976077,True,True,7430.48486328125,9663.2880859375,5631.1416015625,7593.8154296875,10961,7531
offline,ANU-25-summer-14_20260816_140000.mp4,3,2579,1,24.0,41.666666666666664,14.855832,0.0,1.397223,309.72157,34.339181,0.0,345.457974,360.313806,True,True,5349.3955078125,8617.3125,3987.721435546875,7352.88671875,9901,6981
offline,ANU-25-summer-14_20260816_140000.mp4,3,2580,1,24.0,41.666666666666664,17.385357,0.0,1.312484,318.037818,39.324711,0.0,358.675013,376.06037,True,True,13292.0390625,4985.57861328125,9895.671875,3473.649169921875,12289,8017
offline,ANU-25-summer-14_20260816_140000.mp4,3,2581,1,24.0,41.666666666666664,15.558935,0.0,1.340909,309.178428,38.047154,0.0,348.566491,364.125426,True,True,9897.0966796875,7103.98095703125,7264.66943359375,4315.3291015625,11377,7763
offline,ANU-25-summer-14_20260816_140000.mp4,3,2582,1,24.0,41.666666666666664,17.399783,0.0,1.343947,317.794988,42.905796,0.0,362.044731,379.444514,True,True,7047.5009765625,8794.833984375,6022.28564453125,6042.65478515625,12977,9375
offline,ANU-25-summer-14_20260816_140000.mp4,3,2583,1,24.0,41.666666666666664,14.912851,0.0,1.408538,310.80526,38.928606,0.0,351.142404,366.055255,True,True,14018.072265625,7121.11865234375,11619.3798828125,4987.599609375,12130,8911
offline,ANU-25-summer-14_20260816_140000.mp4,3,2584,1,24.0,41.666666666666664,17.17073,0.0,1.323743,317.842913,45.407117,0.0,364.57377299999996,381.74450299999995,True,True,16199.189453125,14521.1826171875,13703.6123046875,11494.10546875,15720,11602
offline,ANU-25-summer-14_20260816_140000.mp4,3,2585,1,24.0,41.666666666666664,15.033275,0.0,1.504129,310.056325,37.903008,0.0,349.463462,364.496737,True,True,11807.107421875,6009.81396484375,11054.6064453125,4800.3154296875,10232,8115
offline,ANU-25-summer-14_20260816_140000.mp4,3,2586,1,24.0,41.666666666666664,17.388245,0.0,1.340761,317.245884,41.964845,0.0,360.55148999999994,377.9397349999999,True,True,17858.494140625,10756.990234375,15551.71875,9764.45703125,14559,11511
offline,ANU-25-summer-14_20260816_140000.mp4,3,2587,1,24.0,41.666666666666664,15.040627,0.0,1.479241,310.071603,34.866675,0.0,346.41751899999997,361.45814599999994,True,True,14541.396484375,3797.865966796875,12651.9873046875,2699.782958984375,10535,7977
offline,ANU-25-summer-14_20260816_140000.mp4,3,2588,1,24.0,41.666666666666664,19.237611,0.0,1.98153,344.144362,39.655411,0.0,385.78130300000004,405.01891400000005,True,True,9466.525390625,2929.042724609375,7633.03955078125,1953.609375,7859,4799
offline,ANU-25-summer-14_20260816_140000.mp4,3,2589,1,24.0,41.666666666666664,16.893381,0.0,1.700146,316.331192,51.633539,0.0,369.664877,386.55825799999997,True,True,5579.99560546875,8334.7734375,5202.9521484375,7030.00830078125,8623,6795
offline,ANU-25-summer-14_20260816_140000.mp4,3,2590,1,24.0,41.666666666666664,17.777,0.0,1.944291,346.640424,43.517474,0.0,392.102189,409.879189,True,True,5992.40185546875,19476.234375,5408.36376953125,14547.29296875,11671,7467
offline,ANU-25-summer-14_20260816_140000.mp4,3,2591,1,24.0,41.666666666666664,17.136138,0.0,1.62435,314.281514,39.355544,0.0,355.261408,372.39754600000003,True,True,9245.7177734375,7401.84912109375,7632.6279296875,6929.5322265625,10785,8488
offline,ANU-25-summer-14_20260816_140000.mp4,3,2592,1,24.0,41.666666666666664,16.234408,0.0,1.538517,327.196649,40.184497,0.0,368.919663,385.154071,True,True,9889.9267578125,8279.4580078125,8578.9755859375,6576.09814453125,10634,7702
offline,ANU-25-summer-14_20260816_140000.mp4,3,2593,1,24.0,41.666666666666664,15.623564,0.0,1.333706,322.526615,33.985223,0.0,357.845544,373.469108,True,True,3669.02197265625,12313.39453125,2344.14453125,10158.4912109375,9931,6138
offline,ANU-25-summer-14_20260816_140000.mp4,3,2594,1,24.0,41.666666666666664,17.381283,0.0,1.320798,317.477993,38.697312,0.0,357.49610300000006,374.87738600000006,True,True,8534.849609375,13620.84765625,6261.12890625,11719.2041015625,11786,8216
offline,ANU-25-summer-14_20260816_140000.mp4,3,2595,1,24.0,41.666666666666664,15.912783,0.0,1.575721,320.137107,45.347192,0.0,367.06002,382.972803,True,True,15931.27734375,6760.41455078125,14627.78125,5088.9501953125,11763,8775
offline,ANU-25-summer-14_20260816_140000.mp4,3,2596,1,24.0,41.666666666666664,26.895293,0.0,2.259897,331.736129,36.278065,0.0,370.274091,397.169384,True,True,4593.40185546875,6859.748046875,3885.6484375,5782.2509765625,8767,6999
offline,ANU-25-summer-14_20260816_140000.mp4,3,2597,1,24.0,41.666666666666664,15.482547,0.0,1.284391,309.18454,32.436983,0.0,342.90591400000005,358.38846100000006,True,True,8926.3818359375,6294.11083984375,7835.5810546875,3910.345458984375,7623,4341
offline,ANU-25-summer-14_20260816_140000.mp4,3,2598,1,24.0,41.666666666666664,17.277821,0.0,1.271039,317.547714,37.693732,0.0,356.51248499999997,373.790306,True,True,7841.7861328125,11829.5478515625,6696.2734375,9631.494140625,9206,6259
offline,ANU-25-summer-14_20260816_140000.mp4,3,2599,1,24.0,41.666666666666664,15.106237,0.0,1.621665,308.860878,37.342793,0.0,347.825336,362.931573,True,True,11839.0546875,7065.59765625,9737.9765625,6352.6982421875,11057,8525
offline,ANU-25-summer-14_20260816_140000.mp4,3,2600,1,24.0,41.666666666666664,17.34095,0.0,1.54487,318.632978,42.727502,0.0,362.90535,380.2463,True,True,12937.71875,6190.0087890625,10907.583984375,4388.36083984375,12689,8996
offline,ANU-25-summer-14_20260816_140000.mp4,3,2601,1,24.0,41.666666666666664,15.764785,0.0,1.652609,309.962568,33.480489,0.0,345.09566599999994,360.86045099999996,True,True,10089.681640625,6845.34375,8645.9951171875,5559.76123046875,8635,6339
offline,ANU-25-summer-14_20260816_140000.mp4,3,2602,1,24.0,41.666666666666664,17.112101,0.0,1.521481,316.775391,38.289076,0.0,356.58594800000003,373.698049,True,True,4357.7158203125,6237.04443359375,2989.77099609375,5088.10546875,8859,6443
offline,ANU-25-summer-14_20260816_140000.mp4,3,2603,1,24.0,41.666666666666664,15.132681,0.0,1.634924,319.209156,49.566639,0.0,370.41071900000003,385.5434,True,True,19975.20703125,7630.9150390625,16358.44140625,5625.7890625,13968,9847
offline,ANU-25-summer-14_20260816_140000.mp4,3,2604,1,24.0,41.666666666666664,21.323159,0.0,1.546795,323.08046,41.037246,0.0,365.664501,386.98765999999995,True,True,16424.998046875,8045.81103515625,14950.802734375,7577.42138671875,10586,8806
offline,ANU-25-summer-14_20260816_140000.mp4,3,2605,1,24.0,41.666666666666664,15.78184,0.0,1.563554,313.148511,36.865447,0.0,351.577512,367.359352,True,True,14521.150390625,13786.369140625,11147.3076171875,12133.2275390625,13750,10189
offline,ANU-25-summer-14_20260816_140000.mp4,3,2606,1,24.0,41.666666666666664,17.881758,0.0,1.550259,321.291094,38.783052,0.0,361.62440499999997,379.50616299999996,True,True,15280.458984375,14414.02734375,14168.9501953125,11460.0,14488,11818
offline,ANU-25-summer-14_20260816_140000.mp4,3,2607,1,24.0,41.666666666666664,14.348487,0.0,1.344557,309.985643,34.979952,0.0,346.310152,360.658639,True,True,10305.2626953125,11852.18359375,8157.23779296875,10323.6884765625,12799,9459
offline,ANU-25-summer-14_20260816_140000.mp4,3,2608,1,24.0,41.666666666666664,17.705445,0.0,1.625868,321.485036,45.19325,0.0,368.304154,386.009599,True,True,11170.7998046875,9558.349609375,10068.271484375,8032.6357421875,12833,10289
offline,ANU-25-summer-14_20260816_140000.mp4,3,2609,1,24.0,41.666666666666664,15.561009,0.0,1.635813,310.239121,36.540192,0.0,348.415126,363.976135,True,True,14572.29296875,11941.0126953125,14172.1171875,11196.7236328125,11343,10101
offline,ANU-25-summer-14_20260816_140000.mp4,3,2610,1,24.0,41.666666666666664,17.185896,0.0,1.533018,317.763805,39.352638,0.0,358.64946100000003,375.83535700000004,True,True,13263.1455078125,5090.8486328125,11654.48828125,3777.4716796875,9848,6998
offline,ANU-25-summer-14_20260816_140000.mp4,3,2611,1,24.0,41.666666666666664,14.863759,0.0,1.638202,309.948403,39.835002,0.0,351.421607,366.285366,True,True,13011.015625,13696.7890625,11756.1552734375,12877.58984375,12460,10639
offline,ANU-25-summer-14_20260816_140000.mp4,3,2612,1,24.0,41.666666666666664,17.336857,0.0,1.543777,316.893927,41.238391,0.0,359.676095,377.012952,True,True,8667.4794921875,9141.90234375,8036.56982421875,8380.2412109375,10209,8848
offline,ANU-25-summer-14_20260816_140000.mp4,3,2613,1,24.0,41.666666666666664,15.788507,0.0,1.366946,309.48676,36.293268,0.0,347.146974,362.935481,True,True,8302.04296875,4269.095703125,5878.068359375,3492.69970703125,9525,6588
offline,ANU-25-summer-14_20260816_140000.mp4,3,2614,1,24.0,41.666666666666664,16.847845,0.0,1.527407,333.223778,51.594225,0.0,386.34540999999996,403.19325499999997,True,True,6693.693359375,5947.025390625,6059.7646484375,5060.06982421875,8361,6763
offline,ANU-25-summer-14_20260816_140000.mp4,3,2615,1,24.0,41.666666666666664,15.136755,0.0,1.735219,316.671412,42.872279,0.0,361.27890999999994,376.41566499999993,True,True,11355.638671875,3088.713623046875,10183.1513671875,2746.38134765625,9459,7807
offline,ANU-25-summer-14_20260816_140000.mp4,3,2616,1,24.0,41.666666666666664,18.102699,0.0,1.329002,320.818859,42.78204,0.0,364.929901,383.0326,True,True,11745.125,6951.736328125,9556.03125,5957.2744140625,11930,9095
offline,ANU-25-summer-14_20260816_140000.mp4,3,2617,1,24.0,41.666666666666664,18.90543,0.0,1.366631,311.109685,33.384898,0.0,345.861214,364.76664400000004,True,True,11851.6953125,3321.0966796875,10740.0400390625,2763.829345703125,8664,6865
offline,ANU-25-summer-14_20260816_140000.mp4,3,2618,1,24.0,41.666666666666664,19.849159,0.0,1.284725,317.718158,38.686109,0.0,357.688992,377.53815099999997,True,True,12649.599609375,3692.60107421875,10627.69921875,3115.13330078125,9547,7227
offline,ANU-25-summer-14_20260816_140000.mp4,3,2619,1,24.0,41.666666666666664,16.411035,0.0,1.458056,309.452409,33.468471,0.0,344.378936,360.78997100000004,True,True,9865.5302734375,1809.970703125,8524.8515625,475.97308349609375,7292,4809
offline,ANU-25-summer-14_20260816_140000.mp4,3,2620,1,24.0,41.666666666666664,17.83711,0.0,1.324391,318.04632,37.128277,0.0,356.49898799999994,374.33609799999994,True,True,6093.62255859375,4145.4453125,4691.671875,2579.325927734375,8476,5404
offline,ANU-25-summer-14_20260816_140000.mp4,3,2621,1,24.0,41.666666666666664,17.066194,0.0,1.557536,309.641278,34.320201,0.0,345.519015,362.585209,True,True,8762.7216796875,8339.115234375,7439.0439453125,5001.33837890625,11668,7385
offline,ANU-25-summer-14_20260816_140000.mp4,3,2622,1,24.0,41.666666666666664,16.664143,0.0,1.295502,319.189936,40.175794,0.0,360.661232,377.325375,True,True,7856.5986328125,6614.20068359375,6371.513671875,6051.5625,9644,7903
offline,ANU-25-summer-14_20260816_140000.mp4,3,2623,1,24.0,41.666666666666664,14.958998,0.0,1.514703,309.207338,34.766769,0.0,345.48881,360.447808,True,True,10512.556640625,8997.16015625,8886.935546875,4784.0185546875,11464,8188
offline,ANU-25-summer-14_20260816_140000.mp4,3,2624,1,24.0,41.666666666666664,17.518262,0.0,1.265299,318.164616,42.669004,0.0,362.098919,379.617181,True,True,10414.783203125,16339.9248046875,5896.6748046875,14375.1962890625,12413,9662
offline,ANU-25-summer-14_20260816_140000.mp4,3,2625,1,24.0,41.666666666666664,15.375845,0.0,1.414649,310.683728,43.919618,0.0,356.017995,371.39384,True,True,7609.63134765625,22289.953125,5502.8671875,17051.61328125,14752,10353
offline,ANU-25-summer-14_20260816_140000.mp4,3,2626,1,24.0,41.666666666666664,17.30708,0.0,1.545296,323.400255,44.439,0.0,369.38455100000004,386.69163100000003,True,True,7902.08154296875,14032.376953125,7189.78515625,12182.4990234375,13459,10749
offline,ANU-25-summer-14_20260816_140000.mp4,3,2627,1,24.0,41.666666666666664,15.636527,0.0,2.0684,309.062711,37.583585,0.0,348.714696,364.351223,True,True,10784.35546875,9356.42578125,9265.0712890625,8542.755859375,12339,9871
offline,ANU-25-summer-14_20260816_140000.mp4,3,2628,1,24.0,41.666666666666664,17.311191,0.0,1.27491,317.260998,41.853422,0.0,360.38933,377.700521,True,True,5790.861328125,13055.03515625,4912.34423828125,10712.44140625,12127,9030
offline,ANU-25-summer-14_20260816_140000.mp4,3,2629,1,24.0,41.666666666666664,15.708859,0.0,1.406204,309.377633,39.956482,0.0,350.740319,366.449178,True,True,6683.2861328125,15505.15625,5247.919921875,14826.18359375,12520,10389
offline,ANU-25-summer-14_20260816_140000.mp4,3,2630,1,24.0,41.666666666666664,16.930381,0.0,1.294095,317.426088,43.665121,0.0,362.385304,379.31568500000003,True,True,9523.140625,13959.55078125,8958.8125,12753.4814453125,12394,10870
offline,ANU-25-summer-14_20260816_140000.mp4,3,2631,1,24.0,41.666666666666664,15.056219,0.0,1.467019,309.447651,37.372051,0.0,348.286721,363.34294,True,True,8009.1943359375,19564.73046875,7441.14208984375,15891.6904296875,13362,10233
offline,ANU-25-summer-14_20260816_140000.mp4,3,2632,1,24.0,41.666666666666664,17.029121,0.0,1.275687,326.381995,53.95727,0.0,381.614952,398.644073,True,True,4699.5244140625,14671.5498046875,3904.299072265625,12364.7587890625,13374,10251
offline,ANU-25-summer-14_20260816_140000.mp4,3,2633,1,24.0,41.666666666666664,16.204872,0.0,1.931569,317.930785,40.349477,0.0,360.211831,376.41670300000004,True,True,14390.0732421875,18369.931640625,12671.166015625,17688.0234375,15106,13004
offline,ANU-25-summer-14_20260816_140000.mp4,3,2634,1,24.0,41.666666666666664,16.785716,0.0,1.511407,319.437508,48.530783,0.0,369.479698,386.26541399999996,True,True,12491.125,19220.25,11308.775390625,17446.59765625,14683,12273
offline,ANU-25-summer-14_20260816_140000.mp4,3,2635,1,24.0,41.666666666666664,15.017664,0.0,1.434242,310.668155,49.348828,0.0,361.451225,376.46888900000005,True,True,7303.5810546875,17165.94140625,6915.720703125,15725.08203125,13003,11691
offline,ANU-25-summer-14_20260816_140000.mp4,3,2636,1,24.0,41.666666666666664,17.094342,0.0,1.352927,319.702393,40.476624,0.0,361.531944,378.626286,True,True,13698.2265625,7531.1259765625,12954.154296875,7114.478515625,11663,10487
offline,ANU-25-summer-14_20260816_140000.mp4,3,2637,1,24.0,41.666666666666664,18.186736,0.0,1.376705,310.632581,39.853613,0.0,351.862899,370.049635,True,True,7355.025390625,14006.0966796875,6436.85986328125,12894.279296875,12129,10097
offline,ANU-25-summer-14_20260816_140000.mp4,3,2638,1,24.0,41.666666666666664,17.032232,0.0,1.811625,333.26578,47.852254,0.0,382.929659,399.96189100000004,True,True,9673.787109375,19191.45703125,7266.626953125,15884.27734375,14046,10650
offline,ANU-25-summer-14_20260816_140000.mp4,3,2639,1,24.0,41.666666666666664,15.626898,0.0,1.40313,311.454163,34.755677,0.0,347.61296999999996,363.23986799999994,True,True,18373.6796875,5707.7763671875,16336.076171875,3784.976806640625,11755,9034
offline,ANU-25-summer-14_20260816_140000.mp4,3,2640,1,24.0,41.666666666666664,16.990658,0.0,1.311909,317.905805,39.735003,0.0,358.952717,375.943375,True,True,10852.892578125,13743.408203125,9915.962890625,11235.580078125,11534,8811
offline,ANU-25-summer-14_20260816_140000.mp4,3,2641,1,24.0,41.666666666666664,15.716915,0.0,1.368131,308.920862,38.170023,0.0,348.459016,364.175931,True,True,10268.095703125,4343.3125,8730.8076171875,3958.52734375,9500,8051
offline,ANU-25-summer-14_20260816_140000.mp4,3,2642,1,24.0,41.666666666666664,16.971065,0.0,1.252225,316.687913,40.363273,0.0,358.303411,375.274476,True,True,9481.8623046875,9192.6357421875,7173.43017578125,8013.4228515625,11389,8048
offline,ANU-25-summer-14_20260816_140000.mp4,3,2643,1,24.0,41.666666666666664,15.521361,0.0,1.268244,308.599811,40.520975,0.0,350.38903,365.910391,True,True,9360.9658203125,6741.9013671875,7017.86767578125,4923.7158203125,12003,8776
offline,ANU-25-summer-14_20260816_140000.mp4,3,2644,1,24.0,41.666666666666664,17.15323,0.0,1.260781,317.244962,39.118622,0.0,357.624365,374.777595,True,True,8474.0205078125,5212.6640625,7760.97265625,4650.48974609375,8960,7472
offline,ANU-25-summer-14_20260816_140000.mp4,3,2645,1,24.0,41.666666666666664,15.549491,0.0,1.362483,309.927276,31.568291,0.0,342.85805,358.407541,True,True,17278.5859375,4762.0185546875,15162.2197265625,3272.86669921875,9832,7230
offline,ANU-25-summer-14_20260816_140000.mp4,3,2646,1,24.0,41.666666666666664,17.286987,0.0,1.348483,316.274252,38.577648,0.0,356.200383,373.48737,True,True,8926.0625,6775.4326171875,7233.4248046875,3706.07763671875,11738,7587
offline,ANU-25-summer-14_20260816_140000.mp4,3,2647,1,24.0,41.666666666666664,15.189236,0.0,1.398557,308.699884,36.479322,0.0,346.577763,361.766999,True,True,15937.5859375,14005.55078125,14697.16796875,11377.27734375,12687,9735
offline,ANU-25-summer-14_20260816_140000.mp4,3,2648,1,24.0,41.666666666666664,17.102934,0.0,1.26654,317.4812,42.236843,0.0,360.98458300000004,378.08751700000005,True,True,10197.3564453125,10125.8583984375,8845.2578125,7852.1162109375,13375,9970
offline,ANU-25-summer-14_20260816_140000.mp4,3,2649,1,24.0,41.666666666666664,15.649305,0.0,1.368427,309.798907,38.455353,0.0,349.622687,365.271992,True,True,10949.0322265625,17348.6796875,10652.390625,14611.2568359375,15666,13137
offline,ANU-25-summer-14_20260816_140000.mp4,3,2650,1,24.0,41.666666666666664,17.01288,0.0,1.276632,317.340832,41.395002,0.0,360.01246599999996,377.02534599999996,True,True,18616.169921875,11267.134765625,18278.41796875,8863.5576171875,13434,11178
offline,ANU-25-summer-14_20260816_140000.mp4,3,2651,1,24.0,41.666666666666664,14.928406,0.0,1.420723,318.673075,49.97169,0.0,370.065488,384.993894,True,True,25180.662109375,4346.896484375,22645.76171875,3431.059814453125,14013,11548
offline,ANU-25-summer-14_20260816_140000.mp4,3,2652,1,24.0,41.666666666666664,20.713019,0.0,1.563518,320.136556,39.255009,0.0,360.95508299999995,381.6681019999999,True,True,14236.3017578125,8896.4853515625,11880.2998046875,7625.94384765625,11932,8575
offline,ANU-25-summer-14_20260816_140000.mp4,3,2653,1,24.0,41.666666666666664,15.65286,0.0,1.333428,309.778686,38.331373,0.0,349.443487,365.096347,True,True,10448.5654296875,10822.751953125,8787.884765625,9149.2890625,12821,10051
offline,ANU-25-summer-14_20260816_140000.mp4,3,2654,1,24.0,41.666666666666664,17.258469,0.0,1.360076,318.228117,42.533839,0.0,362.122032,379.380501,True,True,13282.705078125,15427.9931640625,11470.529296875,13239.21484375,14677,11306
offline,ANU-25-summer-14_20260816_140000.mp4,3,2655,1,24.0,41.666666666666664,15.318809,0.0,1.356742,308.998658,36.452526,0.0,346.80792599999995,362.12673499999994,True,True,13500.9501953125,14205.818359375,9880.548828125,11982.46484375,12804,9304
offline,ANU-25-summer-14_20260816_140000.mp4,3,2656,1,24.0,41.666666666666664,16.854697,0.0,1.259096,317.660328,42.450155,0.0,361.369579,378.224276,True,True,4747.828125,22521.08203125,4149.5361328125,21359.189453125,11604,9936
offline,ANU-25-summer-14_20260816_140000.mp4,3,2657,1,24.0,41.666666666666664,15.127071,0.0,1.389686,309.5493,36.827207,0.0,347.766193,362.893264,True,True,12435.298828125,8578.3369140625,11579.890625,7484.4248046875,11299,9546
offline,ANU-25-summer-14_20260816_140000.mp4,3,2658,1,24.0,41.666666666666664,17.1881,0.0,1.305262,317.509181,42.530006,0.0,361.34444900000005,378.5325490000001,True,True,11239.501953125,17752.12109375,10681.869140625,16149.05078125,11829,10009
offline,ANU-25-summer-14_20260816_140000.mp4,3,2659,1,24.0,41.666666666666664,15.896949,0.0,1.41289,310.915375,38.868237,0.0,351.196502,367.093451,True,True,14818.3525390625,10151.1083984375,12823.677734375,8547.7939453125,13628,10481
offline,ANU-25-summer-14_20260816_140000.mp4,3,2660,1,24.0,41.666666666666664,17.52617,0.0,1.353668,317.392406,43.900025,0.0,362.64609900000005,380.17226900000003,True,True,9987.130859375,13815.615234375,9173.232421875,12493.54296875,12028,9870
offline,ANU-25-summer-14_20260816_140000.mp4,3,2661,1,24.0,41.666666666666664,14.958165,0.0,1.397371,310.011165,35.846349,0.0,347.254885,362.21305,True,True,12213.365234375,12779.453125,10815.4833984375,10879.8349609375,12609,9351
offline,ANU-25-summer-14_20260816_140000.mp4,3,2662,1,24.0,41.666666666666664,17.254951,0.0,1.38139,318.778925,43.608029,0.0,363.768344,381.023295,True,True,22829.017578125,10615.12890625,20450.5234375,9731.53125,14706,11957
offline,ANU-25-summer-14_20260816_140000.mp4,3,2663,1,24.0,41.666666666666664,15.706767,0.0,1.427575,309.074695,39.471655,0.0,349.973925,365.680692,True,True,21002.490234375,9288.4140625,18667.181640625,7471.85693359375,15763,12043
offline,ANU-25-summer-14_20260816_140000.mp4,3,2664,1,24.0,41.666666666666664,17.123934,0.0,1.25841,317.248926,44.517148,0.0,363.02448400000003,380.14841800000005,True,True,17649.53515625,10033.6875,16184.6943359375,8115.072265625,13755,11065
offline,ANU-25-summer-14_20260816_140000.mp4,3,2665,1,24.0,41.666666666666664,15.139681,0.0,1.380242,310.345845,42.987945,0.0,354.71403200000003,369.853713,True,True,24012.328125,12940.986328125,22923.5859375,11905.435546875,15622,13739
offline,ANU-25-summer-14_20260816_140000.mp4,3,2666,1,24.0,41.666666666666664,17.420042,0.0,1.281688,317.137076,44.534148,0.0,362.95291199999997,380.372954,True,True,11269.453125,13352.3740234375,10737.83984375,11950.33984375,12945,11146
offline,ANU-25-summer-14_20260816_140000.mp4,3,2667,1,24.0,41.666666666666664,15.573398,0.0,1.495222,313.961283,44.014877,0.0,359.471382,375.04478,True,True,15715.2470703125,23879.271484375,14155.05078125,21801.833984375,15981,12845
offline,ANU-25-summer-14_20260816_140000.mp4,3,2668,1,24.0,41.666666666666664,18.4454,0.0,1.285984,320.133242,43.566289,0.0,364.98551499999996,383.43091499999997,True,True,21073.951171875,6819.2958984375,19859.982421875,5680.455078125,13354,11253
offline,ANU-25-summer-14_20260816_140000.mp4,3,2669,1,24.0,41.666666666666664,15.726359,0.0,1.32852,310.444086,52.253237,0.0,364.02584300000007,379.75220200000007,True,True,15980.509765625,5901.9931640625,14352.9775390625,5462.5107421875,13904,11791
offline,ANU-25-summer-14_20260816_140000.mp4,3,2670,1,24.0,41.666666666666664,28.08539,0.0,1.429797,329.532088,43.895155,0.0,374.85704,402.94243,True,True,16426.80078125,9934.1162109375,14494.4482421875,9185.55859375,13649,11200
offline,ANU-25-summer-14_20260816_140000.mp4,3,2671,1,24.0,41.666666666666664,15.554621,0.0,1.389112,308.454704,38.296096,0.0,348.139912,363.694533,True,True,11120.361328125,8242.9267578125,10156.443359375,7080.51025390625,11947,9560
offline,ANU-25-summer-14_20260816_140000.mp4,3,2672,1,24.0,41.666666666666664,17.013732,0.0,1.312799,317.617996,38.18793,0.0,357.118725,374.132457,True,True,12900.8662109375,2090.779052734375,10687.017578125,1543.59375,9256,6851
offline,ANU-25-summer-14_20260816_140000.mp4,3,2673,1,24.0,41.666666666666664,15.638027,0.0,1.374186,310.626416,34.939156,0.0,346.939758,362.577785,True,True,9789.326171875,7030.15576171875,7796.6474609375,5527.6884765625,10446,7575
offline,ANU-25-summer-14_20260816_140000.mp4,3,2674,1,24.0,41.666666666666664,17.23634,0.0,1.392131,317.647126,41.767682,0.0,360.806939,378.043279,True,True,8597.6259765625,12946.5966796875,7880.3974609375,11446.568359375,12402,10153
offline,ANU-25-summer-14_20260816_140000.mp4,3,2675,1,24.0,41.666666666666664,15.838061,0.0,1.387408,312.80076,38.934384,0.0,353.12255200000004,368.960613,True,True,10214.484375,10158.728515625,8800.580078125,7114.85595703125,13750,9977
offline,ANU-25-summer-14_20260816_140000.mp4,3,2676,1,24.0,41.666666666666664,17.045454,0.0,1.313409,316.959524,39.343139,0.0,357.616072,374.661526,True,True,9616.423828125,12574.9404296875,8949.322265625,9390.5126953125,13198,9436
offline,ANU-25-summer-14_20260816_140000.mp4,3,2677,1,24.0,41.666666666666664,15.020887,0.0,1.385853,310.933877,35.066525,0.0,347.386255,362.407142,True,True,8019.37841796875,14612.583984375,7632.66015625,12395.4853515625,12553,10338
offline,ANU-25-summer-14_20260816_140000.mp4,3,2678,1,24.0,41.666666666666664,17.192471,0.0,1.374298,317.812105,38.771738,0.0,357.95814099999996,375.15061199999997,True,True,3618.192626953125,13672.7421875,2377.857421875,12473.46484375,11824,9106
offline,ANU-25-summer-14_20260816_140000.mp4,3,2679,1,24.0,41.666666666666664,15.512251,0.0,1.41826,309.494746,35.898218,0.0,346.811224,362.323475,True,True,4500.06201171875,9768.150390625,3228.2822265625,9112.701171875,10540,8495
offline,ANU-25-summer-14_20260816_140000.mp4,3,2680,1,24.0,41.666666666666664,17.557188,0.0,1.300372,317.914419,41.148209,0.0,360.363,377.920188,True,True,5173.85986328125,15958.060546875,2863.50537109375,14025.423828125,13925,10370
offline,ANU-25-summer-14_20260816_140000.mp4,3,2681,1,24.0,41.666666666666664,14.854889,0.0,1.358187,309.617801,39.218677,0.0,350.194665,365.049554,True,True,8042.1875,12265.02734375,6804.69091796875,10268.9384765625,13843,10955
offline,ANU-25-summer-14_20260816_140000.mp4,3,2682,1,24.0,41.666666666666664,17.367857,0.0,1.319854,316.894969,44.880088,0.0,363.094911,380.46276800000004,True,True,8323.9462890625,16425.44921875,7290.00390625,13028.7275390625,15365,11752
offline,ANU-25-summer-14_20260816_140000.mp4,3,2683,1,24.0,41.666666666666664,16.39811,0.0,1.721701,319.401123,38.293207,0.0,359.416031,375.81414099999995,True,True,16585.04296875,15305.853515625,11578.98828125,14251.3984375,14334,10748
offline,ANU-25-summer-14_20260816_140000.mp4,3,2684,1,24.0,41.666666666666664,17.250174,0.0,1.53924,323.037967,43.075295,0.0,367.65250199999997,384.902676,True,True,14313.6884765625,13499.720703125,13493.1220703125,13317.66015625,13233,12256
offline,ANU-25-summer-14_20260816_140000.mp4,3,2685,1,24.0,41.666666666666664,15.066089,0.0,1.645442,312.90739,36.889077,0.0,351.441909,366.507998,True,True,10327.85546875,12249.912109375,9594.109375,10928.7412109375,12154,10200
offline,ANU-25-summer-14_20260816_140000.mp4,3,2686,1,24.0,41.666666666666664,17.457726,0.0,1.625831,322.092664,40.604271,0.0,364.322766,381.780492,True,True,6629.13134765625,16325.732421875,6159.8115234375,14987.8515625,12386,10635
offline,ANU-25-summer-14_20260816_140000.mp4,3,2687,1,24.0,41.666666666666664,15.353734,0.0,1.599147,311.405964,34.867416,0.0,347.872527,363.22626099999997,True,True,7566.677734375,7235.279296875,6405.51171875,6184.21337890625,9276,7116
offline,ANU-25-summer-14_20260816_140000.mp4,3,2688,1,24.0,41.666666666666664,17.195637,0.0,1.497408,328.309327,49.580529,0.0,379.387264,396.582901,True,True,4829.5791015625,14680.876953125,3532.71728515625,13482.490234375,11131,9072
offline,ANU-25-summer-14_20260816_140000.mp4,3,2689,1,24.0,41.666666666666664,14.760094,0.0,1.537611,322.764045,35.972347,0.0,360.27400300000005,375.03409700000003,True,True,3186.46484375,12033.7822265625,2397.048828125,10573.771484375,9899,7822
offline,ANU-25-summer-14_20260816_140000.mp4,3,2690,1,24.0,41.666666666666664,17.73513,0.0,1.699404,320.105374,39.456248,0.0,361.261026,378.99615600000004,True,True,7637.0908203125,10935.1650390625,5574.8837890625,9120.244140625,12518,8858
offline,ANU-25-summer-14_20260816_140000.mp4,3,2691,1,24.0,41.666666666666664,15.490584,0.0,1.645405,311.096913,42.917797,0.0,355.66011499999996,371.150699,True,True,7916.55029296875,12781.509765625,7053.431640625,10827.7265625,13347,11136
offline,ANU-25-summer-14_20260816_140000.mp4,3,2692,1,24.0,41.666666666666664,17.237433,0.0,1.593314,320.045986,37.740159,0.0,359.37945900000005,376.61689200000006,True,True,10664.341796875,7388.42333984375,6485.208984375,5905.0400390625,10583,6535
offline,ANU-25-summer-14_20260816_140000.mp4,3,2693,1,24.0,41.666666666666664,14.34995,0.0,1.537536,314.000302,39.397971,0.0,354.93580899999995,369.2857589999999,True,True,13516.7041015625,19187.154296875,11048.10546875,17037.49609375,16140,12338
offline,ANU-25-summer-14_20260816_140000.mp4,3,2694,1,24.0,41.666666666666664,16.834512,0.0,1.658091,322.022757,39.049383,0.0,362.730231,379.564743,True,True,12855.8125,13624.9169921875,10958.66015625,13061.0,13304,11452
offline,ANU-25-summer-14_20260816_140000.mp4,3,2695,1,24.0,41.666666666666664,15.329605,0.0,1.708183,314.983272,43.350218,0.0,360.041673,375.371278,True,True,18236.96875,9947.927734375,15764.896484375,9473.5595703125,14967,12477
offline,ANU-25-summer-14_20260816_140000.mp4,3,2696,1,24.0,41.666666666666664,17.836296,0.0,1.987642,335.316722,42.133955,0.0,379.43831900000004,397.27461500000004,True,True,18584.546875,10498.2744140625,15007.20703125,9250.53515625,14644,11806
offline,ANU-25-summer-14_20260816_140000.mp4,3,2697,1,24.0,41.666666666666664,14.433746,0.0,1.35491,309.694615,39.204622,0.0,350.254147,364.687893,True,True,13041.923828125,7570.5712890625,12811.9345703125,6304.3984375,11202,9415
offline,ANU-25-summer-14_20260816_140000.mp4,3,2698,1,24.0,41.666666666666664,17.232915,0.0,1.240725,317.179614,38.522112,0.0,356.942451,374.175366,True,True,12000.265625,7876.568359375,11367.984375,6822.78515625,11376,9476
offline,ANU-25-summer-14_20260816_140000.mp4,3,2699,1,24.0,41.666666666666664,15.689508,0.0,1.362761,309.785207,34.202073,0.0,345.350041,361.03954899999997,True,True,11993.64453125,11134.95703125,9559.05859375,9591.44921875,12012,8747
offline,ANU-25-summer-14_20260816_140000.mp4,3,2700,1,24.0,41.666666666666664,16.555978,0.0,1.409612,316.891933,38.221357,0.0,356.522902,373.07887999999997,True,True,10084.4375,4123.197265625,9084.775390625,3378.538818359375,9496,7882
offline,ANU-25-summer-14_20260816_140000.mp4,3,2701,1,24.0,41.666666666666664,15.482807,0.0,1.265706,309.738282,33.975335,0.0,344.979323,360.46213,True,True,12543.8837890625,5954.2451171875,11942.560546875,4704.02978515625,9963,8331
offline,ANU-25-summer-14_20260816_140000.mp4,3,2702,1,24.0,41.666666666666664,17.31458,0.0,1.291891,318.625411,38.520111,0.0,358.437413,375.75199299999997,True,True,14543.158203125,9086.76953125,12553.939453125,7919.80224609375,11632,9212
offline,ANU-25-summer-14_20260816_140000.mp4,3,2703,1,24.0,41.666666666666664,15.345994,0.0,1.324817,308.960125,35.270263,0.0,345.555205,360.901199,True,True,7492.1005859375,9857.4228515625,6955.68603515625,9302.4287109375,9806,8585
offline,ANU-25-summer-14_20260816_140000.mp4,3,2704,1,24.0,41.666666666666664,17.277581,0.0,1.270002,317.089931,37.704585,0.0,356.06451799999996,373.34209899999996,True,True,7227.8564453125,6904.49755859375,5984.5888671875,4938.7900390625,10495,7600
offline,ANU-25-summer-14_20260816_140000.mp4,3,2705,1,24.0,41.666666666666664,14.559892,0.0,1.393057,311.653443,39.068049,0.0,352.114549,366.674441,True,True,3865.130126953125,10742.54296875,2795.205078125,9473.25,10362,7997
offline,ANU-25-summer-14_20260816_140000.mp4,3,2706,1,24.0,41.666666666666664,18.291271,0.0,1.352946,320.678127,40.73827,0.0,362.769343,381.060614,True,True,1897.330810546875,11659.087890625,892.23681640625,10328.59765625,10045,7614
offline,ANU-25-summer-14_20260816_140000.mp4,3,2707,1,24.0,41.666666666666664,15.705582,0.0,1.289317,321.064937,38.45539,0.0,360.809644,376.515226,True,True,8014.38330078125,5111.9775390625,6297.3369140625,4606.59033203125,9425,7324
offline,ANU-25-summer-14_20260816_140000.mp4,3,2708,1,24.0,41.666666666666664,17.070083,0.0,1.32065,316.82799,42.769188,0.0,360.917828,377.987911,True,True,6477.2744140625,18206.41015625,2948.234619140625,15535.62890625,13618,9372
offline,ANU-25-summer-14_20260816_140000.mp4,3,2709,1,24.0,41.666666666666664,15.394271,0.0,1.382001,309.515544,35.864016,0.0,346.761561,362.155832,True,True,8276.638671875,11124.79296875,6800.50732421875,10150.396484375,11508,8850
offline,ANU-25-summer-14_20260816_140000.mp4,3,2710,1,24.0,41.666666666666664,17.333247,0.0,1.309836,318.119011,40.177072,0.0,359.60591900000003,376.939166,True,True,6464.85302734375,13598.15625,4906.95751953125,12629.0830078125,11650,9305
offline,ANU-25-summer-14_20260816_140000.mp4,3,2711,1,24.0,41.666666666666664,15.929505,0.0,1.298743,309.547026,38.894792,0.0,349.740561,365.670066,True,True,10514.23828125,7102.0244140625,9092.6689453125,5816.34423828125,11832,9641
offline,ANU-25-summer-14_20260816_140000.mp4,3,2712,1,24.0,41.666666666666664,17.455449,0.0,1.277484,318.799262,41.943106,0.0,362.019852,379.475301,True,True,15261.427734375,9356.3984375,13637.474609375,6167.35498046875,13887,9607
offline,ANU-25-summer-14_20260816_140000.mp4,3,2713,1,24.0,41.666666666666664,15.302216,0.0,1.396112,310.062686,37.475884,0.0,348.934682,364.236898,True,True,9421.1220703125,9415.62109375,7000.4189453125,7651.85498046875,12660,8407
offline,ANU-25-summer-14_20260816_140000.mp4,3,2714,1,24.0,41.666666666666664,17.423172,0.0,1.247651,318.410285,45.487784,0.0,365.14572,382.568892,True,True,9630.21875,13225.2568359375,8849.2099609375,11882.25390625,13537,11230
offline,ANU-25-summer-14_20260816_140000.mp4,3,2715,1,24.0,41.666666666666664,15.720582,0.0,1.36789,309.050662,40.765176,0.0,351.183728,366.90430999999995,True,True,11213.0263671875,10171.572265625,8965.4541015625,9290.8291015625,14330,11653
offline,ANU-25-summer-14_20260816_140000.mp4,3,2716,1,24.0,41.666666666666664,17.345543,0.0,1.328317,320.004784,43.570493,0.0,364.903594,382.249137,True,True,11847.33984375,12949.76171875,8551.833984375,9795.498046875,16778,11196
offline,ANU-25-summer-14_20260816_140000.mp4,3,2717,1,24.0,41.666666666666664,14.91161,0.0,1.377835,310.173074,39.786856,0.0,351.337765,366.249375,True,True,4422.8671875,15859.490234375,3954.211669921875,13715.6005859375,12773,10423
offline,ANU-25-summer-14_20260816_140000.mp4,3,2718,1,24.0,41.666666666666664,17.423412,0.0,1.235503,319.311756,41.242522,0.0,361.789781,379.213193,True,True,11024.1943359375,9456.544921875,10355.00390625,7967.001953125,12905,10883
offline,ANU-25-summer-14_20260816_140000.mp4,3,2719,1,24.0,41.666666666666664,15.518436,0.0,1.31928,310.199796,42.411286,0.0,353.930362,369.448798,True,True,12115.6416015625,10906.216796875,10984.5966796875,8901.7236328125,14703,11938
offline,ANU-25-summer-14_20260816_140000.mp4,3,2720,1,24.0,41.666666666666664,17.585799,0.0,1.289465,317.804849,40.6599,0.0,359.754214,377.340013,True,True,6995.4814453125,11010.404296875,5956.60791015625,10432.8017578125,11987,10025
offline,ANU-25-summer-14_20260816_140000.mp4,3,2721,1,24.0,41.666666666666664,14.793482,0.0,1.357038,309.317029,37.491106,0.0,348.165173,362.95865499999996,True,True,3837.5615234375,17069.66796875,3405.13037109375,15893.4892578125,12867,11291
offline,ANU-25-summer-14_20260816_140000.mp4,3,2722,1,24.0,41.666666666666664,17.369191,0.0,1.243244,317.705332,36.814985,0.0,355.763561,373.132752,True,True,5908.58740234375,7547.18310546875,4777.6416015625,6200.5849609375,8225,5896
offline,ANU-25-summer-14_20260816_140000.mp4,3,2723,1,24.0,41.666666666666664,15.144774,0.0,1.336761,310.745789,36.738023,0.0,348.820573,363.965347,True,True,12269.67578125,10066.1025390625,8439.1181640625,8338.5771484375,14578,9810
offline,ANU-25-summer-14_20260816_140000.mp4,3,2724,1,24.0,41.666666666666664,17.059028,0.0,1.298206,319.159647,41.415909,0.0,361.873762,378.93279,True,True,16972.05078125,8749.9833984375,14283.392578125,6299.375,14471,10850
offline,ANU-25-summer-14_20260816_140000.mp4,3,2725,1,24.0,41.666666666666664,14.776297,0.0,1.365928,316.724344,44.484444,0.0,362.57471599999997,377.35101299999997,True,True,8216.388671875,12160.314453125,7772.21435546875,10519.5751953125,13238,11331
offline,ANU-25-summer-14_20260816_140000.mp4,3,2726,1,24.0,41.666666666666664,18.593453,0.0,1.401668,325.46905,45.477599,0.0,372.34831699999995,390.94176999999996,True,True,8399.15625,15231.3759765625,7075.216796875,10610.015625,15342,10291
offline,ANU-25-summer-14_20260816_140000.mp4,3,2727,1,24.0,41.666666666666664,15.256865,0.0,1.55,309.725432,39.948816,0.0,351.22424800000005,366.48111300000005,True,True,23205.40625,11764.13671875,21561.35546875,9135.259765625,16031,12638
offline,ANU-25-summer-14_20260816_140000.mp4,3,2728,1,24.0,41.666666666666664,17.342654,0.0,1.504889,319.686271,44.096284,0.0,365.28744399999994,382.6300979999999,True,True,13925.0302734375,16085.630859375,12715.34375,13579.9140625,15864,12628
offline,ANU-25-summer-14_20260816_140000.mp4,3,2729,1,24.0,41.666666666666664,14.876129,0.0,1.568888,310.63431,44.243429,0.0,356.44662700000003,371.322756,True,True,16460.900390625,12725.587890625,14673.37890625,11226.4111328125,17534,15054
offline,ANU-25-summer-14_20260816_140000.mp4,3,2730,1,24.0,41.666666666666664,17.390616,0.0,1.544555,318.123957,43.754083,0.0,363.422595,380.813211,True,True,15610.6796875,13101.240234375,14293.923828125,12339.06640625,16208,14132
offline,ANU-25-summer-14_20260816_140000.mp4,3,2731,1,24.0,41.666666666666664,15.126756,0.0,1.581406,309.950152,40.823768,0.0,352.355326,367.482082,True,True,18240.01953125,12315.169921875,17496.171875,11547.8525390625,17432,15920
offline,ANU-25-summer-14_20260816_140000.mp4,3,2732,1,24.0,41.666666666666664,17.095046,0.0,1.553351,318.599247,38.691017,0.0,358.843615,375.938661,True,True,16868.32421875,4897.037109375,16008.7060546875,3958.4892578125,12082,10217
offline,ANU-25-summer-14_20260816_140000.mp4,3,2733,1,24.0,41.666666666666664,14.757149,0.0,1.552629,308.939016,37.409255,0.0,347.9009,362.658049,True,True,19947.716796875,2685.326904296875,16620.99609375,2111.5263671875,12990,9941
offline,ANU-25-summer-14_20260816_140000.mp4,3,2734,1,24.0,41.666666666666664,16.741476,0.0,1.506982,318.452175,37.670549,0.0,357.629706,374.371182,True,True,6150.0029296875,4626.10107421875,3967.55126953125,3683.857177734375,9825,6570
offline,ANU-25-summer-14_20260816_140000.mp4,3,2735,1,24.0,41.666666666666664,14.852759,0.0,1.576017,308.967738,38.312799,0.0,348.85655399999996,363.70931299999995,True,True,11061.734375,6049.4384765625,8371.2138671875,5305.029296875,11716,8958
offline,ANU-25-summer-14_20260816_140000.mp4,3,2736,1,24.0,41.666666666666664,17.25571,0.0,1.530481,317.959182,37.705363,0.0,357.195026,374.450736,True,True,7359.0029296875,11286.419921875,6287.02734375,9770.255859375,10594,8136
offline,ANU-25-summer-14_20260816_140000.mp4,3,2737,1,24.0,41.666666666666664,15.405104,0.0,1.622517,308.126081,35.588741,0.0,345.33733900000004,360.74244300000004,True,True,11359.2109375,9958.271484375,8774.7607421875,8565.44921875,12458,9004
offline,ANU-25-summer-14_20260816_140000.mp4,3,2738,1,24.0,41.666666666666664,17.10088,0.0,1.306798,317.554446,42.891631,0.0,361.752875,378.85375500000004,True,True,9445.1875,9619.095703125,7757.30322265625,8217.703125,11795,9114
offline,ANU-25-summer-14_20260816_140000.mp4,3,2739,1,24.0,41.666666666666664,15.189515,0.0,1.563517,309.868209,38.130913,0.0,349.562639,364.752154,True,True,7428.0703125,7281.240234375,6589.583984375,5867.9404296875,11001,8847
offline,ANU-25-summer-14_20260816_140000.mp4,3,2740,1,24.0,41.666666666666664,16.585682,0.0,1.503852,319.692623,40.054667,0.0,361.251142,377.83682400000004,True,True,11739.7646484375,10167.828125,10578.6181640625,7922.74853515625,13497,10391
offline,ANU-25-summer-14_20260816_140000.mp4,3,2741,1,24.0,41.666666666666664,15.084349,0.0,1.843125,308.848407,39.535248,0.0,350.22678,365.311129,True,True,7358.23583984375,13797.6748046875,5202.62890625,12439.73828125,13187,9692
offline,ANU-25-summer-14_20260816_140000.mp4,3,2742,1,24.0,41.666666666666664,17.38095,0.0,1.676646,319.141167,44.199874,0.0,365.017687,382.398637,True,True,4892.9892578125,12342.5791015625,3841.878173828125,10899.1923828125,11815,9224
offline,ANU-25-summer-14_20260816_140000.mp4,3,2743,1,24.0,41.666666666666664,15.104126,0.0,1.332391,308.835851,36.969298,0.0,347.13753999999994,362.24166599999995,True,True,8164.689453125,12204.478515625,6204.296875,10518.29296875,12763,8899
offline,ANU-25-summer-14_20260816_140000.mp4,3,2744,1,24.0,41.666666666666664,18.001442,0.0,1.30541,324.773319,47.750942,0.0,373.829671,391.831113,True,True,7940.4833984375,7943.736328125,6410.9072265625,7157.30810546875,11582,9324
offline,ANU-25-summer-14_20260816_140000.mp4,3,2745,1,24.0,41.666666666666664,15.326919,0.0,1.575314,313.30024,35.232523,0.0,350.108077,365.43499599999996,True,True,9828.728515625,5006.0908203125,6755.80859375,4558.62548828125,10567,7484
offline,ANU-25-summer-14_20260816_140000.mp4,3,2746,1,24.0,41.666666666666664,16.622904,0.0,1.580295,317.135211,40.816195,0.0,359.531701,376.154605,True,True,6420.7734375,9764.4267578125,4983.86962890625,8700.0107421875,10711,8306
offline,ANU-25-summer-14_20260816_140000.mp4,3,2747,1,24.0,41.666666666666664,16.228927,0.0,1.591314,306.690731,38.719628,0.0,347.00167300000004,363.23060000000004,True,True,7974.3525390625,9409.501953125,6165.337890625,7615.025390625,12647,8965
offline,ANU-25-summer-14_20260816_140000.mp4,3,2748,1,24.0,41.666666666666664,21.017238,0.0,1.57811,317.575761,44.376539,0.0,363.53040999999996,384.547648,True,True,17646.38671875,7759.14453125,12406.2724609375,6585.03759765625,16020,11032
offline,ANU-25-summer-14_20260816_140000.mp4,3,2749,1,24.0,41.666666666666664,15.965356,0.0,1.583944,308.292673,41.444223,0.0,351.32084,367.28619599999996,True,True,12929.517578125,8801.1484375,10071.6982421875,6911.8232421875,14819,10599
offline,ANU-25-summer-14_20260816_140000.mp4,3,2750,1,24.0,41.666666666666664,17.007417,0.0,1.607702,317.362153,48.337861,0.0,367.30771599999997,384.31513299999995,True,True,11459.5078125,11079.884765625,8024.33984375,9842.576171875,15920,11986
offline,ANU-25-summer-14_20260816_140000.mp4,3,2751,1,24.0,41.666666666666664,14.488634,0.0,1.795774,309.823025,39.924335,0.0,351.54313399999995,366.03176799999994,True,True,13464.3115234375,11348.20703125,12210.072265625,8958.865234375,15263,11592
offline,ANU-25-summer-14_20260816_140000.mp4,3,2752,1,24.0,41.666666666666664,16.994177,0.0,1.620387,317.154507,46.193923,0.0,364.968817,381.962994,True,True,16503.525390625,14543.9326171875,14603.4560546875,12595.1025390625,16777,13042
offline,ANU-25-summer-14_20260816_140000.mp4,3,2753,1,24.0,41.666666666666664,15.830673,0.0,1.576517,309.4619,41.348559,0.0,352.38697600000006,368.21764900000005,True,True,18799.80859375,7789.3154296875,16583.3125,6008.91796875,16155,12721
offline,ANU-25-summer-14_20260816_140000.mp4,3,2754,1,24.0,41.666666666666664,16.346537,0.0,1.500629,319.260963,46.559197,0.0,367.320789,383.667326,True,True,18216.107421875,13759.4453125,15709.20703125,10496.08203125,16976,13101
offline,ANU-25-summer-14_20260816_140000.mp4,3,2755,1,24.0,41.666666666666664,15.02748,0.0,1.704904,310.169391,42.233714,0.0,354.10800900000004,369.13548900000006,True,True,16263.1865234375,10781.7861328125,14259.9765625,9795.666015625,17176,14225
offline,ANU-25-summer-14_20260816_140000.mp4,3,2756,1,24.0,41.666666666666664,17.003065,0.0,1.616609,318.438992,41.518872,0.0,361.57447299999995,378.57753799999995,True,True,14944.869140625,7390.00830078125,13494.68359375,5334.6484375,13075,9732
offline,ANU-25-summer-14_20260816_140000.mp4,3,2757,1,24.0,41.666666666666664,15.315087,0.0,1.648146,310.565219,43.403681,0.0,355.617046,370.932133,True,True,28849.0625,7542.7333984375,26263.203125,5437.03125,17492,13900
offline,ANU-25-summer-14_20260816_140000.mp4,3,2758,1,24.0,41.666666666666664,16.818475,0.0,1.579647,317.656168,47.384706,0.0,366.620521,383.438996,True,True,18978.966796875,15021.060546875,13915.03515625,12466.5576171875,18795,14020
offline,ANU-25-summer-14_20260816_140000.mp4,3,2759,1,24.0,41.666666666666664,15.529177,0.0,1.545907,309.748433,42.275806,0.0,353.57014599999997,369.09932299999997,True,True,15243.193359375,22131.703125,14047.27734375,19989.869140625,15549,13671
offline,ANU-25-summer-14_20260816_140000.mp4,3,2760,1,24.0,41.666666666666664,17.455079,0.0,1.584351,316.938103,48.633134,0.0,367.155588,384.61066700000003,True,True,17051.146484375,19598.34765625,15725.23046875,16881.224609375,19799,16358
offline,ANU-25-summer-14_20260816_140000.mp4,3,2761,1,24.0,41.666666666666664,15.358753,0.0,1.669072,308.772983,38.81809,0.0,349.26014499999997,364.61889799999994,True,True,21376.9375,9619.3740234375,20547.2578125,7513.29296875,16177,13504
offline,ANU-25-summer-14_20260816_140000.mp4,3,2762,1,24.0,41.666666666666664,16.78755,0.0,1.500999,316.560978,54.279934,0.0,372.341911,389.129461,True,True,15572.9736328125,10214.9580078125,14474.4609375,7743.005859375,15117,11600
offline,ANU-25-summer-14_20260816_140000.mp4,3,2763,1,24.0,41.666666666666664,21.842005,0.0,2.136547,317.092971,40.657808,0.0,359.887326,381.729331,True,True,15301.0732421875,7598.3349609375,13965.482421875,6077.06591796875,13146,10462
offline,ANU-25-summer-14_20260816_140000.mp4,3,2764,1,24.0,41.666666666666664,17.041917,0.0,1.584332,316.850216,43.142518,0.0,361.577066,378.618983,True,True,10863.3212890625,7663.734375,9001.9375,5969.326171875,13028,9598
offline,ANU-25-summer-14_20260816_140000.mp4,3,2765,1,24.0,41.666666666666664,15.47564,0.0,1.650517,307.927401,39.412083,0.0,348.99000099999995,364.46564099999995,True,True,9497.080078125,7339.83740234375,7917.6171875,5490.67578125,12638,9512
offline,ANU-25-summer-14_20260816_140000.mp4,3,2766,1,24.0,41.666666666666664,16.768272,0.0,1.543462,316.32713,46.776435,0.0,364.647027,381.415299,True,True,11518.06640625,6838.9423828125,10152.07421875,5211.64111328125,14069,10621
offline,ANU-25-summer-14_20260816_140000.mp4,3,2767,1,24.0,41.666666666666664,14.792205,0.0,1.706238,307.683922,39.665154,0.0,349.05531399999995,363.847519,True,True,13756.939453125,11039.1630859375,11678.5078125,9193.4345703125,14238,10874
offline,ANU-25-summer-14_20260816_140000.mp4,3,2768,1,24.0,41.666666666666664,17.013047,0.0,1.551684,316.218001,41.274504,0.0,359.044189,376.057236,True,True,6618.7099609375,8445.615234375,4842.97265625,6091.61767578125,11112,7869
offline,ANU-25-summer-14_20260816_140000.mp4,3,2769,1,24.0,41.666666666666664,15.352512,0.0,1.575925,310.909901,42.4151,0.0,354.90092599999997,370.25343799999996,True,True,13585.841796875,9756.091796875,12390.9541015625,6370.58984375,14581,10267
offline,ANU-25-summer-14_20260816_140000.mp4,3,2770,1,24.0,41.666666666666664,16.683663,0.0,1.561054,317.616059,43.195461,0.0,362.37257400000004,379.05623700000007,True,True,19719.9609375,8234.134765625,18361.87890625,6500.98876953125,14642,11539
offline,ANU-25-summer-14_20260816_140000.mp4,3,2771,1,24.0,41.666666666666664,15.309142,0.0,1.653498,308.296286,43.046371,0.0,352.99615500000004,368.30529700000005,True,True,13540.3046875,4968.875,10043.185546875,3577.61669921875,15375,11339
offline,ANU-25-summer-14_20260816_140000.mp4,3,2772,1,24.0,41.666666666666664,17.228952,0.0,1.551851,331.526126,45.298194,0.0,378.376171,395.605123,True,True,10186.080078125,9053.0546875,8190.61572265625,8243.2822265625,12228,9422
offline,ANU-25-summer-14_20260816_140000.mp4,3,2773,1,24.0,41.666666666666664,15.344382,0.0,1.597851,308.532246,38.964273,0.0,349.09436999999997,364.43875199999997,True,True,12741.0927734375,9481.078125,9750.3115234375,8118.439453125,13488,10328
offline,ANU-25-summer-14_20260816_140000.mp4,3,2774,1,24.0,41.666666666666664,16.638551,0.0,1.594147,317.19736,42.766467,0.0,361.557974,378.196525,True,True,12743.62109375,12972.46875,11405.8984375,11254.37890625,14859,11868
offline,ANU-25-summer-14_20260816_140000.mp4,3,2775,1,24.0,41.666666666666664,15.203755,0.0,1.620813,309.216256,40.427644,0.0,351.264713,366.468468,True,True,9602.087890625,19520.0078125,7207.740234375,18201.255859375,14876,11290
offline,ANU-25-summer-14_20260816_140000.mp4,3,2776,1,24.0,41.666666666666664,17.190434,0.0,1.562684,316.813494,41.34004,0.0,359.71621799999997,376.90665199999995,True,True,11543.685546875,7787.38916015625,9922.455078125,6437.73583984375,12749,9701
offline,ANU-25-summer-14_20260816_140000.mp4,3,2777,1,24.0,41.666666666666664,15.494863,0.0,1.593109,308.816187,39.475823,0.0,349.88511900000003,365.37998200000004,True,True,8149.31201171875,8877.736328125,7161.5263671875,8294.83203125,12771,10937
offline,ANU-25-summer-14_20260816_140000.mp4,3,2778,1,24.0,41.666666666666664,16.384129,0.0,1.59948,316.576442,43.930563,0.0,362.106485,378.49061400000005,True,True,14285.427734375,10043.9755859375,12683.849609375,8635.162109375,14832,11926
offline,ANU-25-summer-14_20260816_140000.mp4,3,2779,1,24.0,41.666666666666664,15.214532,0.0,1.653813,308.864538,39.501397,0.0,350.019748,365.23428,True,True,12719.9521484375,11727.0693359375,10112.25390625,10107.2333984375,14565,10720
offline,ANU-25-summer-14_20260816_140000.mp4,3,2780,1,24.0,41.666666666666664,17.367784,0.0,1.600332,317.439746,43.387607,0.0,362.427685,379.795469,True,True,19853.12890625,13160.1279296875,17504.251953125,9416.458984375,17794,13416
offline,ANU-25-summer-14_20260816_140000.mp4,3,2781,1,24.0,41.666666666666664,15.420123,0.0,1.634294,319.921438,45.495563,0.0,367.05129500000004,382.471418,True,True,16103.578125,11552.8623046875,15061.9033203125,8961.3671875,14062,10842
offline,ANU-25-summer-14_20260816_140000.mp4,3,2782,1,24.0,41.666666666666664,16.761865,0.0,1.554666,328.322741,51.979092,0.0,381.856499,398.618364,True,True,12567.919921875,8317.751953125,11325.8486328125,6413.35791015625,12269,9231
offline,ANU-25-summer-14_20260816_140000.mp4,3,2783,1,24.0,41.666666666666664,15.885857,0.0,2.168769,311.195713,43.507994,0.0,356.872476,372.758333,True,True,7820.830078125,10658.69140625,6036.8544921875,9297.103515625,12609,9582
offline,ANU-25-summer-14_20260816_140000.mp4,3,2784,1,24.0,41.666666666666664,16.847493,0.0,1.32791,319.983808,47.349965,0.0,368.661683,385.50917599999997,True,True,9551.7958984375,9819.1455078125,8311.0087890625,8211.31640625,12043,8956
offline,ANU-25-summer-14_20260816_140000.mp4,3,2785,1,24.0,41.666666666666664,15.455641,0.0,1.33765,313.521407,40.637364,0.0,355.496421,370.952062,True,True,19168.029296875,10079.203125,17626.70703125,8287.5048828125,15815,12316
offline,ANU-25-summer-14_20260816_140000.mp4,3,2786,1,24.0,41.666666666666664,16.478424,0.0,1.279595,316.983363,43.718437,0.0,361.98139499999996,378.459819,True,True,14467.263671875,6484.5322265625,12598.2099609375,3474.23779296875,12307,8352
offline,ANU-25-summer-14_20260816_140000.mp4,3,2787,1,24.0,41.666666666666664,15.079868,0.0,1.479352,314.579264,38.657685,0.0,354.71630100000004,369.796169,True,True,7810.1123046875,6671.5869140625,6931.818359375,4885.42138671875,9270,7193
offline,ANU-25-summer-14_20260816_140000.mp4,3,2788,1,24.0,41.666666666666664,16.770884,0.0,1.376946,327.415882,43.373015,0.0,372.165843,388.936727,True,True,9981.9296875,7182.4296875,7679.63134765625,6660.5126953125,11287,8790
offline,ANU-25-summer-14_20260816_140000.mp4,3,2789,1,24.0,41.666666666666664,15.401363,0.0,1.336465,309.524957,40.676789,0.0,351.53821099999993,366.93957399999994,True,True,11373.623046875,6280.240234375,9032.7822265625,4863.7568359375,12535,8895
offline,ANU-25-summer-14_20260816_140000.mp4,3,2790,1,24.0,41.666666666666664,16.32113,0.0,1.34478,317.14827,41.197598,0.0,359.690648,376.011778,True,True,10262.248046875,11427.7890625,8127.90234375,6888.1083984375,13661,8161
offline,ANU-25-summer-14_20260816_140000.mp4,3,2791,1,24.0,41.666666666666664,15.634397,0.0,1.398612,309.289571,39.962835,0.0,350.651018,366.285415,True,True,13733.8564453125,16127.474609375,11589.8046875,13884.19921875,14619,11249
offline,ANU-25-summer-14_20260816_140000.mp4,3,2792,1,24.0,41.666666666666664,17.108213,0.0,1.307835,315.835304,44.635703,0.0,361.778842,378.887055,True,True,14567.896484375,13161.2490234375,12401.3291015625,11165.0703125,16167,12574
offline,ANU-25-summer-14_20260816_140000.mp4,3,2793,1,24.0,41.666666666666664,15.816581,0.0,1.340539,308.336028,35.393041,0.0,345.06960799999996,360.88618899999994,True,True,10098.7451171875,8318.1953125,8833.978515625,6121.65087890625,11894,8707
offline,ANU-25-summer-14_20260816_140000.mp4,3,2794,1,24.0,41.666666666666664,16.519831,0.0,1.308113,316.673942,42.999668,0.0,360.981723,377.501554,True,True,4197.490234375,16231.560546875,4083.885009765625,14065.1533203125,11875,9854
offline,ANU-25-summer-14_20260816_140000.mp4,3,2795,1,24.0,41.666666666666664,15.351327,0.0,1.437371,307.336096,37.697715,0.0,346.471182,361.822509,True,True,5473.00390625,14194.52734375,4415.88525390625,10295.265625,12987,9276
offline,ANU-25-summer-14_20260816_140000.mp4,3,2796,1,24.0,41.666666666666664,17.123453,0.0,1.299428,316.363464,46.202313,0.0,363.865205,380.988658,True,True,11947.03515625,15738.8115234375,10484.78125,14625.369140625,14232,11776
offline,ANU-25-summer-14_20260816_140000.mp4,3,2797,1,24.0,41.666666666666664,15.293513,0.0,1.378779,312.146091,39.020996,0.0,352.54586600000005,367.83937900000006,True,True,6466.8818359375,10547.2275390625,4067.84912109375,9933.84765625,11507,8759
offline,ANU-25-summer-14_20260816_140000.mp4,3,2798,1,24.0,41.666666666666664,16.522016,0.0,1.336095,323.158565,41.548445,0.0,366.043105,382.56512100000003,True,True,11083.064453125,12029.97265625,9168.544921875,11319.673828125,12380,10279
offline,ANU-25-summer-14_20260816_140000.mp4,3,2799,1,24.0,41.666666666666664,15.581695,0.0,1.430408,308.069476,40.478773,0.0,349.978657,365.560352,True,True,7224.5390625,14257.2158203125,5546.3642578125,11965.255859375,12153,8910
offline,ANU-25-summer-14_20260816_140000.mp4,3,2800,1,24.0,41.666666666666664,17.056751,0.0,1.314799,329.871037,43.018427,0.0,374.20426299999997,391.261014,True,True,12241.6640625,5729.84521484375,10646.744140625,5264.90625,11715,9475
offline,ANU-25-summer-14_20260816_140000.mp4,3,2801,1,24.0,41.666666666666664,15.716156,0.0,1.306799,308.665745,39.665006,0.0,349.63755000000003,365.35370600000005,True,True,7621.626953125,9881.0234375,6663.037109375,8884.2587890625,10327,8717
offline,ANU-25-summer-14_20260816_140000.mp4,3,2802,1,24.0,41.666666666666664,16.543942,0.0,1.304187,315.753194,40.82788,0.0,357.885261,374.42920300000003,True,True,6284.18896484375,7632.3349609375,5478.53369140625,4357.94384765625,9881,7540
offline,ANU-25-summer-14_20260816_140000.mp4,3,2803,1,24.0,41.666666666666664,15.613361,0.0,1.383538,309.41433,37.414423,0.0,348.212291,363.825652,True,True,14922.58203125,5813.6201171875,11149.267578125,4169.0927734375,12122,8067
offline,ANU-25-summer-14_20260816_140000.mp4,3,2804,1,24.0,41.666666666666664,17.168286,0.0,1.316187,315.652771,40.684622,0.0,357.65358,374.821866,True,True,11940.986328125,3988.43212890625,10072.5595703125,3407.6943359375,10739,7979
offline,ANU-25-summer-14_20260816_140000.mp4,3,2805,1,24.0,41.666666666666664,15.733045,0.0,1.34102,307.852516,36.2224,0.0,345.415936,361.148981,True,True,10193.6142578125,4837.5986328125,8571.2607421875,4682.8583984375,10569,9051
offline,ANU-25-summer-14_20260816_140000.mp4,3,2806,1,24.0,41.666666666666664,17.214675,0.0,1.297317,316.348318,42.804152,0.0,360.449787,377.664462,True,True,10493.892578125,4370.80322265625,8839.15234375,3462.207763671875,11526,8804
offline,ANU-25-summer-14_20260816_140000.mp4,3,2807,1,24.0,41.666666666666664,15.649786,0.0,1.347335,308.32912,37.536162,0.0,347.21261699999997,362.862403,True,True,14036.41015625,3288.94921875,12630.013671875,1747.3914794921875,12781,9370
offline,ANU-25-summer-14_20260816_140000.mp4,3,2808,1,24.0,41.666666666666664,16.904252,0.0,1.302502,316.99031,36.449305,0.0,354.742117,371.646369,True,True,12098.783203125,5621.5888671875,10134.806640625,3542.442138671875,11636,8044
offline,ANU-25-summer-14_20260816_140000.mp4,3,2809,1,24.0,41.666666666666664,15.65362,0.0,1.374575,307.766554,37.739456,0.0,346.880585,362.534205,True,True,8126.44580078125,4311.7265625,6269.05419921875,3951.359130859375,10164,7749
offline,ANU-25-summer-14_20260816_140000.mp4,3,2810,1,24.0,41.666666666666664,16.700848,0.0,1.306873,316.336373,42.779263,0.0,360.422509,377.123357,True,True,11236.9052734375,9099.927734375,8276.826171875,8078.013671875,12125,8704
offline,ANU-25-summer-14_20260816_140000.mp4,3,2811,1,24.0,41.666666666666664,15.639694,0.0,1.371038,309.088204,40.479644,0.0,350.938886,366.57858000000004,True,True,11605.5986328125,4799.1005859375,10501.3662109375,3871.92529296875,11255,8959
offline,ANU-25-summer-14_20260816_140000.mp4,3,2812,1,24.0,41.666666666666664,18.177181,0.0,1.370964,317.379601,43.601142,0.0,362.351707,380.528888,True,True,15417.5078125,7669.1103515625,14199.5615234375,6606.97119140625,13615,11527
offline,ANU-25-summer-14_20260816_140000.mp4,3,2813,1,24.0,41.666666666666664,15.789785,0.0,1.370853,309.553957,35.251857,0.0,346.17666700000007,361.96645200000006,True,True,8570.1796875,9107.845703125,7870.51220703125,6054.966796875,10303,7108
offline,ANU-25-summer-14_20260816_140000.mp4,3,2814,1,24.0,41.666666666666664,16.047282,0.0,1.255429,318.06737,45.019179,0.0,364.341978,380.38926,True,True,7644.0830078125,10392.369140625,7066.8515625,7639.837890625,11556,9056
offline,ANU-25-summer-14_20260816_140000.mp4,3,2815,1,24.0,41.666666666666664,14.856371,0.0,1.419593,309.570402,34.864584,0.0,345.854579,360.71095,True,True,8592.033203125,16454.26171875,7739.07958984375,15148.7861328125,12258,10210
offline,ANU-25-summer-14_20260816_140000.mp4,3,2816,1,24.0,41.666666666666664,17.138009,0.0,1.276447,318.552827,42.155031,0.0,361.984305,379.122314,True,True,8812.6640625,19953.0625,6609.48193359375,18414.01171875,15086,11852
offline,ANU-25-summer-14_20260816_140000.mp4,3,2817,1,24.0,41.666666666666664,15.290402,0.0,1.365983,309.94399,38.682314,0.0,349.99228700000003,365.282689,True,True,6353.341796875,15446.97265625,4527.2685546875,13779.9541015625,14437,11521
offline,ANU-25-summer-14_20260816_140000.mp4,3,2818,1,24.0,41.666666666666664,16.447276,0.0,1.272595,322.519112,48.726189,0.0,372.517896,388.965172,True,True,8806.7978515625,11168.982421875,6730.90283203125,9687.83984375,11733,8470
offline,ANU-25-summer-14_20260816_140000.mp4,3,2819,1,24.0,41.666666666666664,15.737656,0.0,1.758996,314.647061,36.796671,0.0,353.20272800000004,368.94038400000005,True,True,2305.6416015625,11162.0029296875,1389.203369140625,9546.234375,9887,7088
offline,ANU-25-summer-14_20260816_140000.mp4,3,2820,1,24.0,41.666666666666664,17.480041,0.0,1.63461,317.469138,37.994656,0.0,357.098404,374.578445,True,True,6082.6953125,5436.037109375,3859.41943359375,4713.92724609375,8509,5594
offline,ANU-25-summer-14_20260816_140000.mp4,3,2821,1,24.0,41.666666666666664,15.552862,0.0,1.600573,308.500378,36.103994,0.0,346.204945,361.757807,True,True,6798.84814453125,9334.83203125,5672.0087890625,7247.09130859375,11461,8521
offline,ANU-25-summer-14_20260816_140000.mp4,3,2822,1,24.0,41.666666666666664,17.14562,0.0,1.567406,318.298257,42.318492,0.0,362.184155,379.329775,True,True,6329.126953125,11999.4375,5011.82421875,11197.6181640625,11932,9597
offline,ANU-25-summer-14_20260816_140000.mp4,3,2823,1,24.0,41.666666666666664,15.058997,0.0,1.515314,309.114186,35.402688,0.0,346.032188,361.091185,True,True,8585.6572265625,7408.662109375,6264.28369140625,5269.9658203125,11010,7237
offline,ANU-25-summer-14_20260816_140000.mp4,3,2824,1,24.0,41.666666666666664,17.056287,0.0,1.538277,317.645099,40.734067,0.0,359.917443,376.97373,True,True,5617.14453125,4839.9326171875,4284.3603515625,3749.857666015625,7968,5515
offline,ANU-25-summer-14_20260816_140000.mp4,3,2825,1,24.0,41.666666666666664,15.300198,0.0,1.726905,312.946398,36.381639,0.0,351.054942,366.35514,True,True,5757.3505859375,9533.66015625,3602.57958984375,8115.2861328125,10842,7409
offline,ANU-25-summer-14_20260816_140000.mp4,3,2826,1,24.0,41.666666666666664,16.871438,0.0,1.322428,316.891478,38.404836,0.0,356.618742,373.49018,True,True,9151.619140625,8184.7236328125,7809.3681640625,6883.8251953125,9940,7634
offline,ANU-25-summer-14_20260816_140000.mp4,3,2827,1,24.0,41.666666666666664,15.445807,0.0,1.339464,309.230259,36.186679,0.0,346.756402,362.202209,True,True,8936.73828125,9080.9384765625,8284.6533203125,6373.59130859375,11279,7938
offline,ANU-25-summer-14_20260816_140000.mp4,3,2828,1,24.0,41.666666666666664,17.14775,0.0,1.30602,315.582957,38.218747,0.0,355.107724,372.255474,True,True,6947.90625,9018.3095703125,4148.341796875,6293.57958984375,11497,6698
offline,ANU-25-summer-14_20260816_140000.mp4,3,2829,1,24.0,41.666666666666664,15.819766,0.0,1.354001,308.15918,35.226617,0.0,344.73979799999995,360.55956399999997,True,True,8770.951171875,7355.91455078125,7486.9951171875,6282.8134765625,10628,8374
offline,ANU-25-summer-14_20260816_140000.mp4,3,2830,1,24.0,41.666666666666664,17.054084,0.0,1.298076,315.889102,38.09697,0.0,355.28414799999996,372.33823199999995,True,True,8069.33544921875,8684.646484375,6566.3720703125,8154.69921875,9282,7422
offline,ANU-25-summer-14_20260816_140000.mp4,3,2831,1,24.0,41.666666666666664,15.252939,0.0,1.353279,309.908159,35.347375,0.0,346.608813,361.861752,True,True,10402.884765625,7004.060546875,8398.912109375,6057.59814453125,11231,8603
offline,ANU-25-summer-14_20260816_140000.mp4,3,2832,1,24.0,41.666666666666664,16.99064,0.0,1.30515,316.242098,40.290702,0.0,357.83795000000003,374.82859,True,True,8392.2275390625,6719.1904296875,7146.33056640625,4149.6201171875,11042,7589
offline,ANU-25-summer-14_20260816_140000.mp4,3,2833,1,24.0,41.666666666666664,15.44053,0.0,1.28241,309.637087,37.853714,0.0,348.77321100000006,364.2137410000001,True,True,12061.3076171875,19150.5546875,10992.5947265625,15602.8369140625,14126,10055
offline,ANU-25-summer-14_20260816_140000.mp4,3,2834,1,24.0,41.666666666666664,17.148768,0.0,1.319946,317.800875,43.612031,0.0,362.73285200000004,379.88162000000005,True,True,9821.02734375,18384.98828125,8960.6484375,15917.2578125,14673,11505
offline,ANU-25-summer-14_20260816_140000.mp4,3,2835,1,24.0,41.666666666666664,14.748187,0.0,1.341502,309.411331,39.471471,0.0,350.224304,364.972491,True,True,9109.896484375,13385.65234375,8258.46484375,12776.302734375,13000,11379
offline,ANU-25-summer-14_20260816_140000.mp4,3,2836,1,24.0,41.666666666666664,16.755884,0.0,1.332816,317.764579,42.177975,0.0,361.27537,378.031254,True,True,10003.6484375,16201.1435546875,7238.671875,13421.62890625,14352,9505
offline,ANU-25-summer-14_20260816_140000.mp4,3,2837,1,24.0,41.666666666666664,16.010263,0.0,1.315983,315.943028,48.063402,0.0,365.32241300000004,381.33267600000005,True,True,7245.51708984375,15991.8955078125,6557.92919921875,14535.7724609375,13797,11814
offline,ANU-25-summer-14_20260816_140000.mp4,3,2838,1,24.0,41.666666666666664,17.629966,0.0,1.423704,324.003316,41.792275,0.0,367.219295,384.849261,True,True,9556.470703125,10676.306640625,6327.00244140625,10016.451171875,11713,8972
offline,ANU-25-summer-14_20260816_140000.mp4,3,2839,1,24.0,41.666666666666664,15.189366,0.0,1.55837,309.101706,35.189247,0.0,345.849323,361.03868900000003,True,True,8438.7109375,12023.146484375,6103.5400390625,11031.138671875,10872,8204
offline,ANU-25-summer-14_20260816_140000.mp4,3,2840,1,24.0,41.666666666666664,16.53509,0.0,1.634036,316.464966,43.925193,0.0,362.02419499999996,378.559285,True,True,11457.7138671875,9911.041015625,9633.638671875,8467.833984375,13403,10347
offline,ANU-25-summer-14_20260816_140000.mp4,3,2841,1,24.0,41.666666666666664,15.479381,0.0,1.570462,309.387684,37.913713,0.0,348.871859,364.35123999999996,True,True,13279.755859375,8136.59814453125,11237.6484375,6971.1220703125,14144,11425
offline,ANU-25-summer-14_20260816_140000.mp4,3,2842,1,24.0,41.666666666666664,17.114046,0.0,1.533444,316.368059,43.644142,0.0,361.545645,378.65969099999995,True,True,10477.1845703125,8319.4658203125,8115.29638671875,7427.32470703125,12004,9479
offline,ANU-25-summer-14_20260816_140000.mp4,3,2843,1,24.0,41.666666666666664,14.808353,0.0,1.592462,308.676823,39.411861,0.0,349.681146,364.489499,True,True,14792.275390625,8654.44921875,9162.81640625,6727.9033203125,13511,9578
offline,ANU-25-summer-14_20260816_140000.mp4,3,2844,1,24.0,41.666666666666664,17.045176,0.0,1.611239,317.253271,42.641098,0.0,361.505608,378.550784,True,True,14780.166015625,6745.234375,13222.5849609375,4940.8759765625,12898,9803
offline,ANU-25-summer-14_20260816_140000.mp4,3,2845,1,24.0,41.666666666666664,15.65488,0.0,1.547406,309.145705,37.050242,0.0,347.74335300000007,363.39823300000006,True,True,7169.3486328125,9189.451171875,6535.3330078125,8516.21484375,10092,8698
offline,ANU-25-summer-14_20260816_140000.mp4,3,2846,1,24.0,41.666666666666664,16.751051,0.0,1.592832,316.116434,40.274239,0.0,357.98350500000004,374.73455600000005,True,True,10566.716796875,7882.9365234375,9606.591796875,7370.310546875,10241,8750
offline,ANU-25-summer-14_20260816_140000.mp4,3,2847,1,24.0,41.666666666666664,14.30723,0.0,1.358891,309.21239,31.812252,0.0,342.38353300000006,356.69076300000006,True,True,8728.4931640625,14618.14453125,5160.9130859375,13084.8515625,13024,8285
offline,ANU-25-summer-14_20260816_140000.mp4,3,2848,1,24.0,41.666666666666664,16.338593,0.0,1.670739,316.917164,40.780047,0.0,359.36795000000006,375.70654300000007,True,True,13257.287109375,12169.337890625,11427.0234375,10906.7412109375,12964,9756
offline,ANU-25-summer-14_20260816_140000.mp4,3,2849,1,24.0,41.666666666666664,15.082497,0.0,1.675998,308.437362,34.496867,0.0,344.610227,359.692724,True,True,10512.0439453125,19741.16796875,5343.626953125,18323.44921875,13988,9242
offline,ANU-25-summer-14_20260816_140000.mp4,3,2850,1,24.0,41.666666666666664,17.220285,0.0,1.568684,317.556397,41.496316,0.0,360.621397,377.841682,True,True,8088.14453125,22416.75,6771.59521484375,20321.525390625,14495,11302
offline,ANU-25-summer-14_20260816_140000.mp4,3,2851,1,24.0,41.666666666666664,14.77289,0.0,1.60798,308.487918,36.275104,0.0,346.371002,361.143892,True,True,11174.279296875,14482.9248046875,9227.416015625,13570.837890625,12342,9535
offline,ANU-25-summer-14_20260816_140000.mp4,3,2852,1,24.0,41.666666666666664,17.161008,0.0,1.535666,317.810394,42.498785,0.0,361.84484499999996,379.00585299999995,True,True,13744.1875,19415.34375,11139.55859375,17869.5390625,14642,11937
offline,ANU-25-summer-14_20260816_140000.mp4,3,2853,1,24.0,41.666666666666664,15.278217,0.0,1.616591,308.122793,39.602469,0.0,349.341853,364.62007,True,True,14993.013671875,9778.875,14624.6904296875,7598.09033203125,13600,11858
offline,ANU-25-summer-14_20260816_140000.mp4,3,2854,1,24.0,41.666666666666664,16.918993,0.0,1.584425,316.449855,44.812368,0.0,362.846648,379.765641,True,True,15028.056640625,13072.603515625,13018.94921875,10114.107421875,17131,12544
offline,ANU-25-summer-14_20260816_140000.mp4,3,2855,1,24.0,41.666666666666664,14.641539,0.0,1.618739,309.552961,42.290473,0.0,353.462173,368.10371200000003,True,True,16098.9580078125,11542.5009765625,14602.23828125,9855.6044921875,15886,13450
offline,ANU-25-summer-14_20260816_140000.mp4,3,2856,1,24.0,41.666666666666664,16.976381,0.0,1.578387,322.16221,55.407996,0.0,379.148593,396.124974,True,True,13122.513671875,21213.15625,10643.1962890625,18075.30078125,20459,14847
offline,ANU-25-summer-14_20260816_140000.mp4,3,2857,1,24.0,41.666666666666664,16.047245,0.0,1.696516,317.446899,42.387472,0.0,361.53088699999995,377.5781319999999,True,True,12839.9462890625,13652.978515625,11671.7646484375,12415.48046875,16356,13919
offline,ANU-25-summer-14_20260816_140000.mp4,3,2858,1,24.0,41.666666666666664,16.991196,0.0,1.317003,316.615317,45.767171,0.0,363.699491,380.690687,True,True,6377.85498046875,20081.5390625,4721.6259765625,19017.501953125,15585,13209
offline,ANU-25-summer-14_20260816_140000.mp4,3,2859,1,24.0,41.666666666666664,14.218841,0.0,1.404835,310.013973,42.031514,0.0,353.450322,367.669163,True,True,9987.923828125,22234.25390625,9118.5849609375,19851.11328125,16883,14379
offline,ANU-25-summer-14_20260816_140000.mp4,3,2860,1,24.0,41.666666666666664,16.6152,0.0,1.314669,316.629669,45.59721,0.0,363.541548,380.156748,True,True,7551.25390625,20247.576171875,6490.9013671875,18643.74609375,15077,12586
offline,ANU-25-summer-14_20260816_140000.mp4,3,2861,1,24.0,41.666666666666664,17.504671,0.0,1.457612,308.901228,42.106031,0.0,352.464871,369.969542,True,True,8320.57421875,13871.736328125,7220.81005859375,12506.626953125,12751,10579
offline,ANU-25-summer-14_20260816_140000.mp4,3,2862,1,24.0,41.666666666666664,16.851549,0.0,1.573647,317.58449,44.477909,0.0,363.636046,380.487595,True,True,11788.818359375,13066.4521484375,10228.595703125,10703.1005859375,14954,11873
offline,ANU-25-summer-14_20260816_140000.mp4,3,2863,1,24.0,41.666666666666664,15.365457,0.0,1.61785,309.382074,38.972922,0.0,349.97284599999995,365.33830299999994,True,True,12600.279296875,10682.6337890625,11576.7646484375,9203.4189453125,14323,11933
offline,ANU-25-summer-14_20260816_140000.mp4,3,2864,1,24.0,41.666666666666664,16.967363,0.0,1.274095,315.657422,41.825998,0.0,358.757515,375.724878,True,True,6178.19140625,19374.60546875,4112.6533203125,17918.09765625,13404,10511
offline,ANU-25-summer-14_20260816_140000.mp4,3,2865,1,24.0,41.666666666666664,15.284255,0.0,1.335501,309.267168,41.297468,0.0,351.90013700000003,367.184392,True,True,7010.3330078125,12568.2666015625,5277.9462890625,10798.3310546875,12838,9827
offline,ANU-25-summer-14_20260816_140000.mp4,3,2866,1,24.0,41.666666666666664,16.47624,0.0,1.580351,315.883048,44.266708,0.0,361.730107,378.206347,True,True,6019.7822265625,9232.5458984375,5063.51953125,8298.4521484375,10399,8441
offline,ANU-25-summer-14_20260816_140000.mp4,3,2867,1,24.0,41.666666666666664,15.354531,0.0,1.555092,309.046875,35.349227,0.0,345.951194,361.305725,True,True,12510.76953125,5732.97802734375,9512.1796875,3917.03662109375,12544,8325
offline,ANU-25-summer-14_20260816_140000.mp4,3,2868,1,24.0,41.666666666666664,16.921456,0.0,1.255596,316.19236,38.236302,0.0,355.68425800000006,372.60571400000003,True,True,11237.15234375,5842.4560546875,8445.26953125,4029.1435546875,10962,6659
offline,ANU-25-summer-14_20260816_140000.mp4,3,2869,1,24.0,41.666666666666664,15.705045,0.0,1.292466,309.15041,41.309745,0.0,351.75262100000003,367.457666,True,True,16265.4921875,10737.791015625,13268.7666015625,9185.45703125,15253,11507
offline,ANU-25-summer-14_20260816_140000.mp4,3,2870,1,24.0,41.666666666666664,16.901123,0.0,1.577499,315.669477,47.567279,0.0,364.81425499999995,381.71537799999993,True,True,12628.52734375,12256.7763671875,10626.50390625,8693.732421875,15832,11701
offline,ANU-25-summer-14_20260816_140000.mp4,3,2871,1,24.0,41.666666666666664,15.48703,0.0,1.532555,308.159737,42.276788,0.0,351.96908,367.45611,True,True,11487.765625,8790.060546875,10339.28125,8226.291015625,13731,11882
offline,ANU-25-summer-14_20260816_140000.mp4,3,2872,1,24.0,41.666666666666664,16.94453,0.0,1.379854,315.88992,44.393503,0.0,361.66327700000005,378.60780700000004,True,True,17135.54296875,7705.7119140625,14511.181640625,6116.9814453125,15668,11554
offline,ANU-25-summer-14_20260816_140000.mp4,3,2873,1,24.0,41.666666666666664,15.42716,0.0,1.33139,309.619127,39.746079,0.0,350.696596,366.123756,True,True,19524.55859375,12403.251953125,18327.9375,9256.83984375,16645,13085
offline,ANU-25-summer-14_20260816_140000.mp4,3,2874,1,24.0,41.666666666666664,16.9994,0.0,1.621832,315.536387,43.71577,0.0,360.873989,377.873389,True,True,8303.1142578125,9116.0869140625,7331.94873046875,7359.51171875,12735,10013
offline,ANU-25-summer-14_20260816_140000.mp4,3,2875,1,24.0,41.666666666666664,12.833507,0.0,1.181281,319.525486,41.724703,0.0,362.43147,375.264977,True,True,9076.9013671875,10740.01953125,6762.06396484375,9283.896484375,14744,11249
offline,ANU-25-summer-14_20260816_140000.mp4,3,2876,1,24.0,41.666666666666664,13.927567,0.0,1.117078,314.884636,41.672833,0.0,357.67454699999996,371.602114,True,True,7160.13671875,9348.7646484375,6399.98046875,6637.705078125,11459,8510
offline,ANU-25-summer-14_20260816_140000.mp4,3,2877,1,24.0,41.666666666666664,12.492974,0.0,1.121004,309.512628,41.119526,0.0,351.75315800000004,364.24613200000005,True,True,6666.595703125,10086.830078125,5670.916015625,7903.20751953125,11937,9330
offline,ANU-25-summer-14_20260816_140000.mp4,3,2878,1,24.0,41.666666666666664,13.903031,0.0,1.133468,314.662398,40.084131,0.0,355.879997,369.783028,True,True,6913.4443359375,13719.703125,5720.04443359375,12134.4541015625,12228,9876
offline,ANU-25-summer-14_20260816_140000.mp4,3,2879,1,24.0,41.666666666666664,12.550232,0.0,1.306058,307.385415,39.707062,0.0,348.39853500000004,360.94876700000003,True,True,7025.66015625,9217.994140625,3995.58544921875,8927.890625,12283,10116
offline,ANU-25-summer-14_20260816_140000.mp4,2,1189,1,24.0,41.666666666666664,16.23852,0.0,1.34265,308.429182,37.088372,0.0,346.860204,363.098724,True,True,6880.4580078125,11044.3193359375,4397.09228515625,9490.3251953125,11564,8076
offline,ANU-25-summer-14_20260816_140000.mp4,2,1190,1,24.0,41.666666666666664,16.883476,0.0,1.278114,330.458575,38.792036,0.0,370.528725,387.412201,True,True,10737.53125,7049.04931640625,8130.46484375,4574.57275390625,11224,7064
offline,ANU-25-summer-14_20260816_140000.mp4,2,1191,1,24.0,41.666666666666664,16.743532,0.0,1.279484,309.172896,35.423134,0.0,345.875514,362.619046,True,True,11495.591796875,7143.03515625,9931.48828125,4476.240234375,11459,7637
offline,ANU-25-summer-14_20260816_140000.mp4,2,1192,1,24.0,41.666666666666664,17.243101,0.0,1.280132,317.64929,45.169901,0.0,364.09932299999997,381.342424,True,True,8547.45703125,8341.001953125,7021.20263671875,7005.4765625,11565,9065
offline,ANU-25-summer-14_20260816_140000.mp4,2,1193,1,24.0,41.666666666666664,16.370315,0.0,1.353223,307.961874,38.04799,0.0,347.36308700000006,363.73340200000007,True,True,11649.29296875,10781.294921875,10036.7744140625,8899.029296875,13263,10094
offline,ANU-25-summer-14_20260816_140000.mp4,2,1194,1,24.0,41.666666666666664,16.194891,0.0,1.295761,318.310727,42.25303,0.0,361.85951800000004,378.054409,True,True,12125.60546875,12124.1181640625,10590.9189453125,9699.716796875,13821,10514
offline,ANU-25-summer-14_20260816_140000.mp4,2,1195,1,24.0,41.666666666666664,15.396845,0.0,1.423612,309.809962,39.81693,0.0,351.050504,366.447349,True,True,7671.982421875,14010.515625,6314.19873046875,11924.2666015625,13160,10023
offline,ANU-25-summer-14_20260816_140000.mp4,2,1196,1,24.0,41.666666666666664,16.872198,0.0,1.354835,317.960712,43.672735,0.0,362.98828199999997,379.86048,True,True,15038.263671875,10266.0390625,12911.6513671875,7714.71240234375,13015,9442
offline,ANU-25-summer-14_20260816_140000.mp4,2,1197,1,24.0,41.666666666666664,17.13012,0.0,1.467815,309.800388,44.217691,0.0,355.485894,372.61601399999995,True,True,18718.37890625,10332.5859375,17596.828125,8989.0732421875,15434,13075
offline,ANU-25-summer-14_20260816_140000.mp4,2,1198,1,24.0,41.666666666666664,16.676182,0.0,1.36715,317.846436,40.1795,0.0,359.393086,376.06926799999997,True,True,14867.51171875,13191.833984375,14057.4228515625,10346.97265625,11630,9374
offline,ANU-25-summer-14_20260816_140000.mp4,2,1199,1,24.0,41.666666666666664,20.072973,0.0,1.349224,309.265043,41.727777,0.0,352.342044,372.415017,True,True,15256.0419921875,12666.46875,13180.7294921875,10129.181640625,17217,12939
offline,ANU-25-summer-14_20260816_140000.mp4,2,1200,1,24.0,41.666666666666664,17.327174,0.0,1.326169,318.223747,41.892034,0.0,361.44195,378.76912400000003,True,True,10247.69140625,17471.515625,9153.46875,12636.783203125,12965,9176
offline,ANU-25-summer-14_20260816_140000.mp4,2,1201,1,24.0,41.666666666666664,17.65391,0.0,1.330113,309.131971,40.564107,0.0,351.026191,368.680101,True,True,14531.93359375,12282.078125,13107.9521484375,9926.77734375,13947,10997
offline,ANU-25-summer-14_20260816_140000.mp4,2,1202,1,24.0,41.666666666666664,16.929512,0.0,1.35615,319.28853,42.377325,0.0,363.022005,379.95151699999997,True,True,7083.4560546875,15140.4833984375,5938.021484375,13808.7470703125,12207,9732
offline,ANU-25-summer-14_20260816_140000.mp4,2,1203,1,24.0,41.666666666666664,16.173262,0.0,1.437557,310.345048,37.213686,0.0,348.99629100000004,365.16955300000006,True,True,4523.53515625,14615.1474609375,3964.05810546875,12910.9443359375,10599,8454
offline,ANU-25-summer-14_20260816_140000.mp4,2,1204,1,24.0,41.666666666666664,16.803532,0.0,1.371298,318.739944,42.680988,0.0,362.79223,379.59576200000004,True,True,4252.66455078125,20755.16796875,2563.5439453125,18136.61328125,12458,9167
offline,ANU-25-summer-14_20260816_140000.mp4,2,1205,1,24.0,41.666666666666664,15.55514,0.0,1.403334,309.696371,49.341201,0.0,360.440906,375.996046,True,True,9489.916015625,12405.6572265625,7838.53662109375,9496.7705078125,12867,9135
offline,ANU-25-summer-14_20260816_140000.mp4,2,1206,1,24.0,41.666666666666664,19.165373,0.0,1.966976,328.340028,41.593224,0.0,371.900228,391.065601,True,True,10962.3603515625,12112.0185546875,9546.2548828125,10080.99609375,10943,8370
offline,ANU-25-summer-14_20260816_140000.mp4,2,1207,1,24.0,41.666666666666664,19.946011,0.0,1.416057,308.706235,36.933967,0.0,347.056259,367.00227,True,True,8956.4921875,5570.0234375,7221.91845703125,4898.7705078125,10344,7614
offline,ANU-25-summer-14_20260816_140000.mp4,2,1208,1,24.0,41.666666666666664,16.887827,0.0,1.373112,317.153575,42.979743,0.0,361.50642999999997,378.394257,True,True,10124.1416015625,8533.759765625,7843.90283203125,5819.0390625,12892,8382
offline,ANU-25-summer-14_20260816_140000.mp4,2,1209,1,24.0,41.666666666666664,18.906302,0.0,1.349484,308.941048,37.006262,0.0,347.29679400000003,366.203096,True,True,12500.2548828125,7963.13671875,10332.109375,6917.2724609375,11893,9067
offline,ANU-25-summer-14_20260816_140000.mp4,2,1210,1,24.0,41.666666666666664,16.417777,0.0,1.378094,318.324839,42.286141,0.0,361.98907399999996,378.40685099999996,True,True,11339.3603515625,9215.005859375,10401.822265625,7749.95849609375,11876,9849
offline,ANU-25-summer-14_20260816_140000.mp4,2,1211,1,24.0,41.666666666666664,15.531399,0.0,1.462926,307.559435,38.479652,0.0,347.502013,363.033412,True,True,11487.54296875,7229.1494140625,10414.7861328125,5564.029296875,11580,8996
offline,ANU-25-summer-14_20260816_140000.mp4,2,1212,1,24.0,41.666666666666664,16.776458,0.0,1.336613,316.978133,39.668877,0.0,357.983623,374.760081,True,True,11551.41015625,9734.4267578125,9863.326171875,8267.1396484375,10545,8204
offline,ANU-25-summer-14_20260816_140000.mp4,2,1213,1,24.0,41.666666666666664,16.024097,0.0,1.295891,307.89206,35.229266,0.0,344.417217,360.441314,True,True,20181.453125,6598.0048828125,12615.99609375,5351.58984375,9707,6534
offline,ANU-25-summer-14_20260816_140000.mp4,2,1214,1,24.0,41.666666666666664,16.290667,0.0,1.366631,319.177624,47.716555,0.0,368.26081,384.551477,True,True,10699.3642578125,15308.07421875,9295.32421875,13703.6337890625,14302,12026
offline,ANU-25-summer-14_20260816_140000.mp4,2,1215,1,24.0,41.666666666666664,15.538696,0.0,1.42502,308.453591,38.537539,0.0,348.41615,363.95484600000003,True,True,6748.0263671875,10092.07421875,4110.615234375,8652.1328125,12183,8324
offline,ANU-25-summer-14_20260816_140000.mp4,2,1216,1,24.0,41.666666666666664,17.09638,0.0,1.312521,316.972115,41.548373,0.0,359.83300899999995,376.92938899999996,True,True,10947.00390625,8651.623046875,8311.3857421875,6975.7255859375,12129,8644
offline,ANU-25-summer-14_20260816_140000.mp4,2,1217,1,24.0,41.666666666666664,16.21778,0.0,1.355872,309.230359,39.440065,0.0,350.026296,366.244076,True,True,16100.98046875,8290.3056640625,15201.041015625,7039.3955078125,12234,10352
offline,ANU-25-summer-14_20260816_140000.mp4,2,1218,1,24.0,41.666666666666664,20.356524,0.0,1.280614,316.895468,37.847881,0.0,356.023963,376.38048699999996,True,True,9042.55859375,3533.061279296875,7508.27734375,2845.436767578125,8954,6942
offline,ANU-25-summer-14_20260816_140000.mp4,2,1219,1,24.0,41.666666666666664,18.619546,0.0,1.369372,307.181774,34.865567,0.0,343.416713,362.03625900000003,True,True,10950.138671875,4064.503173828125,9016.921875,2503.58251953125,10411,7120
offline,ANU-25-summer-14_20260816_140000.mp4,2,1220,1,24.0,41.666666666666664,16.563312,0.0,1.374595,317.024003,42.029904,0.0,360.428502,376.991814,True,True,11043.828125,5389.96435546875,9637.259765625,3581.403076171875,10555,7637
offline,ANU-25-summer-14_20260816_140000.mp4,2,1221,1,24.0,41.666666666666664,15.964709,0.0,1.419723,308.374611,35.37256,0.0,345.166894,361.13160300000004,True,True,7582.9482421875,6572.65869140625,6033.2255859375,6232.76171875,9778,7956
offline,ANU-25-summer-14_20260816_140000.mp4,2,1222,1,24.0,41.666666666666664,16.803736,0.0,1.328983,316.6921,37.942084,0.0,355.963167,372.766903,True,True,6091.6650390625,11333.0009765625,4330.03857421875,10068.01171875,9964,7209
offline,ANU-25-summer-14_20260816_140000.mp4,2,1223,1,24.0,41.666666666666664,15.845747,0.0,1.398168,307.966727,39.807542,0.0,349.172437,365.018184,True,True,13210.943359375,8472.6474609375,12226.259765625,6792.31396484375,13938,11365
offline,ANU-25-summer-14_20260816_140000.mp4,2,1224,1,24.0,41.666666666666664,17.107528,0.0,1.305262,323.225389,46.334461,0.0,370.865112,387.97264,True,True,19136.90625,5978.3583984375,17030.544921875,4730.21630859375,11883,9254
offline,ANU-25-summer-14_20260816_140000.mp4,2,1225,1,24.0,41.666666666666664,16.759717,0.0,1.465741,316.092626,38.949164,0.0,356.507531,373.267248,True,True,10772.6015625,14874.7978515625,9079.96484375,12627.4189453125,12323,9714
offline,ANU-25-summer-14_20260816_140000.mp4,2,1226,1,24.0,41.666666666666664,16.427777,0.0,1.627461,318.32745,43.60344,0.0,363.55835099999996,379.98612799999995,True,True,17427.962890625,11844.88671875,15770.697265625,8611.767578125,15386,11432
offline,ANU-25-summer-14_20260816_140000.mp4,2,1227,1,24.0,41.666666666666664,15.724027,0.0,1.364928,309.078639,43.40483,0.0,353.84839700000003,369.572424,True,True,12622.328125,14644.873046875,10967.060546875,12058.9326171875,15242,12013
offline,ANU-25-summer-14_20260816_140000.mp4,2,1228,1,24.0,41.666666666666664,17.08075,0.0,1.335613,317.468757,39.884356,0.0,358.688726,375.769476,True,True,4710.2392578125,18605.75,3491.656494140625,17513.23046875,11197,9131
offline,ANU-25-summer-14_20260816_140000.mp4,2,1229,1,24.0,41.666666666666664,16.237872,0.0,1.352501,308.184132,34.506386,0.0,344.043019,360.280891,True,True,8526.736328125,9627.322265625,6769.96044921875,8924.7802734375,9774,7628
offline,ANU-25-summer-14_20260816_140000.mp4,2,1230,1,24.0,41.666666666666664,17.492394,0.0,1.587647,318.020769,39.807616,0.0,359.416032,376.90842599999996,True,True,12135.662109375,20212.203125,10312.22265625,17540.28515625,14383,10366
offline,ANU-25-summer-14_20260816_140000.mp4,2,1231,1,24.0,41.666666666666664,15.98432,0.0,1.359372,308.462906,38.349968,0.0,348.172246,364.156566,True,True,13377.224609375,8657.1357421875,12956.1005859375,7244.6240234375,11617,9761
offline,ANU-25-summer-14_20260816_140000.mp4,2,1232,1,24.0,41.666666666666664,16.996326,0.0,1.30978,317.018633,41.604909,0.0,359.93332200000003,376.92964800000004,True,True,5584.1767578125,15381.1728515625,5130.90966796875,12722.505859375,10899,8692
offline,ANU-25-summer-14_20260816_140000.mp4,2,1233,1,24.0,41.666666666666664,15.944598,0.0,1.303557,307.727545,35.480041,0.0,344.51114300000006,360.45574100000005,True,True,8183.83984375,16133.095703125,7585.3564453125,15166.4443359375,12372,10915
offline,ANU-25-summer-14_20260816_140000.mp4,2,1234,1,24.0,41.666666666666664,16.636979,0.0,1.661369,317.476109,40.559403,0.0,359.69688099999996,376.33385999999996,True,True,13338.626953125,16897.109375,12065.458984375,13767.75,13673,10140
offline,ANU-25-summer-14_20260816_140000.mp4,2,1235,1,24.0,41.666666666666664,15.761249,0.0,1.420094,307.361883,38.155877,0.0,346.93785399999996,362.699103,True,True,7390.5361328125,15480.77734375,4583.14892578125,14762.8310546875,13186,9897
offline,ANU-25-summer-14_20260816_140000.mp4,2,1236,1,24.0,41.666666666666664,17.23499,0.0,1.30078,317.214631,39.060589,0.0,357.57599999999996,374.81098999999995,True,True,9585.595703125,13067.5166015625,7724.11181640625,12409.359375,11514,9061
offline,ANU-25-summer-14_20260816_140000.mp4,2,1237,1,24.0,41.666666666666664,15.959412,0.0,1.289632,309.058603,37.951844,0.0,348.300079,364.25949099999997,True,True,8546.921875,10778.1806640625,6700.87353515625,9277.962890625,12181,9071
offline,ANU-25-summer-14_20260816_140000.mp4,2,1238,1,24.0,41.666666666666664,15.968005,0.0,1.670257,317.476702,38.60715,0.0,357.75410899999997,373.722114,True,True,10811.095703125,7672.90234375,10220.693359375,6556.4931640625,10270,8427
offline,ANU-25-summer-14_20260816_140000.mp4,2,1239,1,24.0,41.666666666666664,15.900099,0.0,1.370168,308.569906,33.524935,0.0,343.465009,359.365108,True,True,11239.638671875,15894.462890625,10347.919921875,15146.482421875,11070,9695
offline,ANU-25-summer-14_20260816_140000.mp4,2,1240,1,24.0,41.666666666666664,17.074825,0.0,1.375316,317.392074,40.716235,0.0,359.48362499999996,376.55844999999994,True,True,5462.1259765625,22062.0234375,4996.912109375,19104.234375,11348,8743
offline,ANU-25-summer-14_20260816_140000.mp4,2,1241,1,24.0,41.666666666666664,15.776304,0.0,1.398797,309.675151,34.988065,0.0,346.06201300000004,361.838317,True,True,10539.5908203125,13501.4296875,8678.130859375,10837.111328125,12999,9188
offline,ANU-25-summer-14_20260816_140000.mp4,2,1242,1,24.0,41.666666666666664,16.734625,0.0,1.528462,316.529529,38.095748,0.0,356.15373900000003,372.888364,True,True,2605.916259765625,14934.7021484375,1911.6455078125,11877.087890625,9996,7288
offline,ANU-25-summer-14_20260816_140000.mp4,2,1243,1,24.0,41.666666666666664,16.083133,0.0,1.196634,315.16849,45.931892,0.0,362.29701600000004,378.380149,True,True,14207.169921875,12922.0234375,10385.70703125,11613.615234375,13486,9309
offline,ANU-25-summer-14_20260816_140000.mp4,2,1244,1,24.0,41.666666666666664,19.87466,0.0,1.60948,322.939986,44.954848,0.0,369.504314,389.378974,True,True,12862.7666015625,23038.77734375,10352.5634765625,20447.21875,16647,12448
offline,ANU-25-summer-14_20260816_140000.mp4,2,1245,1,24.0,41.666666666666664,14.822982,0.0,1.522333,308.822069,39.631674,0.0,349.976076,364.799058,True,True,16478.4140625,7681.2294921875,14069.5986328125,6616.6171875,12589,9750
offline,ANU-25-summer-14_20260816_140000.mp4,2,1246,1,24.0,41.666666666666664,16.95403,0.0,1.321317,317.382981,43.180297,0.0,361.884595,378.838625,True,True,5763.6484375,14879.712890625,4387.50048828125,13343.6962890625,12576,10187
offline,ANU-25-summer-14_20260816_140000.mp4,2,1247,1,24.0,41.666666666666664,15.384494,0.0,4.173652,307.83236,38.812555,0.0,350.81856700000003,366.20306100000005,True,True,9948.2294921875,11766.802734375,6852.6826171875,11119.5439453125,14286,11486
offline,ANU-25-summer-14_20260816_140000.mp4,2,1248,1,24.0,41.666666666666664,16.996733,0.0,1.581388,316.58751,42.668155,0.0,360.837053,377.83378600000003,True,True,10825.7109375,13880.2314453125,8762.5146484375,11965.046875,13986,10223
offline,ANU-25-summer-14_20260816_140000.mp4,2,1249,1,24.0,41.666666666666664,14.845611,0.0,1.565981,308.063913,38.948146,0.0,348.57804000000004,363.42365100000006,True,True,9240.89453125,17398.845703125,7538.701171875,15188.4970703125,15307,11970
offline,ANU-25-summer-14_20260816_140000.mp4,2,1250,1,24.0,41.666666666666664,16.157355,0.0,1.381112,316.429993,45.064311,0.0,362.875416,379.03277099999997,True,True,8464.177734375,14908.69921875,5637.6064453125,13430.220703125,13132,9910
offline,ANU-25-summer-14_20260816_140000.mp4,2,1251,1,24.0,41.666666666666664,15.207718,0.0,1.687405,308.104097,39.788617,0.0,349.580119,364.787837,True,True,14261.544921875,8594.5234375,11844.53125,7585.646484375,14246,11367
offline,ANU-25-summer-14_20260816_140000.mp4,2,1252,1,24.0,41.666666666666664,16.624404,0.0,1.562313,316.296995,44.199414,0.0,362.058722,378.683126,True,True,13332.2822265625,19997.94140625,12752.181640625,15900.58203125,15980,12082
offline,ANU-25-summer-14_20260816_140000.mp4,2,1253,1,24.0,41.666666666666664,16.250095,0.0,1.601202,308.500277,39.73008,0.0,349.83155899999997,366.08165399999996,True,True,8968.27734375,19897.96875,7639.9736328125,18138.2890625,14212,11459
offline,ANU-25-summer-14_20260816_140000.mp4,2,1254,1,24.0,41.666666666666664,18.630602,0.0,1.567777,317.921512,45.922114,0.0,365.411403,384.042005,True,True,15818.927734375,18212.98828125,14836.3623046875,16687.234375,15276,13064
offline,ANU-25-summer-14_20260816_140000.mp4,2,1255,1,24.0,41.666666666666664,15.909043,0.0,1.571425,307.894118,39.872931,0.0,349.33847399999996,365.24751699999996,True,True,8302.76171875,12667.677734375,6304.9873046875,11086.94921875,13450,10093
offline,ANU-25-summer-14_20260816_140000.mp4,2,1256,1,24.0,41.666666666666664,16.793884,0.0,1.546777,315.690448,41.651204,0.0,358.88842900000003,375.682313,True,True,6962.3466796875,11228.599609375,4952.388671875,10369.953125,11926,8650
offline,ANU-25-summer-14_20260816_140000.mp4,2,1257,1,24.0,41.666666666666664,16.110319,0.0,1.628554,307.264774,39.671174,0.0,348.564502,364.674821,True,True,4823.107421875,12970.287109375,3729.4697265625,10181.953125,13219,9425
offline,ANU-25-summer-14_20260816_140000.mp4,2,1258,1,24.0,41.666666666666664,16.880716,0.0,1.479426,316.936729,43.410034,0.0,361.826189,378.706905,True,True,11084.1875,9022.4296875,8339.609375,7190.6123046875,12642,8527
offline,ANU-25-summer-14_20260816_140000.mp4,2,1259,1,24.0,41.666666666666664,15.992135,0.0,1.59185,307.8661,40.679791,0.0,350.13774100000006,366.1298760000001,True,True,12839.291015625,12594.703125,11288.83984375,11046.03125,12913,10196
offline,ANU-25-summer-14_20260816_140000.mp4,2,1260,1,24.0,41.666666666666664,16.698848,0.0,1.554925,314.876903,49.24811,0.0,365.67993800000005,382.37878600000005,True,True,11293.6640625,9123.603515625,9143.7705078125,7554.53955078125,15519,11668
offline,ANU-25-summer-14_20260816_140000.mp4,2,1261,1,24.0,41.666666666666664,16.116263,0.0,1.604795,307.796879,42.016274,0.0,351.417948,367.534211,True,True,15128.5166015625,10347.80078125,13333.6845703125,7647.62744140625,15037,10746
offline,ANU-25-summer-14_20260816_140000.mp4,2,1262,1,24.0,41.666666666666664,19.230928,0.0,1.732904,326.326705,44.390542,0.0,372.450151,391.681079,True,True,10272.9228515625,15514.109375,8727.4609375,13909.2353515625,14668,11353
offline,ANU-25-summer-14_20260816_140000.mp4,2,1263,1,24.0,41.666666666666664,16.454036,0.0,1.607517,308.065135,44.587002,0.0,354.25965399999995,370.71368999999993,True,True,9991.525390625,19311.3984375,9250.0673828125,15631.8349609375,18623,14689
offline,ANU-25-summer-14_20260816_140000.mp4,2,1264,1,24.0,41.666666666666664,16.528276,0.0,1.581536,315.295657,48.772949,0.0,365.650142,382.178418,True,True,7556.0751953125,17858.61328125,7023.119140625,13829.1708984375,16714,13040
offline,ANU-25-summer-14_20260816_140000.mp4,2,1265,1,24.0,41.666666666666664,16.116614,0.0,1.623406,308.002414,39.001238,0.0,348.627058,364.74367199999995,True,True,14707.0751953125,13573.9013671875,13395.576171875,11774.595703125,13242,10205
offline,ANU-25-summer-14_20260816_140000.mp4,2,1266,1,24.0,41.666666666666664,16.596794,0.0,1.53937,315.558006,46.662106,0.0,363.759482,380.356276,True,True,16998.1015625,12867.435546875,15536.7958984375,10658.1552734375,17417,13766
offline,ANU-25-summer-14_20260816_140000.mp4,2,1267,1,24.0,41.666666666666664,16.068004,0.0,1.567055,308.021524,43.251129,0.0,352.839708,368.90771199999995,True,True,8620.4912109375,13377.01171875,7425.9580078125,10751.861328125,13315,10275
offline,ANU-25-summer-14_20260816_140000.mp4,2,1268,1,24.0,41.666666666666664,16.944623,0.0,1.630924,315.898631,47.673926,0.0,365.203481,382.148104,True,True,10942.13671875,10506.80078125,8950.638671875,8843.5576171875,15393,11971
offline,ANU-25-summer-14_20260816_140000.mp4,2,1269,1,24.0,41.666666666666664,16.23715,0.0,1.581999,308.973551,44.033823,0.0,354.58937299999997,370.82652299999995,True,True,8901.34375,10073.412109375,7716.42626953125,8131.1357421875,15206,11865
offline,ANU-25-summer-14_20260816_140000.mp4,2,1270,1,24.0,41.666666666666664,16.688811,0.0,1.586684,316.721973,43.839585,0.0,362.148242,378.83705299999997,True,True,8131.98779296875,12084.5546875,5948.71484375,9186.712890625,14350,10232
offline,ANU-25-summer-14_20260816_140000.mp4,2,1271,1,24.0,41.666666666666664,16.306557,0.0,1.692387,307.161165,42.489139,0.0,351.342691,367.649248,True,True,8299.818359375,12286.458984375,6556.12109375,11052.7021484375,15522,12475
offline,ANU-25-summer-14_20260816_140000.mp4,2,1272,1,24.0,41.666666666666664,16.93229,0.0,1.715275,316.842749,46.951824,0.0,365.50984800000003,382.44213800000006,True,True,14265.63671875,9206.583984375,11928.197265625,8753.7431640625,15442,12629
offline,ANU-25-summer-14_20260816_140000.mp4,2,1273,1,24.0,41.666666666666664,16.032523,0.0,1.597887,309.375916,45.297067,0.0,356.27087000000006,372.3033930000001,True,True,16822.62890625,8424.8505859375,15073.3837890625,6416.28955078125,14962,11627
offline,ANU-25-summer-14_20260816_140000.mp4,2,1274,1,24.0,41.666666666666664,16.498147,0.0,1.668998,316.595585,45.221457,0.0,363.48604,379.984187,True,True,10204.3447265625,7499.98095703125,8518.0908203125,7166.72265625,12676,10977
offline,ANU-25-summer-14_20260816_140000.mp4,2,1275,1,24.0,41.666666666666664,15.945524,0.0,1.698331,307.76688,41.461411,0.0,350.926622,366.872146,True,True,11739.693359375,13275.771484375,10298.388671875,11933.1640625,16269,13520
offline,ANU-25-summer-14_20260816_140000.mp4,2,1276,1,24.0,41.666666666666664,16.968234,0.0,1.651869,316.078962,44.129896,0.0,361.860727,378.828961,True,True,20870.521484375,11672.228515625,18941.94921875,9845.583984375,16781,13567
offline,ANU-25-summer-14_20260816_140000.mp4,2,1277,1,24.0,41.666666666666664,16.025708,0.0,1.707164,308.384299,40.427609,0.0,350.519072,366.54478,True,True,16538.578125,9236.9970703125,15609.86328125,7633.36474609375,15706,13063
offline,ANU-25-summer-14_20260816_140000.mp4,2,1278,1,24.0,41.666666666666664,16.391389,0.0,1.772589,315.912761,44.220507,0.0,361.90585699999997,378.297246,True,True,11641.52734375,10518.955078125,10424.0546875,7598.87939453125,15345,11094
offline,ANU-25-summer-14_20260816_140000.mp4,2,1279,1,24.0,41.666666666666664,16.075634,0.0,1.359483,307.910138,39.918301,0.0,349.187922,365.263556,True,True,7635.75341796875,12475.9814453125,6101.2958984375,10546.3662109375,13459,10203
offline,ANU-25-summer-14_20260816_140000.mp4,2,1280,1,24.0,41.666666666666664,16.783124,0.0,1.328298,322.287663,52.969916,0.0,376.58587700000004,393.369001,True,True,6007.28125,11865.998046875,5209.57568359375,10147.8330078125,13184,10500
offline,ANU-25-summer-14_20260816_140000.mp4,2,1281,1,24.0,41.666666666666664,16.171299,0.0,1.48613,316.733269,40.234,0.0,358.453399,374.62469799999997,True,True,11153.361328125,8796.65625,9964.2177734375,7898.435546875,12351,10299
offline,ANU-25-summer-14_20260816_140000.mp4,2,1282,1,24.0,41.666666666666664,15.92321,0.0,1.386502,316.331701,44.036008,0.0,361.754211,377.677421,True,True,7508.017578125,15884.9501953125,5965.1669921875,14074.046875,13350,10244
offline,ANU-25-summer-14_20260816_140000.mp4,2,1283,1,24.0,41.666666666666664,15.880395,0.0,1.416612,308.365781,41.692057,0.0,351.47445,367.354845,True,True,17797.15625,15905.046875,15961.15625,13313.373046875,16464,12895
offline,ANU-25-summer-14_20260816_140000.mp4,2,1284,1,24.0,41.666666666666664,16.732199,0.0,1.387798,317.181301,40.48946,0.0,359.058559,375.790758,True,True,2736.87744140625,17322.96484375,1739.8892822265625,15713.302734375,11257,8926
offline,ANU-25-summer-14_20260816_140000.mp4,2,1285,1,24.0,41.666666666666664,16.150763,0.0,1.378909,310.856065,43.754438,0.0,355.989412,372.140175,True,True,13958.4921875,15863.7177734375,7349.35498046875,14044.041015625,16657,11382
offline,ANU-25-summer-14_20260816_140000.mp4,2,1286,1,24.0,41.666666666666664,16.539573,0.0,1.414927,318.952834,47.03486,0.0,367.40262099999995,383.942194,True,True,12815.23046875,7744.38623046875,11625.333984375,6275.177734375,13484,11021
offline,ANU-25-summer-14_20260816_140000.mp4,2,1287,1,24.0,41.666666666666664,15.933061,0.0,1.503629,308.629888,45.238883,0.0,355.37239999999997,371.305461,True,True,14856.33203125,9546.7333984375,12417.2958984375,8092.40576171875,16530,13052
offline,ANU-25-summer-14_20260816_140000.mp4,2,1288,1,24.0,41.666666666666664,16.711848,0.0,1.393834,315.125141,42.208957,0.0,358.727932,375.43978,True,True,9784.798828125,8956.34375,8706.474609375,7395.986328125,13006,10867
offline,ANU-25-summer-14_20260816_140000.mp4,2,1289,1,24.0,41.666666666666664,16.089597,0.0,1.329594,307.996822,38.848684,0.0,348.1751,364.264697,True,True,12773.6201171875,8652.705078125,11297.70703125,7563.048828125,13756,11167
offline,ANU-25-summer-14_20260816_140000.mp4,2,1290,1,24.0,41.666666666666664,16.19678,0.0,6.430475,315.821578,43.163742,0.0,365.415795,381.612575,True,True,8836.505859375,7617.1943359375,6803.0517578125,6291.6015625,11820,8630
offline,ANU-25-summer-14_20260816_140000.mp4,2,1291,1,24.0,41.666666666666664,15.785581,0.0,1.426019,308.530742,42.185476,0.0,352.14223699999997,367.92781799999995,True,True,8613.5791015625,11992.494140625,7913.8798828125,10741.611328125,13644,11762
offline,ANU-25-summer-14_20260816_140000.mp4,2,1292,1,24.0,41.666666666666664,16.947993,0.0,1.318465,315.160938,42.463713,0.0,358.943116,375.891109,True,True,8232.951171875,12185.77734375,6944.4130859375,10533.265625,13370,10454
offline,ANU-25-summer-14_20260816_140000.mp4,2,1293,1,24.0,41.666666666666664,16.130207,0.0,1.387742,307.19513,38.811389,0.0,347.39426100000003,363.524468,True,True,11643.4140625,5851.92041015625,10672.4013671875,4316.90380859375,11936,9587
offline,ANU-25-summer-14_20260816_140000.mp4,2,1294,1,24.0,41.666666666666664,15.492974,0.0,1.398871,316.203388,41.507503,0.0,359.109762,374.602736,True,True,9614.369140625,6944.189453125,7968.53466796875,4783.2998046875,11703,8514
offline,ANU-25-summer-14_20260816_140000.mp4,2,1295,1,24.0,41.666666666666664,17.709818,0.0,1.442908,307.602698,37.057466,0.0,346.10307199999994,363.8128899999999,True,True,8991.4462890625,10865.701171875,7122.2490234375,8110.3759765625,11860,8109
offline,ANU-25-summer-14_20260816_140000.mp4,2,1296,1,24.0,41.666666666666664,16.834865,0.0,1.346539,315.321769,41.293505,0.0,357.961813,374.796678,True,True,5300.025390625,8787.6630859375,4303.138671875,8015.6357421875,10183,8439
offline,ANU-25-summer-14_20260816_140000.mp4,2,1297,1,24.0,41.666666666666664,16.0988,0.0,1.319206,307.513533,38.464152,0.0,347.296891,363.395691,True,True,12132.7001953125,7826.349609375,10419.1328125,5351.92724609375,12394,8940
offline,ANU-25-summer-14_20260816_140000.mp4,2,1298,1,24.0,41.666666666666664,20.104954,0.0,1.336243,315.193659,40.029151,0.0,356.55905300000006,376.6640070000001,True,True,5203.27099609375,6855.140625,3979.548828125,5690.90087890625,8745,6521
offline,ANU-25-summer-14_20260816_140000.mp4,2,1299,1,24.0,41.666666666666664,18.694323,0.0,1.34052,321.100938,37.234371,0.0,359.675829,378.370152,True,True,8289.3681640625,4988.3642578125,6293.9853515625,4331.75390625,10220,7721
offline,ANU-25-summer-14_20260816_140000.mp4,2,1300,1,24.0,41.666666666666664,17.310563,0.0,1.401094,315.945484,42.563212,0.0,359.90979000000004,377.22035300000005,True,True,3604.461181640625,10811.9140625,2866.15771484375,9525.6181640625,10974,8573
offline,ANU-25-summer-14_20260816_140000.mp4,2,1301,1,24.0,41.666666666666664,15.475697,0.0,1.690516,306.96404,35.464282,0.0,344.118838,359.594535,True,True,5290.62353515625,9053.9697265625,3359.4873046875,7986.95068359375,10303,7776
offline,ANU-25-summer-14_20260816_140000.mp4,2,1302,1,24.0,41.666666666666664,16.029561,0.0,1.534648,315.854893,36.024775,0.0,353.414316,369.443877,True,True,2234.52978515625,8279.828125,1558.416748046875,6241.833984375,8969,6084
offline,ANU-25-summer-14_20260816_140000.mp4,2,1303,1,24.0,41.666666666666664,21.195533,0.0,5.438025,307.691438,34.526423,0.0,347.655886,368.851419,True,True,4177.677734375,6470.3017578125,3417.9541015625,5295.529296875,8098,5950
offline,ANU-25-summer-14_20260816_140000.mp4,2,1304,1,24.0,41.666666666666664,17.020288,0.0,1.357835,314.860664,37.117724,0.0,353.336223,370.356511,True,True,6352.8203125,3678.92529296875,4931.5712890625,2362.962890625,7306,5197
offline,ANU-25-summer-14_20260816_140000.mp4,2,1305,1,24.0,41.666666666666664,18.342087,0.0,1.436686,307.588939,33.931097,0.0,342.956722,361.298809,True,True,10407.083984375,9140.802734375,6353.76220703125,6474.83056640625,11970,7381
offline,ANU-25-summer-14_20260816_140000.mp4,2,1306,1,24.0,41.666666666666664,16.449648,0.0,1.663368,315.212179,37.065429,0.0,353.940976,370.390624,True,True,7710.763671875,7580.68505859375,6212.90087890625,5929.6748046875,9745,7003
offline,ANU-25-summer-14_20260816_140000.mp4,2,1307,1,24.0,41.666666666666664,18.225625,0.0,1.379946,307.596384,36.372345,0.0,345.348675,363.5743,True,True,11248.4833984375,5420.26611328125,8925.5185546875,4361.60107421875,11257,8065
offline,ANU-25-summer-14_20260816_140000.mp4,2,1308,1,24.0,41.666666666666664,19.727162,0.0,1.292188,316.409737,42.525231,0.0,360.22715600000004,379.95431800000006,True,True,10574.73046875,6574.96875,8116.81396484375,5652.6943359375,11471,8506
offline,ANU-25-summer-14_20260816_140000.mp4,2,1309,1,24.0,41.666666666666664,19.349649,0.0,1.576054,307.330369,37.121076,0.0,346.02749900000003,365.37714800000003,True,True,6651.1826171875,10460.3251953125,5508.6875,8943.900390625,11899,9167
offline,ANU-25-summer-14_20260816_140000.mp4,2,1310,1,24.0,41.666666666666664,17.012566,0.0,1.648961,315.165328,43.162835,0.0,359.977124,376.98969,True,True,11174.298828125,6044.0009765625,10438.150390625,5133.7568359375,11397,9936
offline,ANU-25-summer-14_20260816_140000.mp4,2,1311,1,24.0,41.666666666666664,15.408493,0.0,1.397964,308.181673,35.249915,0.0,344.829552,360.238045,True,True,7886.7900390625,10757.052734375,6308.0146484375,9548.1064453125,10113,7596
offline,ANU-25-summer-14_20260816_140000.mp4,2,1312,1,24.0,41.666666666666664,20.624244,0.0,1.290077,315.421454,37.912159,0.0,354.62369,375.247934,True,True,6485.78466796875,5492.822265625,4328.26611328125,5130.0419921875,8039,5789
offline,ANU-25-summer-14_20260816_140000.mp4,2,1313,1,24.0,41.666666666666664,16.006042,0.0,1.418223,307.384535,35.347969,0.0,344.150727,360.156769,True,True,4616.279296875,5673.42626953125,3814.85888671875,3549.792236328125,8502,5809
offline,ANU-25-summer-14_20260816_140000.mp4,2,1314,1,24.0,41.666666666666664,16.858994,0.0,1.321576,315.632414,38.822277,0.0,355.77626699999996,372.63526099999996,True,True,5563.830078125,10751.861328125,3820.884521484375,6910.5986328125,10260,6212
offline,ANU-25-summer-14_20260816_140000.mp4,2,1315,1,24.0,41.666666666666664,15.601529,0.0,1.613739,308.760407,31.743977,0.0,342.11812299999997,357.719652,True,True,2644.02587890625,15184.5693359375,1964.612548828125,14318.98828125,7191,5718
offline,ANU-25-summer-14_20260816_140000.mp4,2,1316,1,24.0,41.666666666666664,16.751514,0.0,1.312262,315.265326,38.094657,0.0,354.672245,371.42375899999996,True,True,10671.2314453125,4629.5048828125,8223.4423828125,3638.2431640625,9592,6682
offline,ANU-25-summer-14_20260816_140000.mp4,2,1317,1,24.0,41.666666666666664,16.413907,0.0,1.322946,310.078224,48.857134,0.0,360.25830399999995,376.67221099999995,True,True,6701.66845703125,7010.0263671875,4690.8740234375,4374.95166015625,9904,6320
offline,ANU-25-summer-14_20260816_140000.mp4,2,1318,1,24.0,41.666666666666664,16.091411,0.0,1.557221,324.185253,40.522257,0.0,366.26473100000004,382.35614200000003,True,True,8685.259765625,11545.2734375,6319.2734375,9481.365234375,11755,8457
offline,ANU-25-summer-14_20260816_140000.mp4,2,1319,1,24.0,41.666666666666664,18.894525,0.0,1.661127,307.402257,38.173063,0.0,347.23644700000006,366.13097200000004,True,True,7028.630859375,6139.0751953125,6703.5869140625,4676.49853515625,9962,8476
offline,ANU-25-summer-14_20260816_140000.mp4,2,1320,1,24.0,41.666666666666664,17.407265,0.0,1.547517,315.220846,38.98035,0.0,355.748713,373.155978,True,True,6078.138671875,13036.10546875,5292.5849609375,10620.1796875,11989,9241
offline,ANU-25-summer-14_20260816_140000.mp4,2,1321,1,24.0,41.666666666666664,19.38413,0.0,1.342539,307.895326,37.261075,0.0,346.49894,365.88307,True,True,6506.0390625,10959.8037109375,4579.31787109375,7690.44384765625,12745,8376
offline,ANU-25-summer-14_20260816_140000.mp4,2,1322,1,24.0,41.666666666666664,16.82331,0.0,1.39152,315.672007,43.114316,0.0,360.17784300000005,377.00115300000004,True,True,9631.46484375,17420.658203125,7070.5927734375,14098.1328125,16121,11664
offline,ANU-25-summer-14_20260816_140000.mp4,2,1323,1,24.0,41.666666666666664,15.7556,0.0,1.338428,308.536984,38.371098,0.0,348.24651000000006,364.0021100000001,True,True,7142.9501953125,10327.08203125,6086.33642578125,8719.431640625,10857,8239
offline,ANU-25-summer-14_20260816_140000.mp4,2,1324,1,24.0,41.666666666666664,17.010252,0.0,1.60124,326.416504,43.334851,0.0,371.352595,388.362847,True,True,9153.7138671875,11895.068359375,8076.7607421875,10729.677734375,12871,10957
offline,ANU-25-summer-14_20260816_140000.mp4,2,1325,1,24.0,41.666666666666664,19.545109,0.0,1.634128,308.122397,37.082392,0.0,346.8389169999999,366.38402599999995,True,True,7769.4208984375,11094.9296875,6818.07470703125,8530.38671875,12202,9437
offline,ANU-25-summer-14_20260816_140000.mp4,2,1326,1,24.0,41.666666666666664,16.990067,0.0,1.391964,315.921781,40.061854,0.0,357.37559899999997,374.365666,True,True,8749.740234375,9122.818359375,6595.3623046875,7733.390625,11891,8848
offline,ANU-25-summer-14_20260816_140000.mp4,2,1327,1,24.0,41.666666666666664,19.027949,0.0,1.668072,307.539053,38.259007,0.0,347.466132,366.494081,True,True,4550.283203125,6640.3994140625,3977.634033203125,5307.21533203125,7487,5768
offline,ANU-25-summer-14_20260816_140000.mp4,2,1328,1,24.0,41.666666666666664,16.82068,0.0,1.354687,314.951831,39.797599,0.0,356.10411700000003,372.924797,True,True,8856.982421875,3758.1611328125,7669.2353515625,3259.203369140625,9657,7893
offline,ANU-25-summer-14_20260816_140000.mp4,2,1329,1,24.0,41.666666666666664,15.48203,0.0,1.970068,307.383351,35.571021,0.0,344.92444,360.40647,True,True,7719.99267578125,10272.9423828125,6869.1162109375,8207.7392578125,12959,9921
offline,ANU-25-summer-14_20260816_140000.mp4,2,1330,1,24.0,41.666666666666664,16.571017,0.0,1.338224,314.647668,41.780259,0.0,357.76615100000004,374.337168,True,True,6579.8125,8463.6748046875,5364.345703125,7799.248046875,11756,9805
offline,ANU-25-summer-14_20260816_140000.mp4,2,1331,1,24.0,41.666666666666664,15.247718,0.0,1.753701,308.075157,40.914363,0.0,350.74322099999995,365.99093899999997,True,True,7555.7998046875,9884.5703125,5194.4345703125,8953.083984375,10754,8217
offline,ANU-25-summer-14_20260816_140000.mp4,2,1332,1,24.0,41.666666666666664,15.953209,0.0,1.524851,314.829111,39.343234,0.0,355.697196,371.65040500000003,True,True,5153.2265625,10492.3115234375,3419.637939453125,8267.6875,10597,6925
offline,ANU-25-summer-14_20260816_140000.mp4,2,1333,1,24.0,41.666666666666664,18.663879,0.0,1.687183,307.752995,36.523361,0.0,345.963539,364.62741800000003,True,True,8002.064453125,10570.794921875,7259.52099609375,8616.66796875,10530,8102
offline,ANU-25-summer-14_20260816_140000.mp4,2,1334,1,24.0,41.666666666666664,16.828161,0.0,1.381908,318.817227,40.865622,0.0,361.064757,377.892918,True,True,6719.978515625,13145.619140625,4528.509765625,12724.86328125,12794,10274
offline,ANU-25-summer-14_20260816_140000.mp4,2,1335,1,24.0,41.666666666666664,19.711459,0.0,1.498259,310.675977,51.135272,0.0,363.309508,383.020967,True,True,9957.53515625,9435.119140625,7249.61376953125,8514.884765625,12758,9966
offline,ANU-25-summer-14_20260816_140000.mp4,2,1336,1,24.0,41.666666666666664,16.859328,0.0,1.480444,321.43814,49.146649,0.0,372.0652329999999,388.9245609999999,True,True,8586.33203125,7554.498046875,7982.26708984375,5833.5859375,10981,9065
offline,ANU-25-summer-14_20260816_140000.mp4,2,1337,1,24.0,41.666666666666664,20.338581,0.0,1.431982,393.136361,91.233831,0.0,485.80217400000004,506.140755,True,True,6111.6533203125,10124.439453125,5229.109375,9197.89453125,11089,9246
offline,ANU-25-summer-14_20260816_140000.mp4,2,1338,1,24.0,41.666666666666664,33.318938,0.0,1.749422,390.513264,45.376974,0.0,437.63966,470.958598,True,True,10663.9208984375,7227.60791015625,9212.53125,6380.1142578125,11493,9246
offline,ANU-25-summer-14_20260816_140000.mp4,2,1339,1,24.0,41.666666666666664,18.552177,0.0,1.615072,318.494566,35.234377,0.0,355.344015,373.89619200000004,True,True,8360.830078125,5116.80078125,6916.38330078125,4222.25146484375,10092,7384
offline,ANU-25-summer-14_20260816_140000.mp4,2,1340,1,24.0,41.666666666666664,18.034054,0.0,1.43389,315.011312,38.756149,0.0,355.201351,373.235405,True,True,7716.091796875,4794.30615234375,6593.99169921875,2777.72705078125,9655,7069
offline,ANU-25-summer-14_20260816_140000.mp4,2,1341,1,24.0,41.666666666666664,16.179114,0.0,1.37165,307.374667,34.569756,0.0,343.31607299999996,359.495187,True,True,9139.8916015625,6598.85546875,8214.640625,2737.4365234375,10584,6953
offline,ANU-25-summer-14_20260816_140000.mp4,2,1342,1,24.0,41.666666666666664,16.6632,0.0,1.359891,314.863759,39.613194,0.0,355.83684400000004,372.50004400000006,True,True,6712.8583984375,4462.65234375,5094.4580078125,3596.594482421875,7605,5554
offline,ANU-25-summer-14_20260816_140000.mp4,2,1343,1,24.0,41.666666666666664,14.940852,0.0,1.456445,308.736723,35.277469,0.0,345.47063699999995,360.41148899999996,True,True,8085.95361328125,5019.8232421875,5804.791015625,2674.508056640625,9048,5332
offline,ANU-25-summer-14_20260816_140000.mp4,2,1344,1,24.0,41.666666666666664,16.909846,0.0,1.351427,316.145779,39.925078,0.0,357.422284,374.33213,True,True,7709.8232421875,7078.7294921875,6162.857421875,5082.5517578125,9675,6651
offline,ANU-25-summer-14_20260816_140000.mp4,2,1345,1,24.0,41.666666666666664,16.1413,0.0,1.337743,307.769218,35.282006,0.0,344.38896700000004,360.53026700000004,True,True,9448.9130859375,7175.796875,7680.19140625,4301.26708984375,10612,7026
offline,ANU-25-summer-14_20260816_140000.mp4,2,1346,1,24.0,41.666666666666664,16.87005,0.0,1.365298,315.629249,38.871758,0.0,355.866305,372.736355,True,True,3857.11572265625,10779.431640625,3123.14306640625,9121.822265625,10606,8018
offline,ANU-25-summer-14_20260816_140000.mp4,2,1347,1,24.0,41.666666666666664,15.552974,0.0,1.377039,307.746866,39.671471,0.0,348.79537600000003,364.34835000000004,True,True,6641.4921875,12724.162109375,5842.08935546875,11265.82421875,12738,10663
offline,ANU-25-summer-14_20260816_140000.mp4,2,1348,1,24.0,41.666666666666664,16.670405,0.0,1.381612,316.491294,43.286482,0.0,361.159388,377.829793,True,True,16698.08203125,14430.849609375,15077.53515625,11455.935546875,15819,12552
offline,ANU-25-summer-14_20260816_140000.mp4,2,1349,1,24.0,41.666666666666664,16.1018,0.0,1.39452,308.216916,36.961319,0.0,346.57275500000003,362.67455500000005,True,True,8428.8642578125,8758.4970703125,7857.203125,7028.0,11416,9284
offline,ANU-25-summer-14_20260816_140000.mp4,2,1350,1,24.0,41.666666666666664,16.86031,0.0,1.448112,315.44077,39.837802,0.0,356.726684,373.586994,True,True,11394.234375,10592.228515625,9561.943359375,9444.4423828125,13453,10445
offline,ANU-25-summer-14_20260816_140000.mp4,2,1351,1,24.0,41.666666666666664,16.243076,0.0,1.658832,308.604411,39.680841,0.0,349.94408400000003,366.18716,True,True,7426.6962890625,10915.1640625,7012.12548828125,10059.720703125,12097,10699
offline,ANU-25-summer-14_20260816_140000.mp4,2,1352,1,24.0,41.666666666666664,16.486758,0.0,1.479074,316.042504,40.540405,0.0,358.06198300000005,374.54874100000006,True,True,11452.8203125,9073.6953125,10555.705078125,7457.1103515625,12719,10286
offline,ANU-25-summer-14_20260816_140000.mp4,2,1353,1,24.0,41.666666666666664,15.858359,0.0,1.380854,308.082992,43.880437,0.0,353.344283,369.202642,True,True,15323.1171875,9719.3203125,13321.1796875,9145.9375,16095,13842
offline,ANU-25-summer-14_20260816_140000.mp4,2,1354,1,24.0,41.666666666666664,16.437962,0.0,1.39315,316.190539,42.889375,0.0,360.473064,376.911026,True,True,16628.52734375,7400.2333984375,15461.4267578125,6749.07421875,11755,9932
offline,ANU-25-summer-14_20260816_140000.mp4,2,1355,1,24.0,41.666666666666664,15.395309,0.0,1.47137,309.250625,34.154762,0.0,344.876757,360.272066,True,True,7689.517578125,5479.0322265625,7111.85693359375,5429.41357421875,7084,6287
offline,ANU-25-summer-14_20260816_140000.mp4,2,1356,1,24.0,41.666666666666664,16.438611,0.0,1.503277,322.794383,45.021331,0.0,369.318991,385.75760199999996,True,True,7243.1796875,6489.7744140625,6382.4921875,5329.5224609375,9665,7583
offline,ANU-25-summer-14_20260816_140000.mp4,2,1357,1,24.0,41.666666666666664,16.749755,0.0,1.69072,312.820507,35.785334,0.0,350.296561,367.046316,True,True,8901.265625,8564.3740234375,8027.6767578125,8354.470703125,10926,9783
offline,ANU-25-summer-14_20260816_140000.mp4,2,1358,1,24.0,41.666666666666664,16.458129,0.0,1.345261,314.943629,38.057158,0.0,354.346048,370.804177,True,True,9010.763671875,4639.59423828125,8050.09912109375,4193.64013671875,10409,8879
offline,ANU-25-summer-14_20260816_140000.mp4,2,1359,1,24.0,41.666666666666664,15.30318,0.0,1.45113,308.747909,33.540361,0.0,343.7394,359.04258,True,True,9149.89453125,5456.4365234375,7744.01220703125,3438.302734375,10066,6744
offline,ANU-25-summer-14_20260816_140000.mp4,2,1360,1,24.0,41.666666666666664,16.782847,0.0,1.43463,316.438832,39.845709,0.0,357.719171,374.502018,True,True,9609.84375,4933.72412109375,7259.03369140625,2319.62939453125,10887,6588
offline,ANU-25-summer-14_20260816_140000.mp4,2,1361,1,24.0,41.666666666666664,16.15367,0.0,1.367816,310.590961,33.943005,0.0,345.901782,362.055452,True,True,6082.55029296875,6141.123046875,4627.59521484375,5440.15380859375,8474,6486
offline,ANU-25-summer-14_20260816_140000.mp4,2,1362,1,24.0,41.666666666666664,16.925494,0.0,1.311058,317.564708,39.780025,0.0,358.655791,375.58128500000004,True,True,7243.708984375,10371.8046875,6493.08349609375,9482.962890625,9685,7974
offline,ANU-25-summer-14_20260816_140000.mp4,2,1363,1,24.0,41.666666666666664,15.740546,0.0,1.410334,309.625251,32.614947,0.0,343.650532,359.391078,True,True,7331.95703125,2662.693359375,6507.0478515625,861.5618896484375,7289,4607
offline,ANU-25-summer-14_20260816_140000.mp4,2,1364,1,24.0,41.666666666666664,17.071344,0.0,1.534647,317.040436,38.120453,0.0,356.695536,373.76688,True,True,6336.70947265625,5651.3837890625,5303.87890625,3144.337890625,8763,5573
offline,ANU-25-summer-14_20260816_140000.mp4,2,1365,1,24.0,41.666666666666664,15.913895,0.0,1.393446,308.789742,33.481899,0.0,343.66508699999997,359.578982,True,True,4771.47216796875,4578.853515625,3751.380859375,2647.568359375,8037,5257
offline,ANU-25-summer-14_20260816_140000.mp4,2,1366,1,24.0,41.666666666666664,16.720496,0.0,1.338576,316.614293,40.430091,0.0,358.38295999999997,375.103456,True,True,3331.234375,8059.14208984375,1981.4287109375,5896.62109375,9164,6019
offline,ANU-25-summer-14_20260816_140000.mp4,2,1367,1,24.0,41.666666666666664,15.43679,0.0,1.414056,308.391599,34.698292,0.0,344.503947,359.94073699999996,True,True,8059.5146484375,7287.5537109375,5923.0380859375,5808.427734375,9834,6615
offline,ANU-25-summer-14_20260816_140000.mp4,2,1368,1,24.0,41.666666666666664,16.779181,0.0,1.358021,315.930655,41.316006,0.0,358.604682,375.383863,True,True,10223.1708984375,9319.4326171875,9188.865234375,7740.28173828125,11581,9213
offline,ANU-25-summer-14_20260816_140000.mp4,2,1369,1,24.0,41.666666666666664,15.790193,0.0,1.391742,307.571147,35.100713,0.0,344.063602,359.853795,True,True,4560.71240234375,6542.30859375,3075.5107421875,5276.25830078125,8377,5449
offline,ANU-25-summer-14_20260816_140000.mp4,2,1370,1,24.0,41.666666666666664,16.632109,0.0,1.342669,315.96819,39.628415,0.0,356.939274,373.571383,True,True,7064.6318359375,7224.7626953125,4032.012451171875,4778.033203125,9424,5348
offline,ANU-25-summer-14_20260816_140000.mp4,2,1371,1,24.0,41.666666666666664,15.319735,0.0,1.373113,308.516301,35.239693,0.0,345.129107,360.44884199999996,True,True,8954.2177734375,7585.62744140625,5981.16748046875,6854.2802734375,9618,6725
offline,ANU-25-summer-14_20260816_140000.mp4,2,1372,1,24.0,41.666666666666664,16.559035,0.0,1.398928,315.483549,41.851036,0.0,358.733513,375.292548,True,True,7262.3310546875,7166.73828125,5711.72900390625,6521.4189453125,11276,9044
offline,ANU-25-summer-14_20260816_140000.mp4,2,1373,1,24.0,41.666666666666664,16.029375,0.0,1.325909,307.979327,32.5513,0.0,341.856536,357.885911,True,True,6661.783203125,7897.236328125,4451.609375,5811.515625,9521,5715
offline,ANU-25-summer-14_20260816_140000.mp4,2,1374,1,24.0,41.666666666666664,18.181571,0.0,1.451704,315.220311,35.215249,0.0,351.88726399999996,370.068835,True,True,1603.1314697265625,6868.37158203125,177.975341796875,5531.1005859375,6871,4160
offline,ANU-25-summer-14_20260816_140000.mp4,2,1375,1,24.0,41.666666666666664,18.939061,0.0,1.295465,315.378957,37.737347,0.0,354.411769,373.35083,True,True,5635.267578125,7991.15771484375,4263.716796875,6877.6484375,8627,6311
offline,ANU-25-summer-14_20260816_140000.mp4,2,1376,1,24.0,41.666666666666664,17.453561,0.0,1.435353,321.821452,38.4893,0.0,361.74610500000006,379.19966600000004,True,True,9355.796875,7916.298828125,7325.501953125,5748.4619140625,11708,8100
offline,ANU-25-summer-14_20260816_140000.mp4,2,1377,1,24.0,41.666666666666664,15.407476,0.0,1.376039,307.578906,32.712761,0.0,341.667706,357.075182,True,True,16881.2109375,3351.36865234375,12154.66796875,2414.8173828125,11093,6774
offline,ANU-25-summer-14_20260816_140000.mp4,2,1378,1,24.0,41.666666666666664,16.810069,0.0,1.353928,315.858396,39.968485,0.0,357.180809,373.990878,True,True,6737.1728515625,5719.650390625,5887.3525390625,4144.580078125,8964,6876
offline,ANU-25-summer-14_20260816_140000.mp4,2,1379,1,24.0,41.666666666666664,19.24965,0.0,1.31378,307.868421,39.029924,0.0,348.212125,367.461775,True,True,15525.880859375,8962.8525390625,11130.37890625,7657.5888671875,14544,11373
offline,ANU-25-summer-14_20260816_140000.mp4,2,1380,1,24.0,41.666666666666664,16.850068,0.0,1.308447,315.713212,38.139397,0.0,355.16105600000003,372.01112400000005,True,True,12652.638671875,5257.37890625,12190.2236328125,3703.8759765625,10621,8577
offline,ANU-25-summer-14_20260816_140000.mp4,2,1381,1,24.0,41.666666666666664,16.089227,0.0,1.490945,307.706572,38.749445,0.0,347.946962,364.036189,True,True,10279.8388671875,8104.302734375,8986.3896484375,6683.5380859375,10619,8171
offline,ANU-25-summer-14_20260816_140000.mp4,2,1382,1,24.0,41.666666666666664,16.895346,0.0,1.329965,315.480308,41.549188,0.0,358.359461,375.254807,True,True,11209.7890625,2781.58984375,10173.5419921875,2061.49072265625,9487,7854
offline,ANU-25-summer-14_20260816_140000.mp4,2,1383,1,24.0,41.666666666666664,15.543104,0.0,1.376538,308.98013,34.580941,0.0,344.93760899999995,360.4807129999999,True,True,10005.30859375,5070.0283203125,8747.34765625,4046.490966796875,9377,7228
offline,ANU-25-summer-14_20260816_140000.mp4,2,1384,1,24.0,41.666666666666664,16.80944,0.0,1.31978,316.04469,40.637274,0.0,358.001744,374.81118399999997,True,True,8634.91015625,8110.38671875,6582.59130859375,5477.00927734375,11429,7299
offline,ANU-25-summer-14_20260816_140000.mp4,2,1385,1,24.0,41.666666666666664,15.886081,0.0,1.361094,307.812811,35.336469,0.0,344.510374,360.396455,True,True,5279.6865234375,5816.5078125,4144.9560546875,4570.36328125,8236,5960
offline,ANU-25-summer-14_20260816_140000.mp4,2,1386,1,24.0,41.666666666666664,17.001307,0.0,1.336057,315.989451,37.858215,0.0,355.183723,372.18503,True,True,5305.30322265625,6834.9619140625,3165.441162109375,5277.130859375,10036,6294
offline,ANU-25-summer-14_20260816_140000.mp4,2,1387,1,24.0,41.666666666666664,19.806476,0.0,1.600239,306.976247,37.01567,0.0,345.592156,365.39863199999996,True,True,8580.353515625,9819.201171875,5809.05517578125,8318.5322265625,11371,8031
offline,ANU-25-summer-14_20260816_140000.mp4,2,1388,1,24.0,41.666666666666664,16.747681,0.0,1.311984,316.251003,42.338289,0.0,359.90127600000005,376.64895700000005,True,True,4740.3896484375,15989.6044921875,2436.844482421875,14782.896484375,12178,8763
offline,ANU-25-summer-14_20260816_140000.mp4,2,1389,1,24.0,41.666666666666664,15.802285,0.0,1.518222,309.375274,38.121008,0.0,349.014504,364.81678899999997,True,True,5784.38232421875,9320.013671875,4423.591796875,7775.98828125,10885,8218
offline,ANU-25-summer-14_20260816_140000.mp4,2,1390,1,24.0,41.666666666666664,16.831458,0.0,1.280725,316.591221,39.61849,0.0,357.49043600000005,374.32189400000004,True,True,12552.267578125,3553.0205078125,9852.951171875,2030.8427734375,11244,7348
offline,ANU-25-summer-14_20260816_140000.mp4,2,1391,1,24.0,41.666666666666664,15.617436,0.0,1.60185,308.418156,38.992442,0.0,349.012448,364.629884,True,True,15156.291015625,5491.35546875,12239.9189453125,4354.4833984375,14535,11151
offline,ANU-25-summer-14_20260816_140000.mp4,2,1392,1,24.0,41.666666666666664,16.848587,0.0,1.43252,317.311749,44.451634,0.0,363.19590300000004,380.04449000000005,True,True,21457.80078125,11599.5703125,17934.798828125,9312.953125,19102,14456
offline,ANU-25-summer-14_20260816_140000.mp4,2,1393,1,24.0,41.666666666666664,16.178374,0.0,1.307262,309.287293,39.891098,0.0,350.48565299999996,366.664027,True,True,18680.3125,6823.783203125,16990.6953125,6294.1025390625,14525,12193
offline,ANU-25-summer-14_20260816_140000.mp4,2,1394,1,24.0,41.666666666666664,16.483944,0.0,1.320946,323.676726,50.714723,0.0,375.71239499999996,392.19633899999997,True,True,14207.361328125,6478.5732421875,13170.099609375,5225.8994140625,13592,11281
offline,ANU-25-summer-14_20260816_140000.mp4,2,1395,1,24.0,41.666666666666664,17.201046,0.0,1.778978,316.255281,39.923449,0.0,357.957708,375.15875400000004,True,True,19228.533203125,11562.541015625,16957.546875,9862.2353515625,14577,11891
offline,ANU-25-summer-14_20260816_140000.mp4,2,1396,1,24.0,41.666666666666664,16.804922,0.0,1.342409,317.104289,44.142027,0.0,362.58872499999995,379.39364699999993,True,True,11129.1015625,18667.134765625,10636.14453125,17197.65625,13198,11339
offline,ANU-25-summer-14_20260816_140000.mp4,2,1397,1,24.0,41.666666666666664,16.155226,0.0,1.296558,308.875262,40.934881,0.0,351.10670100000004,367.261927,True,True,11562.3994140625,16840.279296875,11278.2744140625,14828.744140625,13309,11303
offline,ANU-25-summer-14_20260816_140000.mp4,2,1398,1,24.0,41.666666666666664,17.826983,0.0,1.37015,316.179264,42.444029,0.0,359.993443,377.820426,True,True,16062.3203125,11231.7109375,11916.76171875,9387.5859375,14050,11740
offline,ANU-25-summer-14_20260816_140000.mp4,2,1399,1,24.0,41.666666666666664,16.177577,0.0,1.627017,309.213091,42.829877,0.0,353.66998500000005,369.84756200000004,True,True,16468.51171875,13919.814453125,16034.90234375,13211.779296875,13995,12836
offline,ANU-25-summer-14_20260816_140000.mp4,2,1400,1,24.0,41.666666666666664,16.682015,0.0,1.366761,316.041729,44.384431,0.0,361.792921,378.47493599999996,True,True,18798.83203125,5711.158203125,17490.5546875,4747.51513671875,13441,11142
offline,ANU-25-summer-14_20260816_140000.mp4,2,1401,1,24.0,41.666666666666664,16.066523,0.0,1.302873,308.087382,37.007152,0.0,346.397407,362.46393,True,True,12397.630859375,12774.0380859375,10723.0732421875,12078.015625,12572,10632
offline,ANU-25-summer-14_20260816_140000.mp4,2,1402,1,24.0,41.666666666666664,16.896235,0.0,1.599795,316.893459,39.803599,0.0,358.296853,375.193088,True,True,5994.40234375,16004.89453125,4553.42138671875,14620.708984375,12250,9454
offline,ANU-25-summer-14_20260816_140000.mp4,2,1403,1,24.0,41.666666666666664,15.460771,0.0,1.65148,307.496816,35.53667,0.0,344.68496600000003,360.14573700000005,True,True,3596.537841796875,17816.099609375,2456.06298828125,17297.9609375,10841,9203
offline,ANU-25-summer-14_20260816_140000.mp4,2,1404,1,24.0,41.666666666666664,16.745107,0.0,1.335687,316.161782,41.635224,0.0,359.132693,375.87780000000004,True,True,7135.5107421875,14825.435546875,6561.22509765625,13501.2607421875,11779,9830
offline,ANU-25-summer-14_20260816_140000.mp4,2,1405,1,24.0,41.666666666666664,15.911988,0.0,1.314725,309.11213,34.821087,0.0,345.24794199999997,361.15993,True,True,7693.62060546875,17620.140625,6490.259765625,16520.5078125,9912,7548
offline,ANU-25-summer-14_20260816_140000.mp4,2,1406,1,24.0,41.666666666666664,16.668053,0.0,1.332317,315.754881,40.944659,0.0,358.031857,374.69991,True,True,4601.9345703125,14694.9072265625,3936.9501953125,11688.7265625,11267,7907
offline,ANU-25-summer-14_20260816_140000.mp4,2,1407,1,24.0,41.666666666666664,15.452938,0.0,1.657017,308.159993,36.377715,0.0,346.194725,361.647663,True,True,4139.64892578125,15916.177734375,3403.783203125,14722.8115234375,11287,9237
offline,ANU-25-summer-14_20260816_140000.mp4,2,1408,1,24.0,41.666666666666664,16.7497,0.0,1.424371,317.191344,40.013949,0.0,358.62966400000005,375.37936400000007,True,True,6728.88330078125,12746.05078125,6095.97216796875,10869.1884765625,10296,7889
offline,ANU-25-summer-14_20260816_140000.mp4,2,1409,1,24.0,41.666666666666664,15.79686,0.0,1.307336,308.213085,38.016473,0.0,347.536894,363.333754,True,True,8616.5625,16276.974609375,6540.7109375,13117.9619140625,14272,10044
offline,ANU-25-summer-14_20260816_140000.mp4,2,1410,1,24.0,41.666666666666664,16.923698,0.0,1.292262,317.077957,42.016405,0.0,360.38662400000004,377.31032200000004,True,True,6536.6240234375,13284.458984375,5871.0634765625,10200.37109375,12982,9715
offline,ANU-25-summer-14_20260816_140000.mp4,2,1411,1,24.0,41.666666666666664,15.63964,0.0,1.737886,308.233696,36.241495,0.0,346.213077,361.852717,True,True,8108.4111328125,13572.1923828125,6909.11962890625,11118.234375,13233,9813
offline,ANU-25-summer-14_20260816_140000.mp4,2,1412,1,24.0,41.666666666666664,16.653035,0.0,1.286355,316.677591,42.943042,0.0,360.906988,377.560023,True,True,4395.1630859375,14620.7119140625,3000.080810546875,12521.349609375,12600,9244
offline,ANU-25-summer-14_20260816_140000.mp4,2,1413,1,24.0,41.666666666666664,16.084301,0.0,1.318799,317.449563,48.403233,0.0,367.171595,383.255896,True,True,5585.98046875,14600.64453125,2983.3564453125,12536.794921875,13329,8962
offline,ANU-25-summer-14_20260816_140000.mp4,2,1414,1,24.0,41.666666666666664,24.277014,0.0,1.421371,319.313263,45.902635,0.0,366.637269,390.914283,True,True,7828.51513671875,13218.74609375,6198.32763671875,9872.9453125,14866,10821
offline,ANU-25-summer-14_20260816_140000.mp4,2,1415,1,24.0,41.666666666666664,15.374069,0.0,1.627388,308.114457,44.427171,0.0,354.169016,369.543085,True,True,8912.396484375,14069.958984375,7611.6171875,12260.4501953125,14109,10862
offline,ANU-25-summer-14_20260816_140000.mp4,2,1416,1,24.0,41.666666666666664,16.737385,0.0,1.340465,316.807887,43.860938,0.0,362.00928999999996,378.746675,True,True,17366.021484375,11891.9375,15078.35546875,9719.96484375,15975,11699
offline,ANU-25-summer-14_20260816_140000.mp4,2,1417,1,24.0,41.666666666666664,15.972783,0.0,1.338095,308.319139,42.388623,0.0,352.045857,368.01864,True,True,11993.935546875,11515.890625,9865.6748046875,9912.693359375,15994,13224
offline,ANU-25-summer-14_20260816_140000.mp4,2,1418,1,24.0,41.666666666666664,16.814384,0.0,1.34078,316.609334,41.565651,0.0,359.515765,376.330149,True,True,11730.388671875,15765.3056640625,9489.736328125,14874.267578125,14002,11392
offline,ANU-25-summer-14_20260816_140000.mp4,2,1419,1,24.0,41.666666666666664,15.526734,0.0,1.602258,308.697005,37.01443,0.0,347.313693,362.840427,True,True,16548.068359375,13404.466796875,16159.7861328125,11616.4287109375,13765,11950
offline,ANU-25-summer-14_20260816_140000.mp4,2,1420,1,24.0,41.666666666666664,16.684052,0.0,1.333428,315.795807,39.588065,0.0,356.7173,373.40135200000003,True,True,10021.54296875,7985.6162109375,7933.8828125,7048.994140625,11792,9061
offline,ANU-25-summer-14_20260816_140000.mp4,2,1421,1,24.0,41.666666666666664,16.774644,0.0,1.312817,308.243159,40.419776,0.0,349.975752,366.750396,True,True,13156.6044921875,7493.3740234375,12562.12890625,6605.62353515625,12448,11180
offline,ANU-25-summer-14_20260816_140000.mp4,2,1422,1,24.0,41.666666666666664,17.851279,0.0,1.30752,316.61337,44.789278,0.0,362.710168,380.561447,True,True,15173.2578125,9505.61328125,12355.599609375,7527.8583984375,15324,11489
offline,ANU-25-summer-14_20260816_140000.mp4,2,1423,1,24.0,41.666666666666664,15.270829,0.0,1.558165,308.224844,38.759297,0.0,348.542306,363.813135,True,True,6692.48486328125,17725.83203125,5884.322265625,16150.103515625,13585,11251
offline,ANU-25-summer-14_20260816_140000.mp4,2,1424,1,24.0,41.666666666666664,16.526461,0.0,1.360464,316.198709,42.599323,0.0,360.158496,376.684957,True,True,8269.314453125,10067.212890625,6856.5712890625,8853.837890625,11795,9309
offline,ANU-25-summer-14_20260816_140000.mp4,2,1425,1,24.0,41.666666666666664,16.525851,0.0,1.414389,308.239233,38.892,0.0,348.54562200000004,365.071473,True,True,15119.4560546875,9557.0673828125,11647.47265625,9106.421875,15204,11988
offline,ANU-25-summer-14_20260816_140000.mp4,2,1426,1,24.0,41.666666666666664,16.994141,0.0,1.31191,317.501044,43.189558,0.0,362.00251199999997,378.996653,True,True,13441.6015625,11685.494140625,11499.6953125,10863.455078125,13261,10765
offline,ANU-25-summer-14_20260816_140000.mp4,2,1427,1,24.0,41.666666666666664,15.513715,0.0,1.658979,309.442627,33.899006,0.0,345.000612,360.514327,True,True,5637.3076171875,6549.0302734375,4992.591796875,4822.51123046875,10180,7907
offline,ANU-25-summer-14_20260816_140000.mp4,2,1428,1,24.0,41.666666666666664,16.721293,0.0,1.33428,315.439608,41.40169,0.0,358.175578,374.896871,True,True,11452.82421875,7556.03125,10814.552734375,6414.396484375,11232,9597
offline,ANU-25-summer-14_20260816_140000.mp4,2,1429,1,24.0,41.666666666666664,16.221891,0.0,1.336428,309.706679,36.261754,0.0,347.304861,363.526752,True,True,11688.4609375,5937.75244140625,10648.869140625,4978.189453125,11515,9247
offline,ANU-25-summer-14_20260816_140000.mp4,2,1430,1,24.0,41.666666666666664,16.76207,0.0,1.320854,318.278109,38.975887,0.0,358.57484999999997,375.33691999999996,True,True,12692.6298828125,8720.1611328125,10624.0078125,5712.8388671875,12136,7414
offline,ANU-25-summer-14_20260816_140000.mp4,2,1431,1,24.0,41.666666666666664,15.590973,0.0,1.611332,308.927373,44.480912,0.0,355.019617,370.61059,True,True,16059.7451171875,9056.4296875,15045.416015625,7758.904296875,13022,11121
offline,ANU-25-summer-14_20260816_140000.mp4,2,1432,1,24.0,41.666666666666664,19.358908,0.0,1.830811,327.565642,42.181718,0.0,371.578171,390.937079,True,True,15847.4736328125,12437.9228515625,14676.19921875,11142.03515625,13389,11011
offline,ANU-25-summer-14_20260816_140000.mp4,2,1433,1,24.0,41.666666666666664,16.027487,0.0,1.29841,308.39264,36.199218,0.0,345.890268,361.917755,True,True,12522.16796875,13284.275390625,11245.9921875,11587.0966796875,12773,10131
offline,ANU-25-summer-14_20260816_140000.mp4,2,1434,1,24.0,41.666666666666664,16.944605,0.0,1.376779,316.430669,38.534356,0.0,356.341804,373.28640900000005,True,True,14378.0966796875,8037.0849609375,14182.91796875,5319.05322265625,10671,8472
offline,ANU-25-summer-14_20260816_140000.mp4,2,1435,1,24.0,41.666666666666664,15.899488,0.0,1.595499,309.28561,36.347697,0.0,347.228806,363.12829400000004,True,True,6324.42529296875,15916.2978515625,5964.580078125,15008.9951171875,10183,8707
offline,ANU-25-summer-14_20260816_140000.mp4,2,1436,1,24.0,41.666666666666664,16.989549,0.0,1.293984,317.572822,39.905839,0.0,358.772645,375.762194,True,True,8185.56396484375,16122.3359375,6768.052734375,13389.48046875,12148,8475
offline,ANU-25-summer-14_20260816_140000.mp4,2,1437,1,24.0,41.666666666666664,15.560641,0.0,1.511351,309.184852,34.439795,0.0,345.135998,360.69663899999995,True,True,8990.2587890625,8803.927734375,7646.44482421875,8560.447265625,9394,7788
offline,ANU-25-summer-14_20260816_140000.mp4,2,1438,1,24.0,41.666666666666664,16.931327,0.0,1.446853,317.806412,35.669539,0.0,354.922804,371.854131,True,True,27244.166015625,9090.5791015625,25420.875,8467.021484375,11612,9248
offline,ANU-25-summer-14_20260816_140000.mp4,2,1439,1,24.0,41.666666666666664,16.53224,0.0,1.577091,309.52194,36.930208,0.0,348.02923899999996,364.56147899999996,True,True,10974.3955078125,10417.876953125,9610.861328125,9017.9765625,11885,9569
offline,ANU-25-summer-14_20260816_140000.mp4,2,1440,1,24.0,41.666666666666664,16.934031,0.0,1.351669,317.100625,37.577923,0.0,356.030217,372.964248,True,True,15197.4287109375,9524.869140625,13275.45703125,3937.833984375,15094,8992
offline,ANU-25-summer-14_20260816_140000.mp4,2,1441,1,24.0,41.666666666666664,16.171096,0.0,1.353168,309.67755,36.407548,0.0,347.438266,363.609362,True,True,15224.4609375,7245.7080078125,14143.150390625,5650.94287109375,11153,8724
offline,ANU-25-summer-14_20260816_140000.mp4,2,1442,1,24.0,41.666666666666664,17.057159,0.0,1.387465,317.066385,41.132638,0.0,359.58648800000003,376.64364700000004,True,True,5605.357421875,6731.3115234375,4434.6396484375,5162.4912109375,8212,5694
offline,ANU-25-summer-14_20260816_140000.mp4,2,1443,1,24.0,41.666666666666664,15.458364,0.0,1.308465,309.65342,35.315229,0.0,346.277114,361.735478,True,True,6448.865234375,10009.830078125,5304.029296875,7871.1171875,10700,7797
offline,ANU-25-summer-14_20260816_140000.mp4,2,1444,1,24.0,41.666666666666664,16.89968,0.0,1.474389,316.500947,38.031176,0.0,356.006512,372.906192,True,True,12236.294921875,7423.1669921875,9658.853515625,4803.248046875,11558,7381
offline,ANU-25-summer-14_20260816_140000.mp4,2,1445,1,24.0,41.666666666666664,16.171892,0.0,1.363279,307.53778,39.64899,0.0,348.55004899999994,364.72194099999996,True,True,9200.134765625,13079.78515625,7933.41796875,11210.0439453125,11818,9300
offline,ANU-25-summer-14_20260816_140000.mp4,2,1446,1,24.0,41.666666666666664,16.649441,0.0,1.293114,318.879862,43.450276,0.0,363.623252,380.272693,True,True,14939.826171875,8767.462890625,11473.9619140625,7361.6728515625,14531,10246
offline,ANU-25-summer-14_20260816_140000.mp4,2,1447,1,24.0,41.666666666666664,15.574048,0.0,1.274595,307.732426,31.686144,0.0,340.69316499999996,356.26721299999997,True,True,6269.251953125,5142.35400390625,5536.5458984375,4086.988525390625,7795,5860
offline,ANU-25-summer-14_20260816_140000.mp4,2,1448,1,24.0,41.666666666666664,16.812662,0.0,1.344799,316.189562,41.348283,0.0,358.882644,375.695306,True,True,7709.59765625,7581.0712890625,6288.88623046875,5868.04296875,11248,8188
offline,ANU-25-summer-14_20260816_140000.mp4,2,1449,1,24.0,41.666666666666664,16.150225,0.0,1.299002,307.177896,33.41153,0.0,341.888428,358.03865299999995,True,True,7036.2802734375,3086.84423828125,6281.916015625,1810.1722412109375,7101,4986
offline,ANU-25-summer-14_20260816_140000.mp4,2,1450,1,24.0,41.666666666666664,17.098307,0.0,1.52187,322.252191,44.339394,0.0,368.11345499999993,385.2117619999999,True,True,5839.90966796875,2362.55810546875,3866.51318359375,1481.076904296875,6775,4071
offline,ANU-25-summer-14_20260816_140000.mp4,2,1451,1,24.0,41.666666666666664,15.568956,0.0,1.694423,314.0177,34.059911,0.0,349.77203399999996,365.34099,True,True,14053.08984375,1449.4189453125,11649.8330078125,766.4730224609375,8181,4978
offline,ANU-25-summer-14_20260816_140000.mp4,2,1452,1,24.0,41.666666666666664,20.131992,0.0,1.576147,316.265673,38.669039,0.0,356.510859,376.642851,True,True,8412.2275390625,5288.5908203125,6472.65478515625,3068.660400390625,9247,5974
offline,ANU-25-summer-14_20260816_140000.mp4,2,1453,1,24.0,41.666666666666664,16.03219,0.0,1.32254,308.757561,36.256384,0.0,346.33648500000004,362.36867500000005,True,True,9752.4404296875,9405.8515625,8341.513671875,5464.5771484375,10499,6717
offline,ANU-25-summer-14_20260816_140000.mp4,2,1454,1,24.0,41.666666666666664,17.115066,0.0,1.315724,316.971367,41.161675,0.0,359.448766,376.563832,True,True,8571.3466796875,5824.2158203125,7637.39306640625,5444.85546875,8160,6871
offline,ANU-25-summer-14_20260816_140000.mp4,2,1455,1,24.0,41.666666666666664,16.335538,0.0,1.579814,308.071144,33.575695,0.0,343.226653,359.562191,True,True,8244.802734375,7966.5244140625,6304.89453125,6809.5947265625,10669,7460
offline,ANU-25-summer-14_20260816_140000.mp4,2,1456,1,24.0,41.666666666666664,16.583647,0.0,1.633591,316.489244,40.563571,0.0,358.68640600000003,375.270053,True,True,7433.50634765625,8719.9482421875,5391.26953125,6669.43603515625,10370,6889
offline,ANU-25-summer-14_20260816_140000.mp4,2,1457,1,24.0,41.666666666666664,15.999506,0.0,1.333965,307.594725,40.040985,0.0,348.96967499999994,364.96918099999994,True,True,13373.8837890625,6367.822265625,11376.595703125,5106.794921875,12278,9484
offline,ANU-25-summer-14_20260816_140000.mp4,2,1458,1,24.0,41.666666666666664,16.623757,0.0,1.334206,315.962121,42.16957,0.0,359.46589700000004,376.08965400000005,True,True,20204.373046875,4671.8583984375,9709.576171875,4244.9267578125,11968,8376
offline,ANU-25-summer-14_20260816_140000.mp4,2,1459,1,24.0,41.666666666666664,19.107486,0.0,1.540426,307.568929,36.599343,0.0,345.708698,364.816184,True,True,8217.9677734375,11363.4033203125,6471.8369140625,10494.96484375,11944,9377
offline,ANU-25-summer-14_20260816_140000.mp4,2,1460,1,24.0,41.666666666666664,16.670349,0.0,1.697831,316.196063,40.629867,0.0,358.523761,375.19410999999997,True,True,8952.11328125,9979.6494140625,6017.4306640625,9438.607421875,11906,8931
offline,ANU-25-summer-14_20260816_140000.mp4,2,1461,1,24.0,41.666666666666664,15.842637,0.0,1.35902,307.895887,37.452851,0.0,346.707758,362.55039500000004,True,True,15576.9560546875,11162.0283203125,14591.0078125,9851.265625,11977,9819
offline,ANU-25-summer-14_20260816_140000.mp4,2,1462,1,24.0,41.666666666666664,16.69833,0.0,1.330632,316.92872,39.916691,0.0,358.176043,374.874373,True,True,6056.537109375,11452.134765625,5144.08544921875,10028.259765625,10190,8147
offline,ANU-25-summer-14_20260816_140000.mp4,2,1463,1,24.0,41.666666666666664,15.342532,0.0,1.574906,307.954906,31.784477,0.0,341.314289,356.656821,True,True,9891.376953125,5265.7998046875,9261.234375,3965.8212890625,7962,6104
offline,ANU-25-summer-14_20260816_140000.mp4,2,1464,1,24.0,41.666666666666664,16.644238,0.0,1.60711,316.401653,39.285347,0.0,357.29411,373.938348,True,True,9574.8740234375,9100.001953125,7930.8125,8507.7421875,10204,7834
offline,ANU-25-summer-14_20260816_140000.mp4,2,1465,1,24.0,41.666666666666664,16.760922,0.0,1.279799,307.573003,37.905216,0.0,346.75801800000005,363.51894000000004,True,True,7066.54296875,9701.873046875,6291.31494140625,8106.546875,10103,7685
offline,ANU-25-summer-14_20260816_140000.mp4,2,1466,1,24.0,41.666666666666664,16.81218,0.0,1.317706,316.710057,38.831686,0.0,356.859449,373.671629,True,True,7838.9013671875,9039.27734375,6154.62158203125,6719.0869140625,11434,8109
offline,ANU-25-summer-14_20260816_140000.mp4,2,1467,1,24.0,41.666666666666664,15.403439,0.0,1.600851,308.572491,36.964727,0.0,347.138069,362.54150799999996,True,True,5190.32861328125,8289.9052734375,4087.5126953125,6646.06787109375,10295,7512
offline,ANU-25-summer-14_20260816_140000.mp4,2,1468,1,24.0,41.666666666666664,17.255879,0.0,1.645313,316.297617,42.156922,0.0,360.099852,377.355731,True,True,7316.994140625,14388.8427734375,4870.599609375,12848.4921875,13478,9853
offline,ANU-25-summer-14_20260816_140000.mp4,2,1469,1,24.0,41.666666666666664,16.088782,0.0,1.385557,315.246075,43.017282,0.0,359.64891400000005,375.737696,True,True,6644.5732421875,13820.021484375,5967.53125,11080.65234375,13009,10018
offline,ANU-25-summer-14_20260816_140000.mp4,2,1470,1,24.0,41.666666666666664,16.848514,0.0,1.517518,325.007639,41.28834,0.0,367.813497,384.662011,True,True,9903.943359375,8205.5751953125,8147.12890625,7434.890625,11966,9840
offline,ANU-25-summer-14_20260816_140000.mp4,2,1471,1,24.0,41.666666666666664,19.901105,0.0,1.582888,307.933554,36.202218,0.0,345.71866000000006,365.61976500000003,True,True,9993.1162109375,6450.62255859375,9537.876953125,5662.52783203125,10695,9536
offline,ANU-25-summer-14_20260816_140000.mp4,2,1472,1,24.0,41.666666666666664,19.235132,0.0,1.58461,315.635977,43.091429,0.0,360.312016,379.54714800000005,True,True,7528.94775390625,7802.529296875,6696.40283203125,7033.1953125,10522,8899
offline,ANU-25-summer-14_20260816_140000.mp4,2,1473,1,24.0,41.666666666666664,18.586455,0.0,1.699257,307.299914,40.505424,0.0,349.504595,368.09105,True,True,11045.572265625,11203.259765625,8713.84375,10272.873046875,13499,10427
offline,ANU-25-summer-14_20260816_140000.mp4,2,1474,1,24.0,41.666666666666664,19.476537,0.0,1.619258,325.330931,40.747292,0.0,367.69748100000004,387.17401800000005,True,True,11129.6123046875,8630.794921875,9707.044921875,6693.2900390625,11313,8658
offline,ANU-25-summer-14_20260816_140000.mp4,2,1475,1,24.0,41.666666666666664,19.101448,0.0,1.373372,309.269168,35.287859,0.0,345.93039899999997,365.03184699999997,True,True,10216.0859375,5910.240234375,7336.19873046875,4358.9375,11056,7119
offline,ANU-25-summer-14_20260816_140000.mp4,2,1476,1,24.0,41.666666666666664,17.069492,0.0,1.768274,316.231655,42.260939,0.0,360.260868,377.33036000000004,True,True,9447.62109375,12272.0283203125,7546.9873046875,9842.5625,12903,9732
offline,ANU-25-summer-14_20260816_140000.mp4,2,1477,1,24.0,41.666666666666664,16.172244,0.0,1.677053,308.291995,39.182867,0.0,349.151915,365.32415899999995,True,True,9667.12109375,17387.669921875,9115.7939453125,14841.302734375,12616,10058
offline,ANU-25-summer-14_20260816_140000.mp4,2,1478,1,24.0,41.666666666666664,16.786366,0.0,1.642961,320.109755,42.689045,0.0,364.44176100000004,381.22812700000003,True,True,11028.509765625,12807.197265625,9962.171875,11518.71875,11556,9009
offline,ANU-25-summer-14_20260816_140000.mp4,2,1479,1,24.0,41.666666666666664,16.922475,0.0,1.790977,311.542084,44.834296,0.0,358.167357,375.089832,True,True,21331.833984375,7538.39453125,18700.27734375,6528.25341796875,14958,11210
offline,ANU-25-summer-14_20260816_140000.mp4,2,1480,1,24.0,41.666666666666664,16.551443,0.0,1.301965,319.088379,43.005208,0.0,363.39555199999995,379.94699499999996,True,True,13203.642578125,13434.80859375,11898.669921875,11079.55078125,14635,11306
offline,ANU-25-summer-14_20260816_140000.mp4,2,1481,1,24.0,41.666666666666664,16.058745,0.0,1.667849,311.628972,42.809469,0.0,356.10628999999994,372.16503499999993,True,True,11011.2197265625,14272.64453125,10101.4970703125,12497.85546875,15046,12710
offline,ANU-25-summer-14_20260816_140000.mp4,2,1482,1,24.0,41.666666666666664,17.013549,0.0,1.718682,319.37595,44.578521,0.0,365.673153,382.686702,True,True,13186.1015625,16712.52734375,11310.6337890625,15237.439453125,16158,12917
offline,ANU-25-summer-14_20260816_140000.mp4,2,1483,1,24.0,41.666666666666664,15.258107,0.0,1.375576,310.414024,43.102281,0.0,354.891881,370.149988,True,True,8802.9677734375,12704.38671875,7984.1298828125,11281.7861328125,12282,10254
offline,ANU-25-summer-14_20260816_140000.mp4,2,1484,1,24.0,41.666666666666664,16.637016,0.0,1.731405,330.859123,48.855487,0.0,381.446015,398.083031,True,True,15101.0771484375,8303.693359375,12664.4326171875,6504.92138671875,15376,11677
offline,ANU-25-summer-14_20260816_140000.mp4,2,1485,1,24.0,41.666666666666664,16.933475,0.0,1.775015,310.533763,47.424486,0.0,359.733264,376.666739,True,True,11981.33203125,9129.337890625,11099.013671875,7929.7626953125,13513,11454
offline,ANU-25-summer-14_20260816_140000.mp4,2,1486,1,24.0,41.666666666666664,16.7122,0.0,1.35278,318.450536,43.577182,0.0,363.380498,380.092698,True,True,13722.869140625,6115.9296875,12169.7314453125,5683.2802734375,12433,10497
offline,ANU-25-summer-14_20260816_140000.mp4,2,1487,1,24.0,41.666666666666664,15.400457,0.0,1.335224,308.329773,37.208613,0.0,346.87361,362.274067,True,True,11365.912109375,8720.25390625,10112.720703125,7498.099609375,12823,10366
offline,ANU-25-summer-14_20260816_140000.mp4,2,1488,1,24.0,41.666666666666664,16.868643,0.0,1.663146,330.207946,37.260502,0.0,369.13159399999995,386.00023699999997,True,True,8502.515625,11327.1748046875,6178.2587890625,9022.337890625,12823,8263
offline,ANU-25-summer-14_20260816_140000.mp4,2,1489,1,24.0,41.666666666666664,15.961432,0.0,1.663831,307.808853,36.495622,0.0,345.968306,361.929738,True,True,7583.57568359375,7290.50830078125,6138.9931640625,6247.28564453125,9437,7167
offline,ANU-25-summer-14_20260816_140000.mp4,2,1490,1,24.0,41.666666666666664,16.972715,0.0,1.639573,315.624312,41.628318,0.0,358.89220299999994,375.86491799999993,True,True,9530.55078125,12379.59375,8469.353515625,12156.046875,10123,8780
offline,ANU-25-summer-14_20260816_140000.mp4,2,1491,1,24.0,41.666666666666664,15.44616,0.0,1.406001,311.1867,46.925956,0.0,359.51865699999996,374.964817,True,True,9886.58203125,6935.0615234375,9022.048828125,5823.794921875,11432,9609
offline,ANU-25-summer-14_20260816_140000.mp4,2,1492,1,24.0,41.666666666666664,18.508641,0.0,1.691016,319.609411,36.452455,0.0,357.752882,376.261523,True,True,14410.71875,3527.96240234375,11061.962890625,1490.6807861328125,10431,6629
offline,ANU-25-summer-14_20260816_140000.mp4,2,1493,1,24.0,41.666666666666664,16.153726,0.0,1.623795,308.165016,35.571708,0.0,345.36051899999995,361.51424499999996,True,True,4831.17626953125,7212.611328125,3815.21240234375,6089.171875,10361,7945
offline,ANU-25-summer-14_20260816_140000.mp4,2,1494,1,24.0,41.666666666666664,16.704737,0.0,1.531796,317.957134,38.807557,0.0,358.29648699999996,375.001224,True,True,2978.068603515625,10598.55859375,2064.6533203125,8781.703125,9557,6639
offline,ANU-25-summer-14_20260816_140000.mp4,2,1495,1,24.0,41.666666666666664,14.925556,0.0,1.30628,309.981011,36.728045,0.0,348.01533600000005,362.9408920000001,True,True,10872.265625,11372.6982421875,8715.765625,10524.462890625,11204,8192
offline,ANU-25-summer-14_20260816_140000.mp4,2,1496,1,24.0,41.666666666666664,16.438926,0.0,1.595387,318.17778,40.897771,0.0,360.670938,377.10986399999996,True,True,10737.9326171875,11886.353515625,8279.1650390625,9889.1162109375,12215,7962
offline,ANU-25-summer-14_20260816_140000.mp4,2,1497,1,24.0,41.666666666666664,16.120597,0.0,1.57137,307.856131,38.881185,0.0,348.308686,364.429283,True,True,6986.9345703125,11349.0419921875,5540.9267578125,8887.5078125,12328,9307
offline,ANU-25-summer-14_20260816_140000.mp4,2,1498,1,24.0,41.666666666666664,17.058492,0.0,1.567499,316.089084,43.226149,0.0,360.88273200000003,377.94122400000003,True,True,9355.328125,7485.17431640625,6207.7158203125,6096.33349609375,10611,7672
offline,ANU-25-summer-14_20260816_140000.mp4,2,1499,1,24.0,41.666666666666664,16.08156,0.0,1.335502,308.143738,35.416469,0.0,344.895709,360.97726900000004,True,True,13500.3525390625,7478.107421875,11632.75390625,6387.8134765625,12447,9225
offline,ANU-25-summer-14_20260816_140000.mp4,2,1500,1,24.0,41.666666666666664,16.908346,0.0,1.509666,316.963537,42.655879,0.0,361.1290819999999,378.0374279999999,True,True,16235.134765625,7500.90771484375,14047.111328125,5134.2939453125,13057,9096
offline,ANU-25-summer-14_20260816_140000.mp4,2,1501,1,24.0,41.666666666666664,15.991228,0.0,1.589295,308.127498,37.107911,0.0,346.824704,362.815932,True,True,4099.4091796875,11197.943359375,3256.9765625,9215.435546875,10927,8095
offline,ANU-25-summer-14_20260816_140000.mp4,2,1502,1,24.0,41.666666666666664,16.947383,0.0,1.559092,316.039122,37.174706,0.0,354.77292000000006,371.72030300000006,True,True,8218.919921875,6053.73046875,7114.95703125,3841.823486328125,9492,6418
offline,ANU-25-summer-14_20260816_140000.mp4,2,1503,1,24.0,41.666666666666664,16.175078,0.0,1.330206,308.001111,35.239156,0.0,344.57047299999994,360.7455509999999,True,True,6416.80224609375,5727.98583984375,5659.044921875,4876.0390625,8137,6522
offline,ANU-25-summer-14_20260816_140000.mp4,2,1504,1,24.0,41.666666666666664,19.243817,0.0,1.542092,315.744866,35.634355,0.0,352.92131300000005,372.16513000000003,True,True,9583.0185546875,6248.361328125,8351.2587890625,4138.63720703125,10519,7004
offline,ANU-25-summer-14_20260816_140000.mp4,2,1505,1,24.0,41.666666666666664,19.268706,0.0,1.781311,308.810823,35.314081,0.0,345.90621500000003,365.17492100000004,True,True,12675.275390625,6150.44189453125,9947.291015625,4313.8701171875,12032,7908
offline,ANU-25-summer-14_20260816_140000.mp4,2,1506,1,24.0,41.666666666666664,17.233305,0.0,1.531889,321.387908,50.04801,0.0,372.96780699999994,390.20111199999997,True,True,6171.5595703125,10831.931640625,5559.20068359375,9348.470703125,10827,8724
offline,ANU-25-summer-14_20260816_140000.mp4,2,1507,1,24.0,41.666666666666664,16.63659,0.0,1.222559,317.170256,36.252866,0.0,354.64568099999997,371.282271,True,True,10889.20703125,11620.8095703125,8131.3623046875,10225.625,12690,8878
offline,ANU-25-summer-14_20260816_140000.mp4,2,1508,1,24.0,41.666666666666664,16.556369,0.0,1.566184,316.0814,43.410184,0.0,361.057768,377.614137,True,True,9433.6162109375,10531.71484375,7655.6025390625,9403.630859375,12239,9636
offline,ANU-25-summer-14_20260816_140000.mp4,2,1509,1,24.0,41.666666666666664,15.813304,0.0,1.279243,308.168553,37.172466,0.0,346.62026199999997,362.433566,True,True,13502.4462890625,4810.5751953125,11077.29296875,4137.279296875,10420,8067
offline,ANU-25-summer-14_20260816_140000.mp4,2,1510,1,24.0,41.666666666666664,16.068467,0.0,1.717849,315.730293,39.68962,0.0,357.137762,373.206229,True,True,9005.8125,2040.2708740234375,5733.720703125,1153.5638427734375,9810,5344
offline,ANU-25-summer-14_20260816_140000.mp4,2,1511,1,24.0,41.666666666666664,16.837718,0.0,1.809978,308.96308,36.115516,0.0,346.888574,363.726292,True,True,6943.35400390625,6774.74658203125,5497.8017578125,5941.826171875,10027,7819
offline,ANU-25-summer-14_20260816_140000.mp4,2,1512,1,24.0,41.666666666666664,17.061863,0.0,1.596035,317.25857,39.323698,0.0,358.17830299999997,375.240166,True,True,820.7808837890625,7696.3203125,526.63037109375,6544.3173828125,6207,4786
offline,ANU-25-summer-14_20260816_140000.mp4,2,1513,1,24.0,41.666666666666664,15.476919,0.0,1.648683,308.762324,36.181145,0.0,346.592152,362.069071,True,True,4582.099609375,12711.9931640625,3750.6318359375,11085.23046875,9965,7995
offline,ANU-25-summer-14_20260816_140000.mp4,2,1514,1,24.0,41.666666666666664,16.629553,0.0,1.558369,316.638856,37.213909,0.0,355.411134,372.040687,True,True,2475.0361328125,9009.6923828125,2266.86962890625,7201.044921875,7163,5484
offline,ANU-25-summer-14_20260816_140000.mp4,2,1515,1,24.0,41.666666666666664,15.743713,0.0,1.713775,308.429532,34.57735,0.0,344.720657,360.46437000000003,True,True,4790.2041015625,9774.123046875,3520.068359375,7579.56201171875,9047,5705
offline,ANU-25-summer-14_20260816_140000.mp4,2,1516,1,24.0,41.666666666666664,17.023252,0.0,1.566425,315.837662,40.047041,0.0,357.451128,374.47438,True,True,8314.6533203125,6039.3330078125,6045.484375,4479.72021484375,10853,7150
offline,ANU-25-summer-14_20260816_140000.mp4,2,1517,1,24.0,41.666666666666664,16.185392,0.0,1.603962,308.150146,37.848994,0.0,347.60310200000004,363.788494,True,True,6738.72265625,8261.505859375,5197.466796875,6222.76025390625,10577,7618
offline,ANU-25-summer-14_20260816_140000.mp4,2,1518,1,24.0,41.666666666666664,16.679257,0.0,1.579906,316.260194,40.872976,0.0,358.713076,375.392333,True,True,8805.6240234375,7340.67822265625,8472.728515625,5607.05322265625,11400,9157
offline,ANU-25-summer-14_20260816_140000.mp4,2,1519,1,24.0,41.666666666666664,15.96008,0.0,1.346984,308.874823,34.393093,0.0,344.61490000000003,360.57498000000004,True,True,9331.609375,7401.55224609375,7375.46044921875,6254.5048828125,10005,7143
offline,ANU-25-summer-14_20260816_140000.mp4,2,1520,1,24.0,41.666666666666664,17.606652,0.0,1.515204,316.861761,39.758193,0.0,358.135158,375.74181,True,True,9782.6845703125,6918.9931640625,8530.25,5656.38916015625,9433,7053
offline,ANU-25-summer-14_20260816_140000.mp4,2,1521,1,24.0,41.666666666666664,16.132856,0.0,1.662109,308.958284,39.693101,0.0,350.313494,366.44635,True,True,8399.3095703125,9475.3046875,6232.8681640625,6905.25,12391,8511
offline,ANU-25-summer-14_20260816_140000.mp4,2,1522,1,24.0,41.666666666666664,16.618294,0.0,1.612776,315.638035,37.888679,0.0,355.13949,371.757784,True,True,5952.34033203125,9835.61328125,4503.88818359375,7428.32080078125,9631,6172
offline,ANU-25-summer-14_20260816_140000.mp4,2,1523,1,24.0,41.666666666666664,16.024413,0.0,1.656368,307.655171,35.108454,0.0,344.419993,360.44440599999996,True,True,3264.524658203125,5655.62548828125,2061.623779296875,4728.64404296875,7339,5238
offline,ANU-25-summer-14_20260816_140000.mp4,2,1524,1,24.0,41.666666666666664,17.357896,0.0,1.640332,315.696349,34.198336,0.0,351.535017,368.89291299999996,True,True,8260.2412109375,2880.0537109375,7049.275390625,1704.84619140625,6671,4666
offline,ANU-25-summer-14_20260816_140000.mp4,2,1525,1,24.0,41.666666666666664,16.128375,0.0,1.636757,313.658578,39.722008,0.0,355.017343,371.145718,True,True,7024.49169921875,6071.234375,3304.36865234375,3648.046875,10293,5398
offline,ANU-25-summer-14_20260816_140000.mp4,2,1526,1,24.0,41.666666666666664,16.758459,0.0,1.51887,323.444995,41.574892,0.0,366.538757,383.297216,True,True,9853.7919921875,9803.728515625,6997.6728515625,8318.41015625,11760,7950
offline,ANU-25-summer-14_20260816_140000.mp4,2,1527,1,24.0,41.666666666666664,15.922155,0.0,1.639591,309.899922,36.921154,0.0,348.460667,364.382822,True,True,7375.9599609375,6042.677734375,4558.23828125,4770.87890625,10434,6541
offline,ANU-25-summer-14_20260816_140000.mp4,2,1528,1,24.0,41.666666666666664,19.111486,0.0,1.545258,315.400519,42.95132,0.0,359.897097,379.008583,True,True,5957.95703125,9672.408203125,4358.75439453125,8013.93115234375,12642,9155
offline,ANU-25-summer-14_20260816_140000.mp4,2,1529,1,24.0,41.666666666666664,15.715416,0.0,1.577296,307.689097,37.261502,0.0,346.527895,362.243311,True,True,10866.9345703125,10605.6748046875,9287.55078125,8992.6123046875,11854,9205
offline,ANU-25-summer-14_20260816_140000.mp4,2,1530,1,24.0,41.666666666666664,16.344038,0.0,1.621036,315.355946,36.891413,0.0,353.868395,370.21243300000003,True,True,5677.7666015625,3506.951171875,4584.96240234375,3060.17578125,6698,5318
offline,ANU-25-summer-14_20260816_140000.mp4,2,1531,1,24.0,41.666666666666664,16.131967,0.0,1.599166,308.178535,34.557461,0.0,344.335162,360.467129,True,True,16759.763671875,6813.2021484375,15290.9296875,4889.3466796875,11714,8705
offline,ANU-25-summer-14_20260816_140000.mp4,2,1532,1,24.0,41.666666666666664,16.603331,0.0,1.581629,315.027339,40.628923,0.0,357.237891,373.841222,True,True,4193.69091796875,15790.5888671875,3717.525390625,13569.7568359375,11941,9579
offline,ANU-25-summer-14_20260816_140000.mp4,2,1533,1,24.0,41.666666666666664,16.004968,0.0,1.56187,307.82991,36.13496,0.0,345.52673999999996,361.531708,True,True,7010.466796875,12747.478515625,5937.39306640625,11674.2978515625,10872,8831
offline,ANU-25-summer-14_20260816_140000.mp4,2,1534,1,24.0,41.666666666666664,16.64796,0.0,1.556574,315.933421,39.089645,0.0,356.57964000000004,373.22760000000005,True,True,11174.8896484375,7927.3740234375,8193.3876953125,6898.41162109375,12766,9001
offline,ANU-25-summer-14_20260816_140000.mp4,2,1535,1,24.0,41.666666666666664,16.14156,0.0,1.62185,309.212541,37.086318,0.0,347.920709,364.062269,True,True,5806.04052734375,11857.11328125,4744.62890625,10975.29296875,10786,9047
offline,ANU-25-summer-14_20260816_140000.mp4,2,1536,1,24.0,41.666666666666664,17.050215,0.0,1.520296,315.170875,41.442875,0.0,358.134046,375.184261,True,True,6321.232421875,10137.654296875,4147.0556640625,8161.859375,12181,8642
offline,ANU-25-summer-14_20260816_140000.mp4,2,1537,1,24.0,41.666666666666664,16.124578,0.0,1.249984,308.024278,38.905166,0.0,348.179428,364.30400599999996,True,True,4050.072265625,11085.423828125,3005.55712890625,8856.341796875,11738,8687
offline,ANU-25-summer-14_20260816_140000.mp4,2,1538,1,24.0,41.666666666666664,16.675738,0.0,1.592184,316.60158,43.340056,0.0,361.53382,378.209558,True,True,7948.302734375,15496.40625,5021.58837890625,13179.9501953125,15983,11641
offline,ANU-25-summer-14_20260816_140000.mp4,2,1539,1,24.0,41.666666666666664,15.69438,0.0,1.645794,308.089777,36.215681,0.0,345.95125200000007,361.6456320000001,True,True,9919.9375,7084.833984375,8752.017578125,5115.583984375,11900,8394
offline,ANU-25-summer-14_20260816_140000.mp4,2,1540,1,24.0,41.666666666666664,17.0299,0.0,1.588925,316.050216,40.748458,0.0,358.387599,375.417499,True,True,9744.310546875,8073.24658203125,8706.857421875,5012.83349609375,13327,9724
offline,ANU-25-summer-14_20260816_140000.mp4,2,1541,1,24.0,41.666666666666664,17.381581,0.0,1.512648,308.058334,38.009474,0.0,347.580456,364.962037,True,True,10250.443359375,5376.40380859375,9436.1513671875,3485.188720703125,12125,9417
offline,ANU-25-summer-14_20260816_140000.mp4,2,1542,1,24.0,41.666666666666664,16.350927,0.0,1.617405,316.102197,38.485709,0.0,356.205311,372.556238,True,True,8121.833984375,4960.244140625,7260.41455078125,4234.7998046875,8364,6575
offline,ANU-25-summer-14_20260816_140000.mp4,2,1543,1,24.0,41.666666666666664,15.620251,0.0,1.694868,307.335879,38.883611,0.0,347.914358,363.534609,True,True,6728.39697265625,10037.16796875,5551.095703125,8849.984375,11498,9168
offline,ANU-25-summer-14_20260816_140000.mp4,2,1544,1,24.0,41.666666666666664,16.859125,0.0,1.566259,321.939977,48.557677,0.0,372.063913,388.923038,True,True,10683.5703125,6293.345703125,6816.36376953125,3669.221923828125,12506,7899
offline,ANU-25-summer-14_20260816_140000.mp4,2,1545,1,24.0,41.666666666666664,14.837871,0.0,1.580814,316.258047,44.08914,0.0,361.92800099999994,376.76587199999994,True,True,10245.716796875,10502.216796875,8802.77734375,8128.73291015625,14141,11336
offline,ANU-25-summer-14_20260816_140000.mp4,2,1546,1,24.0,41.666666666666664,16.455055,0.0,1.362279,316.886966,44.827908,0.0,363.07715299999995,379.53220799999997,True,True,8859.162109375,9648.970703125,8020.353515625,7301.3232421875,11815,8896
offline,ANU-25-summer-14_20260816_140000.mp4,2,1547,1,24.0,41.666666666666664,15.929525,0.0,1.395631,308.084871,35.209045,0.0,344.689547,360.619072,True,True,4666.607421875,10893.451171875,3089.299072265625,9275.283203125,9685,6389
offline,ANU-25-summer-14_20260816_140000.mp4,2,1548,1,24.0,41.666666666666664,16.961161,0.0,1.35552,316.104993,42.932339,0.0,360.392852,377.354013,True,True,6964.6962890625,12917.953125,6530.5341796875,10298.681640625,13239,10967
offline,ANU-25-summer-14_20260816_140000.mp4,2,1549,1,24.0,41.666666666666664,15.806638,0.0,1.433426,308.822306,38.211453,0.0,348.46718500000003,364.27382300000005,True,True,10635.33203125,9965.849609375,9108.263671875,8304.037109375,14111,11275
offline,ANU-25-summer-14_20260816_140000.mp4,2,1550,1,24.0,41.666666666666664,16.765848,0.0,1.588091,316.110086,39.450271,0.0,357.14844800000003,373.91429600000004,True,True,6656.6357421875,7194.18359375,4689.53271484375,5776.87890625,10130,7171
offline,ANU-25-summer-14_20260816_140000.mp4,2,1551,1,24.0,41.666666666666664,16.593017,0.0,1.657072,309.628167,41.338322,0.0,352.62356100000005,369.216578,True,True,6679.2138671875,8146.47021484375,5750.8564453125,7297.1552734375,11050,9448
offline,ANU-25-summer-14_20260816_140000.mp4,2,1552,1,24.0,41.666666666666664,16.559906,0.0,1.331668,316.083531,44.292341,0.0,361.70754,378.267446,True,True,7778.1630859375,12078.6357421875,4721.244140625,10361.1220703125,14863,10712
offline,ANU-25-summer-14_20260816_140000.mp4,2,1553,1,24.0,41.666666666666664,15.182793,0.0,1.29941,308.694029,35.343452,0.0,345.33689100000004,360.51968400000004,True,True,7478.41796875,8153.6064453125,6182.9150390625,6803.05322265625,11205,8410
offline,ANU-25-summer-14_20260816_140000.mp4,2,1554,1,24.0,41.666666666666664,16.239744,0.0,1.775533,316.285325,43.086967,0.0,361.147825,377.387569,True,True,5817.1240234375,6173.63818359375,4678.61279296875,4549.4248046875,9840,6962
offline,ANU-25-summer-14_20260816_140000.mp4,2,1555,1,24.0,41.666666666666664,16.527684,0.0,1.480741,308.073019,39.761989,0.0,349.315749,365.843433,True,True,6169.779296875,8274.7841796875,4531.3740234375,7278.7578125,11539,8513
offline,ANU-25-summer-14_20260816_140000.mp4,2,1556,1,24.0,41.666666666666664,19.793052,0.0,1.320039,316.396416,40.794366,0.0,358.51082099999996,378.30387299999995,True,True,5451.8544921875,12819.3828125,4138.66845703125,10601.4765625,11629,8909
offline,ANU-25-summer-14_20260816_140000.mp4,2,1557,1,24.0,41.666666666666664,15.482882,0.0,1.371594,308.749344,41.39884,0.0,351.51977800000003,367.00266000000005,True,True,6818.49169921875,17418.8828125,6066.3017578125,15075.01171875,15009,12208
offline,ANU-25-summer-14_20260816_140000.mp4,2,1558,1,24.0,41.666666666666664,17.248416,0.0,1.493129,315.992255,48.365827,0.0,365.85121100000003,383.09962700000005,True,True,8715.9814453125,16418.259765625,7553.2841796875,15144.5263671875,15221,12819
offline,ANU-25-summer-14_20260816_140000.mp4,2,1559,1,24.0,41.666666666666664,16.09056,0.0,1.29778,308.824733,38.754872,0.0,348.87738499999995,364.96794499999993,True,True,8588.57421875,12553.333984375,7617.64990234375,11608.4267578125,11851,10084
offline,ANU-25-summer-14_20260816_140000.mp4,2,1560,1,24.0,41.666666666666664,17.160584,0.0,1.316466,315.620666,39.914098,0.0,356.85123000000004,374.0118140000001,True,True,15322.98828125,5972.65771484375,13892.841796875,4875.7783203125,12008,9538
offline,ANU-25-summer-14_20260816_140000.mp4,2,1561,1,24.0,41.666666666666664,18.410716,0.0,1.396316,307.767597,34.471629,0.0,343.63554200000004,362.046258,True,True,6406.1435546875,6152.970703125,5559.41748046875,4611.8076171875,8529,6232
offline,ANU-25-summer-14_20260816_140000.mp4,2,1562,1,24.0,41.666666666666664,17.016105,0.0,1.562907,315.078229,43.508295,0.0,360.149431,377.165536,True,True,7805.58642578125,8355.9765625,6236.4609375,6260.09228515625,11869,8516
offline,ANU-25-summer-14_20260816_140000.mp4,2,1563,1,24.0,41.666666666666664,15.96058,0.0,1.310706,313.874633,44.994683,0.0,360.180022,376.140602,True,True,10153.1083984375,9274.248046875,8555.19921875,8111.22119140625,12838,10071
offline,ANU-25-summer-14_20260816_140000.mp4,2,1564,1,24.0,41.666666666666664,22.255243,0.0,1.916698,321.061358,41.640096,0.0,364.618152,386.873395,True,True,8828.4833984375,10690.4462890625,7489.8076171875,8444.296875,13397,9741
offline,ANU-25-summer-14_20260816_140000.mp4,2,1565,1,24.0,41.666666666666664,15.435123,0.0,1.397872,307.587933,33.447642,0.0,342.433447,357.86857,True,True,5638.490234375,4603.13671875,3951.37890625,4239.09326171875,7983,6150
offline,ANU-25-summer-14_20260816_140000.mp4,2,1566,1,24.0,41.666666666666664,18.719064,0.0,1.553888,315.14245,40.484036,0.0,357.180374,375.899438,True,True,7010.3828125,3590.4501953125,5325.71484375,3154.390380859375,9515,7416
offline,ANU-25-summer-14_20260816_140000.mp4,2,1567,1,24.0,41.666666666666664,16.061913,0.0,1.286188,308.396294,37.890698,0.0,347.57318,363.635093,True,True,13761.5205078125,6120.408203125,8933.5966796875,5322.73046875,12762,7770
offline,ANU-25-summer-14_20260816_140000.mp4,2,1568,1,24.0,41.666666666666664,17.951778,0.0,1.611943,315.666333,44.992443,0.0,362.270719,380.222497,True,True,12986.029296875,9614.892578125,11195.111328125,8353.033203125,15634,12495
offline,ANU-25-summer-14_20260816_140000.mp4,2,1569,1,24.0,41.666666666666664,16.400353,0.0,1.285892,308.147889,40.537591,0.0,349.97137200000003,366.371725,True,True,14805.8876953125,11464.90234375,12902.923828125,9226.880859375,14374,11059
offline,ANU-25-summer-14_20260816_140000.mp4,2,1570,1,24.0,41.666666666666664,16.847477,0.0,1.545981,315.185321,39.901821,0.0,356.63312299999996,373.4806,True,True,6054.44970703125,12144.951171875,5297.42919921875,11308.7666015625,11778,9883
offline,ANU-25-summer-14_20260816_140000.mp4,2,1571,1,24.0,41.666666666666664,16.992568,0.0,1.353354,308.225092,35.366396,0.0,344.94484200000005,361.93741000000006,True,True,11388.27734375,12725.2958984375,10241.1259765625,11737.56640625,13696,11623
offline,ANU-25-summer-14_20260816_140000.mp4,2,1572,1,24.0,41.666666666666664,16.926809,0.0,1.556166,316.344418,39.867044,0.0,357.76762800000006,374.69443700000005,True,True,7205.74169921875,11055.0400390625,6160.8720703125,9367.6953125,12899,9946
offline,ANU-25-summer-14_20260816_140000.mp4,2,1573,1,24.0,41.666666666666664,16.774403,0.0,1.590277,308.992676,37.083319,0.0,347.66627200000005,364.44067500000006,True,True,8192.3056640625,14985.205078125,6951.830078125,13166.966796875,12422,9988
offline,ANU-25-summer-14_20260816_140000.mp4,2,1574,1,24.0,41.666666666666664,16.707849,0.0,1.57111,315.882738,42.281921,0.0,359.735769,376.443618,True,True,5714.3447265625,8192.255859375,4967.3203125,7245.3095703125,10867,8932
offline,ANU-25-summer-14_20260816_140000.mp4,2,1575,1,24.0,41.666666666666664,15.613158,0.0,1.708831,309.367485,35.49682,0.0,346.573136,362.186294,True,True,3914.33251953125,14161.955078125,2677.5029296875,11467.2353515625,12323,8695
offline,ANU-25-summer-14_20260816_140000.mp4,2,1576,1,24.0,41.666666666666664,16.930512,0.0,1.591499,315.743925,39.867748,0.0,357.203172,374.133684,True,True,8563.4912109375,9522.5283203125,6967.3310546875,8784.37109375,12346,10276
offline,ANU-25-summer-14_20260816_140000.mp4,2,1577,1,24.0,41.666666666666664,15.146868,0.0,1.636461,308.76503,35.192046,0.0,345.593537,360.740405,True,True,10665.919921875,12303.044921875,7392.4384765625,11503.5625,14096,10846
offline,ANU-25-summer-14_20260816_140000.mp4,2,1578,1,24.0,41.666666666666664,16.327224,0.0,1.653776,316.98804,42.605213,0.0,361.247029,377.574253,True,True,11651.89453125,10689.93359375,9089.5947265625,9254.669921875,15255,11123
offline,ANU-25-summer-14_20260816_140000.mp4,2,1579,1,24.0,41.666666666666664,16.107079,0.0,1.602573,309.227635,38.07477,0.0,348.904978,365.012057,True,True,11188.56640625,8521.14453125,8239.162109375,5414.7978515625,14840,9910
offline,ANU-25-summer-14_20260816_140000.mp4,2,1580,1,24.0,41.666666666666664,16.833606,0.0,1.534333,316.231289,43.015597,0.0,360.781219,377.614825,True,True,9463.3056640625,6945.5126953125,8013.662109375,6431.4013671875,10692,8605
offline,ANU-25-summer-14_20260816_140000.mp4,2,1581,1,24.0,41.666666666666664,15.076536,0.0,1.620277,308.088872,35.536894,0.0,345.246043,360.32257899999996,True,True,10360.4677734375,8985.880859375,7360.76806640625,6467.00927734375,12935,8643
offline,ANU-25-summer-14_20260816_140000.mp4,2,1582,1,24.0,41.666666666666664,16.809606,0.0,1.639479,328.319622,44.220434,0.0,374.179535,390.98914099999996,True,True,9116.642578125,7136.99267578125,6717.5185546875,5929.6220703125,13410,9812
offline,ANU-25-summer-14_20260816_140000.mp4,2,1583,1,24.0,41.666666666666664,15.932525,0.0,1.579703,308.787734,36.552585,0.0,346.920022,362.852547,True,True,7078.84130859375,7819.3310546875,6328.4013671875,6511.42822265625,9745,7577
offline,ANU-25-summer-14_20260816_140000.mp4,2,1584,1,24.0,41.666666666666664,16.625572,0.0,1.567796,315.120471,38.724669,0.0,355.412936,372.038508,True,True,6662.50927734375,10092.47265625,5945.34912109375,9088.70703125,12388,10533
offline,ANU-25-summer-14_20260816_140000.mp4,2,1585,1,24.0,41.666666666666664,15.241181,0.0,1.639906,307.93593,39.8011,0.0,349.376936,364.618117,True,True,5465.470703125,11950.068359375,4891.97119140625,8825.4345703125,12418,9030
offline,ANU-25-summer-14_20260816_140000.mp4,2,1586,1,24.0,41.666666666666664,16.966049,0.0,1.625684,315.851313,39.780323,0.0,357.25732,374.223369,True,True,5043.111328125,6729.97509765625,2994.250732421875,5058.4970703125,10074,6801
offline,ANU-25-summer-14_20260816_140000.mp4,2,1587,1,24.0,41.666666666666664,16.190836,0.0,1.646109,308.23913,37.824902,0.0,347.710141,363.900977,True,True,5473.7294921875,10596.7646484375,4605.9384765625,7108.2060546875,11138,8066
offline,ANU-25-summer-14_20260816_140000.mp4,2,1588,1,24.0,41.666666666666664,16.834681,0.0,1.581665,316.736191,41.719002,0.0,360.036858,376.871539,True,True,7146.525390625,9503.14453125,6302.662109375,7585.03515625,12589,9487
offline,ANU-25-summer-14_20260816_140000.mp4,2,1589,1,24.0,41.666666666666664,15.118813,0.0,1.641388,308.348887,36.296587,0.0,346.286862,361.405675,True,True,4889.1142578125,12313.9365234375,4428.443359375,9892.173828125,11632,8895
offline,ANU-25-summer-14_20260816_140000.mp4,2,1590,1,24.0,41.666666666666664,16.888698,0.0,1.651757,316.365696,40.571276,0.0,358.588729,375.477427,True,True,5383.4951171875,17934.068359375,4023.013427734375,15165.337890625,13623,10170
offline,ANU-25-summer-14_20260816_140000.mp4,2,1591,1,24.0,41.666666666666664,16.09706,0.0,1.657646,308.187779,42.287403,0.0,352.13282799999996,368.22988799999996,True,True,5742.43212890625,12527.4521484375,5203.4814453125,11036.970703125,13056,11044
offline,ANU-25-summer-14_20260816_140000.mp4,2,1592,1,24.0,41.666666666666664,17.306786,0.0,1.699627,315.638501,40.557554,0.0,357.895682,375.202468,True,True,2593.5126953125,13465.0517578125,1661.510498046875,11795.6708984375,10855,8263
offline,ANU-25-summer-14_20260816_140000.mp4,2,1593,1,24.0,41.666666666666664,15.241663,0.0,1.692313,310.9753,38.734188,0.0,351.40180100000003,366.64346400000005,True,True,4180.0419921875,11649.1064453125,3270.43017578125,9840.837890625,10212,7590
offline,ANU-25-summer-14_20260816_140000.mp4,2,1594,1,24.0,41.666666666666664,16.882032,0.0,1.636758,315.854443,38.017677,0.0,355.508878,372.39090999999996,True,True,4038.90283203125,8200.8740234375,2938.0966796875,6187.220703125,9595,6501
offline,ANU-25-summer-14_20260816_140000.mp4,2,1595,1,24.0,41.666666666666664,16.217651,0.0,1.605703,307.235401,34.703182,0.0,343.54428600000006,359.76193700000005,True,True,4301.9765625,8741.2353515625,2300.576171875,6526.0478515625,8830,5453
offline,ANU-25-summer-14_20260816_140000.mp4,2,1596,1,24.0,41.666666666666664,16.867624,0.0,1.63185,315.097657,41.055122,0.0,357.784629,374.652253,True,True,3014.09716796875,12348.3076171875,1715.4949951171875,10217.3623046875,11867,8468
offline,ANU-25-summer-14_20260816_140000.mp4,2,1597,1,24.0,41.666666666666664,15.263403,0.0,1.618442,308.559737,37.76857,0.0,347.946749,363.210152,True,True,5855.23046875,18157.138671875,5472.806640625,15522.5625,13108,10180
offline,ANU-25-summer-14_20260816_140000.mp4,2,1598,1,24.0,41.666666666666664,17.260101,0.0,1.632036,316.285271,40.649126,0.0,358.5664330000001,375.8265340000001,True,True,9785.171875,7844.14306640625,8632.90625,6061.5791015625,10989,8459
offline,ANU-25-summer-14_20260816_140000.mp4,2,1599,1,24.0,41.666666666666664,16.101931,0.0,1.672794,307.705692,39.17633,0.0,348.554816,364.656747,True,True,5849.728515625,14887.052734375,5067.4072265625,13231.3017578125,13243,10928
offline,ANU-25-summer-14_20260816_140000.mp4,2,1600,1,24.0,41.666666666666664,16.997178,0.0,1.702701,320.970547,48.540695,0.0,371.213943,388.211121,True,True,4171.9677734375,13377.9677734375,3470.885009765625,12581.39453125,12273,10570
offline,ANU-25-summer-14_20260816_140000.mp4,2,1601,1,24.0,41.666666666666664,16.570555,0.0,1.825792,316.396084,36.32744,0.0,354.549316,371.119871,True,True,3729.177734375,15226.9091796875,2633.600830078125,14644.3203125,10497,8651
offline,ANU-25-summer-14_20260816_140000.mp4,2,1602,1,24.0,41.666666666666664,16.787385,0.0,1.675498,316.194754,39.487697,0.0,357.35794899999996,374.14533399999993,True,True,7395.42041015625,7884.130859375,6300.78173828125,6831.19384765625,9443,7351
offline,ANU-25-summer-14_20260816_140000.mp4,2,1603,1,24.0,41.666666666666664,16.280613,0.0,1.615906,308.150576,36.966617,0.0,346.733099,363.013712,True,True,8924.546875,5606.376953125,8152.0458984375,3734.90234375,10554,7878
offline,ANU-25-summer-14_20260816_140000.mp4,2,1604,1,24.0,41.666666666666664,16.88805,0.0,1.58598,317.027114,38.549837,0.0,357.16293099999996,374.050981,True,True,7442.4140625,4528.4326171875,5631.91064453125,2632.00244140625,9723,6252
offline,ANU-25-summer-14_20260816_140000.mp4,2,1605,1,24.0,41.666666666666664,15.415291,0.0,1.662535,311.943288,39.786804,0.0,353.392627,368.80791800000003,True,True,14649.58203125,9446.779296875,12871.8271484375,7099.955078125,14123,10699
offline,ANU-25-summer-14_20260816_140000.mp4,2,1606,1,24.0,41.666666666666664,16.974604,0.0,1.614387,323.415313,47.140176,0.0,372.16987600000004,389.14448000000004,True,True,10054.603515625,7026.99658203125,8672.1220703125,5612.5986328125,13535,10646
offline,ANU-25-summer-14_20260816_140000.mp4,2,1607,1,24.0,41.666666666666664,17.050252,0.0,1.649795,312.102361,44.263434,0.0,358.01559,375.065842,True,True,8734.943359375,7340.447265625,7228.0439453125,6000.7314453125,10761,7951
offline,ANU-25-summer-14_20260816_140000.mp4,2,1608,1,24.0,41.666666666666664,19.850199,0.0,1.862365,341.895065,56.682095,0.0,400.439525,420.289724,True,True,10406.0234375,8611.7666015625,7582.8720703125,6861.60107421875,13135,9125
offline,ANU-25-summer-14_20260816_140000.mp4,2,1609,1,24.0,41.666666666666664,17.610874,0.0,7.64696,328.325993,51.559103,0.0,387.53205599999995,405.14293,True,True,6761.2705078125,5835.28857421875,5247.44189453125,4624.05419921875,9909,7310
offline,ANU-25-summer-14_20260816_140000.mp4,2,1610,1,24.0,41.666666666666664,19.233447,0.0,1.352594,348.741352,48.808896,0.0,398.902842,418.13628900000003,True,True,3238.728759765625,6669.6005859375,2937.716796875,4989.68994140625,8114,6314
offline,ANU-25-summer-14_20260816_140000.mp4,2,1611,1,24.0,41.666666666666664,22.386519,0.0,1.606999,328.105274,36.834063,0.0,366.546336,388.932855,True,True,7676.3544921875,8167.5888671875,5389.87890625,5930.88134765625,12085,7611
offline,ANU-25-summer-14_20260816_140000.mp4,2,1612,1,24.0,41.666666666666664,16.946717,0.0,1.305891,342.934813,75.341382,0.0,419.582086,436.528803,True,True,10163.7822265625,7492.24609375,9097.0703125,6122.93701171875,12213,9771
offline,ANU-25-summer-14_20260816_140000.mp4,2,1613,1,24.0,41.666666666666664,35.313711,0.0,5.468284,527.523566,73.537128,0.0,606.528978,641.8426890000001,True,True,4096.20703125,4553.609375,3091.546875,3119.434326171875,7471,4648
offline,ANU-25-summer-14_20260816_140000.mp4,2,1614,1,24.0,41.666666666666664,18.712769,0.0,1.424945,334.413196,49.737848,0.0,385.575989,404.288758,True,True,6686.017578125,6512.826171875,5334.8779296875,4799.3603515625,9937,6961
offline,ANU-25-summer-14_20260816_140000.mp4,2,1615,1,24.0,41.666666666666664,15.076146,0.0,1.561999,312.325247,38.099824,0.0,351.98707,367.063216,True,True,4653.0478515625,8429.75390625,3870.0859375,5969.44189453125,9996,7339
offline,ANU-25-summer-14_20260816_140000.mp4,2,1616,1,24.0,41.666666666666664,16.669682,0.0,1.607665,315.51493,38.033529,0.0,355.156124,371.825806,True,True,4922.74560546875,8816.9228515625,4015.35400390625,7620.5673828125,10588,8543
offline,ANU-25-summer-14_20260816_140000.mp4,2,1617,1,24.0,41.666666666666664,20.501265,0.0,1.606999,311.723625,48.218311,0.0,361.54893500000003,382.0502,True,True,5619.3271484375,7984.91796875,4877.4267578125,4126.19677734375,9664,5857
offline,ANU-25-summer-14_20260816_140000.mp4,2,1618,1,24.0,41.666666666666664,21.891748,0.0,1.987698,348.705871,46.978308,0.0,397.671877,419.563625,True,True,7569.85400390625,4490.0029296875,5863.5576171875,3799.69482421875,8270,6369
offline,ANU-25-summer-14_20260816_140000.mp4,2,1619,1,24.0,41.666666666666664,17.01666,0.0,1.630628,312.735501,38.22436,0.0,352.590489,369.607149,True,True,10266.109375,8102.8828125,9156.052734375,6807.7109375,11584,9112
offline,ANU-25-summer-14_20260816_140000.mp4,2,1620,1,24.0,41.666666666666664,16.746348,0.0,1.32215,314.137707,41.630763,0.0,357.09062,373.836968,True,True,8599.42578125,11218.6806640625,7704.3251953125,9360.9423828125,12180,9606
offline,ANU-25-summer-14_20260816_140000.mp4,2,1621,1,24.0,41.666666666666664,15.373976,0.0,1.390112,307.148404,46.154484,0.0,354.693,370.066976,True,True,11192.4423828125,5884.0546875,8430.650390625,5440.7841796875,11474,8715
offline,ANU-25-summer-14_20260816_140000.mp4,2,1622,1,24.0,41.666666666666664,17.94263,0.0,1.282299,314.996233,44.308229,0.0,360.586761,378.52939100000003,True,True,11287.6669921875,10485.056640625,8616.6123046875,8984.560546875,14761,11318
offline,ANU-25-summer-14_20260816_140000.mp4,2,1623,1,24.0,41.666666666666664,15.682047,0.0,1.690535,308.342371,42.079868,0.0,352.112774,367.794821,True,True,12141.40234375,10130.5625,11184.404296875,9369.6572265625,13121,11352
offline,ANU-25-summer-14_20260816_140000.mp4,2,1624,1,24.0,41.666666666666664,21.806508,0.0,1.590999,319.975023,43.37263,0.0,364.93865200000005,386.74516000000006,True,True,12206.6953125,8582.5673828125,10492.7021484375,8049.2197265625,11714,9782
offline,ANU-25-summer-14_20260816_140000.mp4,2,1625,1,24.0,41.666666666666664,16.109319,0.0,1.456926,307.939542,40.180299,0.0,349.576767,365.68608600000005,True,True,11183.8203125,7334.3330078125,9716.658203125,6230.4833984375,10965,8508
offline,ANU-25-summer-14_20260816_140000.mp4,2,1626,1,24.0,41.666666666666664,18.022462,0.0,1.386854,315.958555,40.898142,0.0,358.243551,376.26601300000004,True,True,5365.814453125,9147.2939453125,5072.470703125,7900.8046875,8513,6673
offline,ANU-25-summer-14_20260816_140000.mp4,2,1627,1,24.0,41.666666666666664,15.192849,0.0,1.387038,308.695515,40.072486,0.0,350.155039,365.347888,True,True,6927.419921875,12327.0654296875,5634.3701171875,11871.5771484375,10995,9495
offline,ANU-25-summer-14_20260816_140000.mp4,2,1628,1,24.0,41.666666666666664,16.995493,0.0,1.423131,319.969282,48.662917,0.0,370.05533,387.05082300000004,True,True,8422.48828125,5865.5673828125,6724.3779296875,4220.486328125,9687,6623
offline,ANU-25-summer-14_20260816_140000.mp4,2,1629,1,24.0,41.666666666666664,21.918192,0.0,2.28999,316.466215,37.08406,0.0,355.840265,377.75845699999996,True,True,8902.4287109375,7311.6025390625,7221.15234375,6124.83984375,10444,7677
offline,ANU-25-summer-14_20260816_140000.mp4,2,1630,1,24.0,41.666666666666664,15.94397,0.0,1.613406,317.063781,38.236823,0.0,356.91401,372.85798,True,True,11268.630859375,2090.358154296875,9912.435546875,711.5855712890625,9897,7003
offline,ANU-25-summer-14_20260816_140000.mp4,2,1631,1,24.0,41.666666666666664,19.48737,0.0,1.515611,308.808606,35.183287,0.0,345.507504,364.994874,True,True,11774.45703125,3822.309326171875,10687.369140625,2109.8818359375,11374,8487
offline,ANU-25-summer-14_20260816_140000.mp4,2,1632,1,24.0,41.666666666666664,17.560172,0.0,1.299169,314.969752,43.878198,0.0,360.14711900000003,377.70729100000005,True,True,10968.01171875,9401.23828125,9883.4833984375,7038.1279296875,14658,11198
offline,ANU-25-summer-14_20260816_140000.mp4,2,1633,1,24.0,41.666666666666664,16.060431,0.0,1.643591,308.276224,35.267249,0.0,345.187064,361.247495,True,True,10374.3076171875,4849.86865234375,8744.0869140625,1426.2979736328125,11469,6940
offline,ANU-25-summer-14_20260816_140000.mp4,2,1634,1,24.0,41.666666666666664,16.970383,0.0,1.553462,315.162991,40.893068,0.0,357.609521,374.579904,True,True,12731.9921875,3219.24267578125,9967.03125,2512.525390625,9937,7079
offline,ANU-25-summer-14_20260816_140000.mp4,2,1635,1,24.0,41.666666666666664,15.388551,0.0,1.642739,309.112621,39.080813,0.0,349.836173,365.224724,True,True,15093.048828125,4078.13671875,13078.3935546875,2650.60400390625,12128,9476
offline,ANU-25-summer-14_20260816_140000.mp4,2,1636,1,24.0,41.666666666666664,16.36376,0.0,3.100147,314.837587,56.957388,0.0,374.89512199999996,391.25888199999997,True,True,7078.142578125,11468.56640625,6135.177734375,8331.751953125,13511,10309
offline,ANU-25-summer-14_20260816_140000.mp4,2,1637,1,24.0,41.666666666666664,15.810675,0.0,1.515555,316.205459,37.961864,0.0,355.682878,371.493553,True,True,9601.392578125,6908.1416015625,6606.2275390625,5774.166015625,10041,6963
offline,ANU-25-summer-14_20260816_140000.mp4,2,1638,1,24.0,41.666666666666664,16.867032,0.0,1.556684,318.23086,45.268144,0.0,365.05568800000003,381.92272,True,True,13326.5703125,9433.6796875,11472.982421875,8629.0771484375,13854,11480
offline,ANU-25-summer-14_20260816_140000.mp4,2,1639,1,24.0,41.666666666666664,15.297755,0.0,1.584665,308.548628,38.846334,0.0,348.979627,364.277382,True,True,11457.0322265625,5306.12841796875,10486.66015625,4342.720703125,11957,9960
offline,ANU-25-summer-14_20260816_140000.mp4,2,1640,1,24.0,41.666666666666664,17.499469,0.0,1.617776,315.176823,42.744249,0.0,359.53884800000003,377.038317,True,True,9188.408203125,10748.474609375,7764.6982421875,7410.8564453125,12797,9054
offline,ANU-25-summer-14_20260816_140000.mp4,2,1641,1,24.0,41.666666666666664,15.880692,0.0,1.721016,307.665676,38.53532,0.0,347.92201200000005,363.80270400000006,True,True,6475.01953125,11312.7548828125,4997.619140625,9270.3798828125,12293,9202
offline,ANU-25-summer-14_20260816_140000.mp4,2,1642,1,24.0,41.666666666666664,17.024771,0.0,1.521852,315.75178,47.089714,0.0,364.36334600000004,381.388117,True,True,10529.1953125,18484.48828125,9100.9365234375,15871.45703125,16907,13466
offline,ANU-25-summer-14_20260816_140000.mp4,2,1643,1,24.0,41.666666666666664,15.111535,0.0,1.565165,309.341414,44.531449,0.0,355.438028,370.549563,True,True,9846.0546875,9373.8984375,8825.31640625,8962.720703125,13660,12106
offline,ANU-25-summer-14_20260816_140000.mp4,2,1644,1,24.0,41.666666666666664,16.859255,0.0,1.565906,314.405259,43.044357,0.0,359.015522,375.874777,True,True,9379.171875,12957.2919921875,7762.4873046875,10217.119140625,15128,11033
offline,ANU-25-summer-14_20260816_140000.mp4,2,1645,1,24.0,41.666666666666664,16.206947,0.0,1.369316,312.99124,38.926055,0.0,353.28661100000005,369.49355800000006,True,True,8147.8330078125,17951.001953125,6341.841796875,17187.484375,13790,11333
offline,ANU-25-summer-14_20260816_140000.mp4,2,1646,1,24.0,41.666666666666664,16.824217,0.0,1.552907,315.724354,39.797156,0.0,357.07441700000004,373.898634,True,True,7629.525390625,14384.625,5516.50146484375,11812.1533203125,11794,7873
offline,ANU-25-summer-14_20260816_140000.mp4,2,1647,1,24.0,41.666666666666664,15.589011,0.0,1.651887,308.08569,36.266292,0.0,346.003869,361.59288000000004,True,True,12377.0361328125,11737.4072265625,10632.0830078125,11096.61328125,13569,11302
offline,ANU-25-summer-14_20260816_140000.mp4,2,1648,1,24.0,41.666666666666664,17.036308,0.0,1.532629,314.177022,41.820001,0.0,357.529652,374.56596,True,True,11982.673828125,17687.07421875,11321.244140625,16225.716796875,15469,13275
offline,ANU-25-summer-14_20260816_140000.mp4,2,1649,1,24.0,41.666666666666664,16.073708,0.0,1.64322,308.63046,41.640707,0.0,351.91438700000003,367.98809500000004,True,True,16431.2421875,13670.53125,14440.7373046875,12909.2744140625,16956,14342
offline,ANU-25-summer-14_20260816_140000.mp4,2,1650,1,24.0,41.666666666666664,17.097381,0.0,1.495593,314.758384,40.067856,0.0,356.32183299999997,373.41921399999995,True,True,13688.3818359375,12705.353515625,11963.103515625,11985.0419921875,13119,11126
offline,ANU-25-summer-14_20260816_140000.mp4,2,1651,1,24.0,41.666666666666664,15.156664,0.0,1.596535,307.823138,37.420926,0.0,346.840599,361.997263,True,True,13439.615234375,8274.484375,12299.041015625,7513.3017578125,14202,11869
offline,ANU-25-summer-14_20260816_140000.mp4,2,1652,1,24.0,41.666666666666664,17.030568,0.0,1.523574,314.244298,37.694682,0.0,353.462554,370.493122,True,True,8273.14453125,7654.91845703125,7801.1513671875,6703.9716796875,10047,8493
offline,ANU-25-summer-14_20260816_140000.mp4,2,1653,1,24.0,41.666666666666664,16.718886,0.0,1.699905,307.761972,36.237089,0.0,345.69896600000004,362.41785200000004,True,True,9558.533203125,7604.9052734375,8560.2216796875,5657.396484375,10633,7896
offline,ANU-25-summer-14_20260816_140000.mp4,2,1654,1,24.0,41.666666666666664,17.515635,0.0,1.589092,314.10806,43.272928,0.0,358.97008,376.48571499999997,True,True,13344.3779296875,5783.02880859375,12531.6181640625,4126.6201171875,11636,8951
offline,ANU-25-summer-14_20260816_140000.mp4,2,1655,1,24.0,41.666666666666664,14.959501,0.0,1.770108,316.949487,42.434086,0.0,361.15368099999995,376.11318199999994,True,True,13922.2587890625,16381.0556640625,11995.4072265625,15813.38671875,15397,13077
offline,ANU-25-summer-14_20260816_140000.mp4,2,1656,1,24.0,41.666666666666664,17.079363,0.0,1.7992,324.567672,40.658516,0.0,367.025388,384.104751,True,True,9967.619140625,11441.3212890625,8299.0341796875,10352.43359375,13187,10184
offline,ANU-25-summer-14_20260816_140000.mp4,2,1657,1,24.0,41.666666666666664,15.566512,0.0,1.703756,308.857662,38.914111,0.0,349.475529,365.042041,True,True,15349.58203125,5324.4990234375,12837.9736328125,3720.652099609375,12785,9250
offline,ANU-25-summer-14_20260816_140000.mp4,2,1658,1,24.0,41.666666666666664,16.80907,0.0,1.58711,314.855532,40.096893,0.0,356.539535,373.348605,True,True,13063.77734375,9964.857421875,11671.291015625,8509.2080078125,13216,10298
offline,ANU-25-summer-14_20260816_140000.mp4,2,1659,1,24.0,41.666666666666664,15.419642,0.0,1.696387,308.345872,40.542443,0.0,350.584702,366.004344,True,True,15885.775390625,8633.94140625,12235.27734375,7361.9560546875,15618,11260
offline,ANU-25-summer-14_20260816_140000.mp4,2,1660,1,24.0,41.666666666666664,16.820237,0.0,1.603757,315.196991,43.452685,0.0,360.253433,377.07367,True,True,19778.603515625,9267.77734375,17953.435546875,8623.783203125,15441,13125
offline,ANU-25-summer-14_20260816_140000.mp4,2,1661,1,24.0,41.666666666666664,16.071579,0.0,1.657961,308.274577,38.076214,0.0,348.008752,364.080331,True,True,23036.87109375,3024.461181640625,21986.474609375,1902.592041015625,13549,11690
offline,ANU-25-summer-14_20260816_140000.mp4,2,1662,1,24.0,41.666666666666664,17.015419,0.0,1.552406,314.975401,43.86242,0.0,360.390227,377.405646,True,True,17076.66796875,3928.480224609375,14182.0126953125,3409.841796875,12912,10161
offline,ANU-25-summer-14_20260816_140000.mp4,2,1663,1,24.0,41.666666666666664,14.853854,0.0,1.643831,308.999697,41.964166,0.0,352.607694,367.461548,True,True,14861.76953125,7627.181640625,12445.3916015625,5881.2392578125,15041,11600
offline,ANU-25-summer-14_20260816_140000.mp4,2,1664,1,24.0,41.666666666666664,16.862254,0.0,1.658683,315.925168,43.236076,0.0,360.819927,377.682181,True,True,10939.33203125,6681.119140625,9768.439453125,6126.92822265625,10694,8979
offline,ANU-25-summer-14_20260816_140000.mp4,2,1665,1,24.0,41.666666666666664,16.013265,0.0,1.662646,307.674436,47.499987,0.0,356.837069,372.850334,True,True,10992.53515625,14022.265625,10017.65234375,11922.1328125,15990,13327
offline,ANU-25-summer-14_20260816_140000.mp4,2,1666,1,24.0,41.666666666666664,17.211751,0.0,1.611462,315.60056,49.716885,0.0,366.928907,384.140658,True,True,18465.21484375,12023.35546875,15935.251953125,9546.283203125,19248,15002
offline,ANU-25-summer-14_20260816_140000.mp4,2,1667,1,24.0,41.666666666666664,15.595585,0.0,1.694072,307.492568,38.297712,0.0,347.484352,363.079937,True,True,9558.873046875,4568.982421875,8531.8701171875,3882.587890625,11534,9418
offline,ANU-25-summer-14_20260816_140000.mp4,2,1668,1,24.0,41.666666666666664,17.200991,0.0,1.550555,314.327502,43.173318,0.0,359.05137499999995,376.25236599999994,True,True,9396.251953125,5584.1552734375,8769.525390625,4214.73193359375,10923,8853
offline,ANU-25-summer-14_20260816_140000.mp4,2,1669,1,24.0,41.666666666666664,16.124801,0.0,1.646516,307.073851,37.906809,0.0,346.627176,362.751977,True,True,9826.98828125,4300.71875,6134.84033203125,3465.50830078125,10870,7127
offline,ANU-25-summer-14_20260816_140000.mp4,2,1670,1,24.0,41.666666666666664,16.958975,0.0,1.604647,315.951797,45.605751,0.0,363.162195,380.12117,True,True,14461.0771484375,6712.388671875,13507.193359375,5173.27392578125,14056,11622
offline,ANU-25-summer-14_20260816_140000.mp4,2,1671,1,24.0,41.666666666666664,15.595011,0.0,1.659072,307.898378,40.638367,0.0,350.195817,365.790828,True,True,9335.5849609375,11080.07421875,8061.43701171875,9728.8857421875,12850,10201
offline,ANU-25-summer-14_20260816_140000.mp4,2,1672,1,24.0,41.666666666666664,16.756811,0.0,1.542018,314.359632,43.251909,0.0,359.153559,375.91036999999994,True,True,9572.43359375,7632.58154296875,7329.701171875,5366.61328125,11903,8029
offline,ANU-25-summer-14_20260816_140000.mp4,2,1673,1,24.0,41.666666666666664,15.786119,0.0,1.279595,307.696214,40.296576,0.0,349.272385,365.05850399999997,True,True,9465.58984375,11454.6279296875,8538.8271484375,9443.544921875,12121,9565
offline,ANU-25-summer-14_20260816_140000.mp4,2,1674,1,24.0,41.666666666666664,16.871421,0.0,1.551944,321.84728,45.549622,0.0,368.948846,385.820267,True,True,8303.0712890625,6396.0380859375,7275.853515625,6008.54736328125,10132,8617
offline,ANU-25-summer-14_20260816_140000.mp4,2,1675,1,24.0,41.666666666666664,15.240571,0.0,1.519148,318.031086,38.066177,0.0,357.61641099999997,372.85698199999996,True,True,6124.0927734375,8081.0771484375,5290.8876953125,5809.7138671875,11210,8784
offline,ANU-25-summer-14_20260816_140000.mp4,2,1676,1,24.0,41.666666666666664,16.968716,0.0,1.496223,314.719331,43.017524,0.0,359.233078,376.20179399999995,True,True,8262.259765625,9248.2939453125,5549.189453125,8189.0908203125,13457,9895
offline,ANU-25-summer-14_20260816_140000.mp4,2,1677,1,24.0,41.666666666666664,15.546252,0.0,1.697535,309.052179,43.196299,0.0,353.94601300000005,369.49226500000003,True,True,6311.57763671875,13986.93359375,4967.08349609375,11142.9501953125,14496,11078
offline,ANU-25-summer-14_20260816_140000.mp4,2,1678,1,24.0,41.666666666666664,17.187306,0.0,1.60874,315.092123,42.424328,0.0,359.12519100000003,376.312497,True,True,4032.60693359375,15374.99609375,2926.617919921875,13488.388671875,13192,10274
offline,ANU-25-summer-14_20260816_140000.mp4,2,1679,1,24.0,41.666666666666664,15.68588,0.0,1.247577,307.77025,35.181435,0.0,344.199262,359.885142,True,True,6313.36962890625,13372.978515625,2412.13720703125,12529.390625,12334,7889
offline,ANU-25-summer-14_20260816_140000.mp4,2,1680,1,24.0,41.666666666666664,16.899939,0.0,1.582073,315.345916,41.3531,0.0,358.28108899999995,375.18102799999997,True,True,8267.544921875,9251.59375,7079.7080078125,7906.9365234375,11698,9264
offline,ANU-25-summer-14_20260816_140000.mp4,2,1681,1,24.0,41.666666666666664,15.831045,0.0,1.589443,307.908915,42.893025,0.0,352.391383,368.22242800000004,True,True,10804.720703125,12297.7607421875,9339.9326171875,10626.701171875,14827,12185
offline,ANU-25-summer-14_20260816_140000.mp4,2,1682,1,24.0,41.666666666666664,17.230472,0.0,1.585814,315.115567,41.37847,0.0,358.079851,375.31032300000004,True,True,10001.9443359375,10291.537109375,8656.1279296875,9244.17578125,12106,9696
offline,ANU-25-summer-14_20260816_140000.mp4,2,1683,1,24.0,41.666666666666664,15.297533,0.0,1.579758,307.377144,32.602153,0.0,341.559055,356.856588,True,True,6588.7587890625,5384.912109375,6280.56591796875,2985.578857421875,8643,6175
offline,ANU-25-summer-14_20260816_140000.mp4,2,1684,1,24.0,41.666666666666664,16.784533,0.0,1.597054,315.910964,41.577541,0.0,359.085559,375.870092,True,True,13166.8359375,9504.1728515625,10634.125,6622.20703125,14086,9574
offline,ANU-25-summer-14_20260816_140000.mp4,2,1685,1,24.0,41.666666666666664,15.764601,0.0,1.566462,308.790923,37.93279,0.0,348.29017500000003,364.05477600000006,True,True,16588.046875,14206.564453125,14463.80078125,12877.6796875,15919,12459
offline,ANU-25-summer-14_20260816_140000.mp4,2,1686,1,24.0,41.666666666666664,18.00974,0.0,1.538388,315.761929,39.687991,0.0,356.988308,374.99804800000004,True,True,10967.615234375,7295.9169921875,9825.958984375,5938.64794921875,11644,9241
offline,ANU-25-summer-14_20260816_140000.mp4,2,1687,1,24.0,41.666666666666664,14.941297,0.0,1.620314,309.097475,38.048696,0.0,348.766485,363.707782,True,True,26941.3046875,4460.6298828125,24670.115234375,3839.047119140625,13404,10924
offline,ANU-25-summer-14_20260816_140000.mp4,2,1688,1,24.0,41.666666666666664,17.075344,0.0,1.514796,314.997754,37.866088,0.0,354.37863799999997,371.453982,True,True,6269.8642578125,9419.875,4644.0361328125,8685.13671875,9318,6845
offline,ANU-25-summer-14_20260816_140000.mp4,2,1689,1,24.0,41.666666666666664,16.062783,0.0,1.570536,307.958582,32.974333,0.0,342.503451,358.566234,True,True,11793.1728515625,5907.4169921875,8770.505859375,4385.73193359375,10089,6641
offline,ANU-25-summer-14_20260816_140000.mp4,2,1690,1,24.0,41.666666666666664,17.069696,0.0,1.526018,315.941372,42.113702,0.0,359.581092,376.65078800000003,True,True,15917.2802734375,8553.666015625,14091.4814453125,5593.87255859375,13366,9388
offline,ANU-25-summer-14_20260816_140000.mp4,2,1691,1,24.0,41.666666666666664,15.256293,0.0,1.662887,308.390947,39.098628,0.0,349.152462,364.40875500000004,True,True,9764.01171875,10250.9921875,7948.69384765625,8728.7265625,12596,9308
offline,ANU-25-summer-14_20260816_140000.mp4,2,1692,1,24.0,41.666666666666664,16.783015,0.0,1.625535,315.169492,39.63864,0.0,356.433667,373.216682,True,True,14281.69140625,9972.478515625,11621.0791015625,6985.76318359375,14514,10008
offline,ANU-25-summer-14_20260816_140000.mp4,2,1693,1,24.0,41.666666666666664,16.021172,0.0,1.608536,315.53584,54.752268,0.0,371.89664400000004,387.917816,True,True,13768.720703125,5173.04248046875,12945.935546875,3017.364501953125,12723,9619
offline,ANU-25-summer-14_20260816_140000.mp4,2,1694,1,24.0,41.666666666666664,27.466327,0.0,1.539277,317.091561,41.658189,0.0,360.28902700000003,387.755354,True,True,20803.244140625,7995.79736328125,18777.44921875,5011.787109375,16283,11947
offline,ANU-25-summer-14_20260816_140000.mp4,2,1695,1,24.0,41.666666666666664,15.54703,0.0,1.589684,308.165283,40.477962,0.0,350.23292899999996,365.77995899999996,True,True,12545.4892578125,8315.5693359375,10095.001953125,6594.421875,14022,11065
offline,ANU-25-summer-14_20260816_140000.mp4,2,1696,1,24.0,41.666666666666664,17.002049,0.0,1.548573,315.34112,42.295477,0.0,359.18516999999997,376.18721899999997,True,True,14376.685546875,12254.791015625,13585.689453125,10734.6953125,12228,9855
offline,ANU-25-summer-14_20260816_140000.mp4,2,1697,1,24.0,41.666666666666664,15.946154,0.0,1.622369,308.680351,40.65396,0.0,350.95667999999995,366.9028339999999,True,True,8985.0693359375,10443.349609375,8035.9677734375,8761.666015625,12367,9922
offline,ANU-25-summer-14_20260816_140000.mp4,2,1698,1,24.0,41.666666666666664,17.151474,0.0,1.614721,315.065791,43.321428,0.0,360.00194,377.153414,True,True,20672.53515625,10886.5283203125,19410.04296875,7505.1513671875,15994,12262
offline,ANU-25-summer-14_20260816_140000.mp4,2,1699,1,24.0,41.666666666666664,15.572696,0.0,1.693887,307.535328,35.446728,0.0,344.675943,360.248639,True,True,18705.326171875,6574.6015625,16294.93359375,5616.947265625,14002,10835
offline,ANU-25-summer-14_20260816_140000.mp4,2,1700,1,24.0,41.666666666666664,16.329058,0.0,1.664183,316.37233,41.696355,0.0,359.73286799999994,376.0619259999999,True,True,13186.3251953125,18188.7109375,11567.015625,16097.642578125,16257,13561
offline,ANU-25-summer-14_20260816_140000.mp4,2,1701,1,24.0,41.666666666666664,16.054986,0.0,1.56261,307.522291,36.159423,0.0,345.244324,361.29931,True,True,9042.33984375,9558.103515625,8738.119140625,8076.0703125,9952,7968
offline,ANU-25-summer-14_20260816_140000.mp4,2,1702,1,24.0,41.666666666666664,16.726071,0.0,1.582906,315.801393,40.101208,0.0,357.485507,374.211578,True,True,13210.865234375,19566.998046875,11864.9775390625,16773.79296875,15687,12263
offline,ANU-25-summer-14_20260816_140000.mp4,2,1703,1,24.0,41.666666666666664,15.152276,0.0,1.694794,308.102729,36.944673,0.0,346.74219600000004,361.89447200000006,True,True,4615.861328125,7954.4619140625,3048.19970703125,6410.0380859375,10836,7725
offline,ANU-25-summer-14_20260816_140000.mp4,2,1704,1,24.0,41.666666666666664,17.021289,0.0,1.570443,314.702332,44.683577,0.0,360.95635200000004,377.97764100000006,True,True,11564.62890625,9739.1455078125,10460.197265625,8236.2421875,13254,10552
offline,ANU-25-summer-14_20260816_140000.mp4,2,1705,1,24.0,41.666666666666664,16.070431,0.0,1.666849,308.42078,39.176479,0.0,349.26410799999996,365.33453899999995,True,True,18813.546875,10224.8564453125,16398.30078125,8025.9228515625,15532,11626
offline,ANU-25-summer-14_20260816_140000.mp4,2,1706,1,24.0,41.666666666666664,17.093697,0.0,1.682034,314.788943,44.016067,0.0,360.487044,377.58074100000005,True,True,16455.4296875,8768.841796875,13470.341796875,8247.56640625,12915,10686
offline,ANU-25-summer-14_20260816_140000.mp4,2,1707,1,24.0,41.666666666666664,15.508142,0.0,1.634776,307.149648,37.065856,0.0,345.85028,361.358422,True,True,7731.55078125,8477.90625,5988.5068359375,6989.662109375,11368,8506
offline,ANU-25-summer-14_20260816_140000.mp4,2,1708,1,24.0,41.666666666666664,16.369686,0.0,1.55511,314.377928,40.541425,0.0,356.474463,372.844149,True,True,7127.9423828125,11873.15625,6481.9892578125,8740.4736328125,11897,8629
offline,ANU-25-summer-14_20260816_140000.mp4,2,1709,1,24.0,41.666666666666664,15.139739,0.0,1.611128,307.600438,36.950395,0.0,346.161961,361.30170000000004,True,True,7965.77685546875,11713.005859375,5484.8056640625,10854.12109375,12627,9798
offline,ANU-25-summer-14_20260816_140000.mp4,2,1710,1,24.0,41.666666666666664,16.976734,0.0,1.687386,314.286375,40.687738,0.0,356.66149900000005,373.63823300000007,True,True,9043.00390625,8224.3857421875,6090.89599609375,6542.26513671875,11882,8199
offline,ANU-25-summer-14_20260816_140000.mp4,2,1711,1,24.0,41.666666666666664,15.722528,0.0,1.698349,307.929435,40.591091,0.0,350.218875,365.94140300000004,True,True,13785.8623046875,9948.310546875,13475.431640625,6846.65673828125,13529,10250
offline,ANU-25-summer-14_20260816_140000.mp4,2,1712,1,24.0,41.666666666666664,17.200269,0.0,1.624183,327.141271,45.544623,0.0,374.31007700000004,391.510346,True,True,9862.921875,9362.064453125,9195.771484375,8459.6142578125,12896,10880
offline,ANU-25-summer-14_20260816_140000.mp4,2,1713,1,24.0,41.666666666666664,15.290441,0.0,1.29504,308.550187,34.57485,0.0,344.420077,359.710518,True,True,8216.54296875,7561.2060546875,6267.6533203125,6567.8603515625,10165,7955
offline,ANU-25-summer-14_20260816_140000.mp4,2,1714,1,24.0,41.666666666666664,17.009827,0.0,1.671628,314.566334,37.022097,0.0,353.26005899999996,370.26988599999993,True,True,14523.7685546875,4346.54443359375,12669.376953125,3212.1103515625,10238,7402
offline,ANU-25-summer-14_20260816_140000.mp4,2,1715,1,24.0,41.666666666666664,15.695954,0.0,1.688534,307.7374,36.164831,0.0,345.590765,361.28671899999995,True,True,16473.765625,6662.2802734375,14271.93359375,5964.7373046875,11801,8977
offline,ANU-25-summer-14_20260816_140000.mp4,2,1716,1,24.0,41.666666666666664,17.163603,0.0,1.709368,314.985607,40.766885,0.0,357.46186,374.625463,True,True,15780.44140625,7504.619140625,13439.234375,6449.79248046875,13209,9733
offline,ANU-25-summer-14_20260816_140000.mp4,2,1717,1,24.0,41.666666666666664,15.578734,0.0,1.684553,307.27835,36.607918,0.0,345.57082099999997,361.14955499999996,True,True,9529.716796875,7719.771484375,7201.947265625,5206.32958984375,12517,7424
offline,ANU-25-summer-14_20260816_140000.mp4,2,1718,1,24.0,41.666666666666664,17.319563,0.0,1.644553,315.454934,41.472451,0.0,358.57193799999993,375.89150099999995,True,True,10155.634765625,8493.1298828125,7700.25390625,6978.0107421875,13039,9775
offline,ANU-25-summer-14_20260816_140000.mp4,2,1719,1,24.0,41.666666666666664,16.135319,0.0,1.634461,309.275437,38.528728,0.0,349.438626,365.573945,True,True,16205.7265625,7517.04443359375,15258.1875,3940.083251953125,12370,8711
offline,ANU-25-summer-14_20260816_140000.mp4,2,1720,1,24.0,41.666666666666664,17.011864,0.0,1.600888,314.740443,44.28299,0.0,360.624321,377.636185,True,True,10623.4248046875,11272.3984375,8077.7802734375,9767.3134765625,14284,10606
offline,ANU-25-summer-14_20260816_140000.mp4,2,1721,1,24.0,41.666666666666664,15.353718,0.0,1.676424,308.187802,38.388692,0.0,348.25291799999997,363.606636,True,True,9814.763671875,13156.76171875,8184.88671875,12398.70703125,12283,9638
offline,ANU-25-summer-14_20260816_140000.mp4,2,1722,1,24.0,41.666666666666664,16.968568,0.0,1.703497,314.579297,43.180263,0.0,359.46305700000005,376.43162500000005,True,True,6881.2470703125,11376.1875,4528.70458984375,9227.91796875,13410,9574
offline,ANU-25-summer-14_20260816_140000.mp4,2,1723,1,24.0,41.666666666666664,15.968154,0.0,1.649017,307.568402,39.017777,0.0,348.23519600000003,364.20335000000006,True,True,11203.951171875,7836.51318359375,10010.7109375,6922.357421875,11271,9377
offline,ANU-25-summer-14_20260816_140000.mp4,2,1724,1,24.0,41.666666666666664,17.211454,0.0,1.602406,314.998052,40.844459,0.0,357.4449169999999,374.6563709999999,True,True,7746.47998046875,5738.45556640625,5165.46630859375,4202.140625,10240,6343
offline,ANU-25-summer-14_20260816_140000.mp4,2,1725,1,24.0,41.666666666666664,14.981315,0.0,1.597313,308.432522,39.781064,0.0,349.810899,364.792214,True,True,13378.1337890625,11784.0224609375,11861.158203125,9804.515625,14593,11549
offline,ANU-25-summer-14_20260816_140000.mp4,2,1726,1,24.0,41.666666666666664,17.108659,0.0,1.57848,315.403343,42.95258,0.0,359.93440300000003,377.043062,True,True,7687.818359375,9763.958984375,5810.4951171875,8366.6513671875,12962,9715
offline,ANU-25-summer-14_20260816_140000.mp4,2,1727,1,24.0,41.666666666666664,16.162004,0.0,1.675683,308.251172,38.0434,0.0,347.970255,364.13225900000003,True,True,8826.55859375,8277.4697265625,7643.38916015625,6543.3564453125,11090,8359
offline,ANU-25-summer-14_20260816_140000.mp4,2,1728,1,24.0,41.666666666666664,17.436266,0.0,1.52724,314.572093,44.058344,0.0,360.157677,377.59394299999997,True,True,14629.51953125,5487.31884765625,11863.8076171875,4331.080078125,14784,11316
offline,ANU-25-summer-14_20260816_140000.mp4,2,1729,1,24.0,41.666666666666664,15.17872,0.0,1.674294,307.479349,38.962111,0.0,348.115754,363.294474,True,True,13512.7314453125,6644.5908203125,12336.46484375,5209.931640625,13306,10441
offline,ANU-25-summer-14_20260816_140000.mp4,2,1730,1,24.0,41.666666666666664,17.161843,0.0,1.569277,319.975194,51.843526,0.0,373.387997,390.54983999999996,True,True,5701.9248046875,11048.5830078125,4809.3896484375,8988.4951171875,11154,8022
offline,ANU-25-summer-14_20260816_140000.mp4,2,1731,1,24.0,41.666666666666664,16.727108,0.0,1.796107,316.188037,37.746496,0.0,355.73064,372.457748,True,True,6707.64404296875,11907.4248046875,6054.53515625,9312.0439453125,11136,8831
offline,ANU-25-summer-14_20260816_140000.mp4,2,1732,1,24.0,41.666666666666664,17.304508,0.0,1.664221,315.48299,38.740021,0.0,355.887232,373.19174,True,True,5160.74462890625,8766.30859375,3805.627197265625,7586.333984375,9985,7591
offline,ANU-25-summer-14_20260816_140000.mp4,2,1733,1,24.0,41.666666666666664,15.451438,0.0,1.673553,308.592335,39.628436,0.0,349.89432400000004,365.34576200000004,True,True,9462.68359375,7150.693359375,8067.2646484375,6098.3662109375,11889,9252
offline,ANU-25-summer-14_20260816_140000.mp4,2,1734,1,24.0,41.666666666666664,16.268299,0.0,1.569629,317.013341,38.943519,0.0,357.526489,373.79478800000004,True,True,8320.419921875,8946.52734375,5692.72314453125,5866.71142578125,11394,7412
offline,ANU-25-summer-14_20260816_140000.mp4,2,1735,1,24.0,41.666666666666664,15.302367,0.0,1.785867,310.2435,36.019777,0.0,348.04914399999996,363.35151099999996,True,True,5974.56201171875,8563.6787109375,4211.7626953125,7527.435546875,9776,6755
offline,ANU-25-summer-14_20260816_140000.mp4,2,1736,1,24.0,41.666666666666664,16.955124,0.0,1.604462,315.886819,42.07861,0.0,359.569891,376.525015,True,True,8807.9658203125,7802.154296875,6478.90087890625,6812.375,12203,9195
offline,ANU-25-summer-14_20260816_140000.mp4,2,1737,1,24.0,41.666666666666664,16.08595,0.0,1.650424,307.943657,39.147868,0.0,348.741949,364.827899,True,True,15051.26171875,7027.1162109375,11575.857421875,5829.751953125,13349,9495
offline,ANU-25-summer-14_20260816_140000.mp4,2,1738,1,24.0,41.666666666666664,16.710405,0.0,1.619684,316.348276,45.102276,0.0,363.070236,379.780641,True,True,11328.0703125,13901.490234375,8884.556640625,11299.658203125,16073,11547
offline,ANU-25-summer-14_20260816_140000.mp4,2,1739,1,24.0,41.666666666666664,15.951821,0.0,1.619332,308.037008,38.812002,0.0,348.468342,364.420163,True,True,9649.9462890625,12587.37890625,8324.076171875,11774.283203125,13661,11524
